channel_username,channel_title,channel_subscribers,post_id,post_date,post_time,post_datetime,scraped_at,is_scheduled,has_poll,has_media,text,text_length,media_type,links_count_entities,has_links_entities,links_from_entities,views,forwards,total_reactions,reaction_☃,reaction_⚡,reaction_✍,reaction_🆒,reaction_🎄,reaction_🎅,reaction_🎉,reaction_🏆,reaction_🐳,reaction_👌,reaction_👍,reaction_👏,reaction_👨‍💻,reaction_👾,reaction_💯,reaction_🔥,reaction_😍,reaction_😎,reaction_🤓,reaction_🤔,reaction_🤩,reaction_🦄,reaction_❤️
Education_Yandex,Яндекс Образование,36000,2082,2025-11-28,14:07:50,2025-11-28 14:07:50+00:00,2025-12-01 02:50:12.944524,False,False,True,"**Продолжается приём заявок на участие в акселераторе Яндекса** **❤️**** ** В [недавнем посте](https://t.me/Education_Yandex/2052) мы уже рассказывали подробности отбора и самой программы. А сейчас хотим напомнить, кому мы рекомендуем принять участие. Если кратко, то всем, кто, так же как и мы, привержен __культуре изобретательства__. А именно: ➡️ студентам, аспирантам, исследователям или предпринимателям, которые хотят сделать из своей технологии продукт ➡️ командам от 2 человек, открытым к обратной связи ➡️ смелым экспериментаторам, готовым к выводу своей идеи в бизнес-среду **Узнали себя? **Тогда присоединяйтесь к программе и развивайте свои проекты в экосистеме Яндекса плечом плечу с теми, кто с нуля строил Такси, Лавку и Самокаты. Форматы возможного развития проектов в экосистеме «Яндекса» будут обсуждаться индивидуально с каждой командой. Эксперты оценят зрелость проектов, а также учтут их соответствие стратегическим приоритетам компании. Так что если вы работаете с ИИ, робототехникой или другими DeepTech-направлениями и хотите, чтобы ваши идеи выходили за пределы презентаций, то это ваш шанс! #️⃣ Все подробности вы найдёте [**на сайте акселератора**.](https://yandex.ru/aistartup?utm_source=tg&utm_medium=internal&utm_campaign=accelerator2025&utm_content=26.11) Дедлайн подачи заявок — 30 декабря.",1322,document,2,True,"['https://yandex.ru/aistartup?utm_source=tg&utm_medium=internal&utm_campaign=accelerator2025&utm_content=26.11', 'https://t.me/Education_Yandex/2052']",4313,33,28,,6.0,,,,,,,,,2.0,,,,,8.0,,,,,,,12.0
Education_Yandex,Яндекс Образование,36000,2080,2025-11-27,10:00:00,2025-11-27 10:00:00+00:00,2025-12-01 02:50:12.946352,True,False,True,"**Святочный бал Y&&Y ****❤️**** ** Алохомора! 10 декабря Young&&Yandex традиционно проведёт большой зимний праздник для всех, кто помогал создавать крутые проекты в 2025 году. На один вечер офис Яндекса станет вселенной Гарри Поттера: ⏺️волшебная атмосфера и живая музыка ⏺️сливочное пиво, пастуший пирог и, конечно, шоколадные лягушки ⏺️неформальный нетворкинг в заснеженном дворе, стилизованном под Косой переулок В этот раз двери будут открыты не только для наших стажёров и коллег, но и для вас, дорогие подписчики! **Разыгрываем 30 приглашений:** 1️⃣Подпишитесь на канал [Young&&Yandex](http://t.me/Young_and_Yandex) 2️⃣Заполните [заявку](https://yandex.ru/yaintern/svyatochnyy-bal?utm_source=telegram&utm_medium=internal&utm_campaign=svyatochnyy&utm_term=26.11YY) на участие до 2 декабря 23:59 мск 3️⃣Ждите результатов — 3 декабря с помощью рандомайзера мы выберем победителей и отправим приглашения *️⃣Анкеты принимаем только от участников старше 18 лет. Гостей из других городов ждёт тёплый приём — Яндекс оплатит проезд и разместит в Айтиобщаге. До встречи на самом магическом мероприятии этого года 💕",1110,photo,2,True,"['https://yandex.ru/yaintern/svyatochnyy-bal?utm_source=telegram&utm_medium=internal&utm_campaign=svyatochnyy&utm_term=26.11YY', 'http://t.me/Young_and_Yandex']",6513,78,72,,6.0,,1.0,,,,,,,,,,,,36.0,,,,1.0,,,28.0
Education_Yandex,Яндекс Образование,36000,2079,2025-11-25,16:38:35,2025-11-25 16:38:35+00:00,2025-12-01 02:50:12.946352,False,False,True,"Недавно блогер Илья Exile [поднял](https://t.me/exilemusic13/2521) насущную тему: можно ли прожить хотя бы один день без математики? Нам откликнулось! Мы-то в Яндекс Образовании точно знаем, что математика — это база всего самого современного и технологичного. Поэтому наша команда решила вписаться и сделать из этого челлендж. ➡️ **Кто в нём участвует?** Противники Ильи и математики — три известных российских стримера Парадеевич, Раговский и Горилла. Да, это они думают, что логарифмы не встречаются в реальной жизни... ➡️ **Что им** **надо сделать? **Прожить всего один день без математики и выполнить всего одно задание от нас. На ошибку есть всего три шанса! Чтобы всё было честно, играем 3 на 3. К Илье присоединятся создатели проекта «Шизмат» Ильяс Зморка и SHIZ. ↪️**Посмотреть на противостояние можно будет **[**на нашем твиче**](https://www.twitch.tv/yandex_education/schedule?seriesID=16d01c78-4327-495b-88ca-a25a9997b90f?utm_source=twitch&utm_medium=social&utm_campaign=mathday2025&utm_content=ye)** 28 ноября в 19:00**↩️ Ждём всех на стриме! Особенно тех, кто убеждён, что математика не может пригодится в реальной жизни ❤️",1137,document,2,True,"['https://t.me/exilemusic13/2521', 'https://www.twitch.tv/yandex_education/schedule?seriesID=16d01c78-4327-495b-88ca-a25a9997b90f?utm_source=twitch&utm_medium=social&utm_campaign=mathday2025&utm_content=ye']",596611,918,1212,,552.0,,,,,,8.0,5.0,,13.0,,,,,19.0,310.0,,17.0,11.0,,26.0,257.0
Education_Yandex,Яндекс Образование,36000,2078,2025-11-25,15:41:12,2025-11-25 15:41:12+00:00,2025-12-01 02:50:12.947500,False,False,True,"**Яндекс запустил новый «Урок цифры»** 👉 ** ** В прошлом году мы рассказывали, как алгоритмы и машинное обучение помогают людям и машинам перемещаться по городу. В этом году темой урока станет эволюция нейросетей и цифровая безопасность. Разберём, как ИИ-ассистенты менялись с развитием технологий и учились понимать запросы, а ещё научимся отличать дипфейки от реальных материалов. Внутри урока участников ждёт турнир: нужно будет тестировать и прокачивать ИИ-помощника при помощи заданий в тренажёре, а наставником выступит Алиса AI. 🤭 🤭 **Кому будет интересно?** 🤭 Школьникам: ⏺️три уровня сложности: 1-4, 5-9, 10-11 классы ⏺️внутри видеолекция и интерактивный тренажёр ⏺️после прохождения выдаётся сертификат Преподавателям: ⏺️объясняем основы ИИ: языковые модели, мультимодальность, RAG ⏺️прилагаются методические материалы и рабочие листы для проведения урока онлайн и офлайн ⏺️всё, чтобы развивать у школьников цифровую грамотность и навыки безопасного общения с ИИ Родителям: ⏺️можно пройти урок вместе с ребёнком ⏺️доступен интерактивный тренажёр ⏺️урок помогает научиться безопасно и осознанно использовать ИИ в учёбе 💡💡🎹 [**ПРОЙТИ УРОК**](https://урокцифры.рф/lessons/ai-evolution?utm_source=tg&utm_medium=internal&utm_campaign=u%D1%812025&utm_content=25.11) 🎹 Материалы доступны для скачивания и прохождения без интернет-подключения. Урок проходит с 24 ноября до 14 декабря.",1386,photo,1,True,['https://урокцифры.рф/lessons/ai-evolution?utm_source=tg&utm_medium=internal&utm_campaign=u%D1%812025&utm_content=25.11'],71390,55,41,,,,,,,,,,,5.0,,1.0,,,7.0,,,2.0,2.0,,,24.0
Education_Yandex,Яндекс Образование,36000,2073,2025-11-24,17:27:42,2025-11-24 17:27:42+00:00,2025-12-01 02:50:12.947500,False,False,True,"**Команда Яндекса вошла в топ-3 в четвертьфинале** **ICPC** ⚡️ Вчера в Сколково прошёл четвертьфинал легендарной олимпиады по программированию. Обычно в ней участвуют студенты техвузов, которые весь год специально готовятся и решают сложные задачи. Но в этот раз участие открыли и для корпораций — и Яндексоиды, конечно, не прошли мимо! От нас вышло четыре команды. Одна из них, с говорящим названием «ГГГ», отправила финальную задачу за 10 секунд до конца соревнования и… **заняла третье призовое место**! 💘 Обнимаем всех участников — вы настоящие укротители алгоритмов. Накидайте им 🏆 в реакциях!",598,photo,0,False,[],13567,50,227,,,,,,,19.0,164.0,,,1.0,,,,,5.0,,,,,,,69.0
Education_Yandex,Яндекс Образование,36000,2072,2025-11-21,13:38:44,2025-11-21 13:38:44+00:00,2025-12-01 02:50:12.948503,False,False,True,"**Сегодня Всемирный день телевидения! ** И даже не говорите, что совсем не смотрите — статистику не обманешь. По [данным](https://tass.ru/obschestvo/22562007) Mediascope, 97% россиян смотрят телевизор хотя бы минуту в месяц. А раз так, предлагаем пробежаться по истории теле-технологий и понять, как от странных дисков мы дошли до наших умных устройств: 🎨**🎨****🎨**** ****🎨****🎨****🎨****Эра механического ТВ** 🎨🎨🎨 Началось всё с __диска Нипкова__. Это был диск с отверстиями, через которые изображение «снималось» по строкам. Диск крутился, свет через отверстия по очереди попадал на фотоэлемент и создавал поток электрических импульсов. Картинка была крошечная, около 30 строк, и чёрно-белая. 🎨🎨🎨 🎨🎨🎨** Иконоскоп и трубка** 🎨🎨🎨 В 1920-х случился переход от механики к электронике. Появился __иконоскоп__ — первая электронная камера. Она работала так: изображение попадало на пластину, покрытую светочувствительными точками. Они накапливали заряд в зависимости от яркости света. Затем внутри трубки электронный луч проходил по ним по порядку — строка за строкой — и «считывал» их. У зрителя тоже стояла электронно-лучевая трубка — предок __кинескопов__. Там луч быстро бегал по экрану по тем же строкам, зажигая люминофор. Чтобы передающая и приёмная трубки работали синхронно, в сигнал добавляли специальные короткие метки — __синхроимпульсы__. Они подсказывали, где заканчивается строка или кадр. 🎨🎨🎨 🎨**🎨****🎨****Потом появился цвет** 🎨🎨🎨 И тут всё тоже началось с камер — они научились разлагать изображение на три составляющих: красную, зелёную и синюю. Так видео одновременно несло __яркостный сигнал__, который могли показывать старые чёрно-белые телевизоры, и __цветоразностные сигналы__ с информацией о цвете. На стороне приёмника был __декодер__ и __цветные кинескопы__. В них светились уже три типа люминофора. 🎨🎨🎨 **🎨****🎨****🎨****Переход в цифру ** 🎨🎨🎨 Во второй половине XX века вместо непрерывного аналогового сигнала телевизоры начали принимать поток закодированных бит. Картинка оцифровывалась, сжималась, паковалась в транспортный поток и уже в таком виде передавалась по кабелю, спутнику или эфирному вещанию. Появились форматы уровня 720p, 1080p, а потом и 4K, HDR, высокий фреймрейт, объёмный звук. Улучшились методы сжатия видео, появились новые интерфейсы передачи — например, всеми любимый HDMI вместо кучи аналоговых разъёмов. 🎨🎨🎨 🎨🎨**🎨****А что сейчас?** 🎨🎨🎨 А сейчас самое интересное. Шипящий ящик превратился в Smart TV — небольшой компьютер с приложениями, рекомендациями, голосовым управлением и доступом к онлайн-сервисам. Персональные подборки заменяют общие сетки каналов. Модели анализируют, что вы смотрите, в какое время, какие жанры и актёры вам нравятся — и подстраивают выдачу под конкретного человека. Далеко ходить не надо: ТВ-станции с Алисой понимают запросы пользователя интуитивно. Кстати, интересно вам, как именно работает алгоритм выбора в некоторых наших сервисах? Накидайте ❤️, если вам понравился теле-экскурс, и мы расскажем подробнее!",2987,photo,1,True,['https://tass.ru/obschestvo/22562007'],24362,17,55,,,,,,,,,,,,7.0,,,,15.0,1.0,,,,,,34.0
Education_Yandex,Яндекс Образование,36000,2071,2025-11-20,12:53:00,2025-11-20 12:53:00+00:00,2025-12-01 02:50:12.948503,False,False,True,"**🔘**** Участники ВсОШ, готовы к муниципальному этапу? **Мы, как всегда, запускаем онлайн-сборы для качественной подготовки к испытаниям. Будем решать олимпиадные задачи с преподавателями, смотреть видеолекции и писать пробный тур. Самые активные участники получат призы! [Сборы по математике:](https://yandex.ru/yaintern/olympiads/vsosh-mat?utm_source=telegram&utm_medium=social&utm_campaign=vsosh25&utm_content=yy&utm_term=20.11_education) 20-29 ноября [Сборы по информатике:](https://yandex.ru/yaintern/olympiads/vsosh-inf?utm_campaign=vsosh25&utm_content=yy&utm_medium=social&utm_source=telegram&utm_term=20.11_education) 1-7 декабря Занятия бесплатны для всех школьников 7-11 классов. Регистрация уже открыта по ссылкам выше ⬆️",732,document,2,True,"['https://yandex.ru/yaintern/olympiads/vsosh-inf?utm_campaign=vsosh25&utm_content=yy&utm_medium=social&utm_source=telegram&utm_term=20.11_education', 'https://yandex.ru/yaintern/olympiads/vsosh-mat?utm_source=telegram&utm_medium=social&utm_campaign=vsosh25&utm_content=yy&utm_term=20.11_education']",7605,113,36,,1.0,,,,,,2.0,5.0,,,,,,,8.0,,,1.0,,,,19.0
Education_Yandex,Яндекс Образование,36000,2070,2025-11-20,09:16:42,2025-11-20 09:16:42+00:00,2025-12-01 02:50:12.948503,False,False,True,"**Яндекс Лицей запустил новые self-paced курсы** 🤓** ** Вы уже знакомы с этим форматом: здесь можно без вступительных, дедлайнов и преподавателей последовательно изучать теорию и практику в удобном темпе. Задачи проверяются автоматически, а после прохождения курса выдаётся сертификат. Теперь [стали доступны следующие](https://lyceum.yandex.ru/index?utm_source=telegram&utm_medium=internal&utm_campaign=selfpaced2025&utm_content=20.11YE#selfpaced_courses) направления: **✔️**** Алгоритмы: шаг за шагом** Разбираемся с базовыми и продвинутыми алгоритмами: системы счисления и простые числа, сортировки, динамическое программирование, строки, матрицы и графы. **✔️**** Создание устройств интернета вещей: шаг за шагом** Учимся работать с микроконтроллерами: кнопки, светодиоды, датчики, дисплеи, модули расстояния и давления. А ещё — выводить устройство в интернет, разбираться в MQTT и подключать Алису. Регистрируйтесь и начинайте свой путь в ИТ уже сегодня: первый урок будет доступен после вступительного испытания.",1018,document,1,True,['https://lyceum.yandex.ru/index?utm_source=telegram&utm_medium=internal&utm_campaign=selfpaced2025&utm_content=20.11YE#selfpaced_courses'],7624,170,67,,10.0,,,,,,,2.0,,2.0,,,,,35.0,,,,,,,20.0
Education_Yandex,Яндекс Образование,36000,2069,2025-11-19,10:03:53,2025-11-19 10:03:53+00:00,2025-12-01 02:50:12.948503,False,False,True,"Мы опять это сделали — **запустили ещё один студенческий коворкинг**. На этот раз в корпусе Вышки на Покровском бульваре 💘 12 ноября в здании ВШЭ открылось новое [пространство](https://t.me/HSExYandex) в лучших традициях офисов Яндекса. Там есть всё для комфортного общения, учёбы, офлайн и онлайн встреч, и, конечно, отдыха: ⏺️коворкинг со столами, розетками и диванчиками, где можно учиться и работать ⏺️стильная чилл-зона ⏺️фотобудка с Умной камерой Яндекса, которая делает комплименты Коворкинг оснащен Яндекс Станцией с Алисой, там же находится и «взрыв-схема» умного устройства. Выпускники и студенты Вышки принимали участие в создании Станции с самого начала: в разработке первого поколения устройств участвовали 24 выпускника 🚀 День с Яндексом в Вышке завершился IT-квартирником, где студенты ВШЭ могли пообщаться с экспертами Яндекса в неформальной обстановке. Отвечали на вопросы ребят: ⏺️Сергей Стриженок, руководитель разработки продукта в Яндекс Маркете ⏺️Сергей Ким, руководитель ML-группы сильного детектора в Автономном транспорте и роботах ⏺️Роман Халкечев, руководитель подразделения аналитики (CDO) в Поисковых сервисах и ИИ Финальной точкой IT-квартирника стало выступление музыкантов ⚡ Напомним, что такие пространства уже принимают студентов МФТИ и ИТМО. Отмечайтесь в реакциях, кто уже ботал в наших капсулах — 🤓",1335,document,1,True,['https://t.me/HSExYandex'],26989,52,64,,,,,,,,,,,,,,,,2.0,,,15.0,,,8.0,43.0
Education_Yandex,Яндекс Образование,36000,2062,2025-11-18,16:05:49,2025-11-18 16:05:49+00:00,2025-12-01 02:50:12.949504,False,False,True,"**Вчера стартовала осенняя проектная школа AI360** ⚡️** **Студенты программы из ВШЭ, МФТИ, ИТМО и Университета Иннополис две недели будут изучать реальные кейсы от Яндекса и Сбера. Командная работа проходит прямо на площадках компаний — чтобы прокачивались одновременно и практические навыки, и софт-скилы. Эту неделю участники проводят в офисе Яндекса в ОКО. Там эксперты индустрии разбирают для них ключевые направления современного ИИ: компьютерное зрение, фундаментальные методы глубокого обучения, NLP и генеративные модели. На следующей неделе программа продолжится в офисе Сбера. 💘 Впереди ещё много активной работы и нетворкинга. А пока — делимся первыми фотографиями наших создателей AI-технологий:",707,photo,0,False,[],5844,36,73,,,,,,,,12.0,,,,3.0,,,,23.0,,,,,,,35.0
Education_Yandex,Яндекс Образование,36000,2061,2025-11-18,12:01:31,2025-11-18 12:01:31+00:00,2025-12-01 02:50:12.949504,False,False,True,"**28 ноября в Яндекс Музее пройдёт акция для студентов в поддержку Всемирного дня ресайклинга ****🔄** Принесите любую свою футболку — и обменяйте на новую от [Y&&Y](https://t.me/Young_and_Yandex/3237). Всего подготовили 5000 футболок! **Как участвовать:** 1️⃣ Подпишитесь на канал [Y&&Y](https://t.me/Young_and_Yandex) 2️⃣ [Зарегистрируйтесь](https://forms.yandex.ru/surveys/13800182.7d532a5a88947d591a525af76f378424c64092f2) в форме на удобное вам время 3️⃣ Приходите 28 ноября в Яндекс Музей на Парке культуры в Москве менять футболку на новый мерч Подойдёт любая ваша старая и чистая фуболка. Вещи в хорошем состоянии передадим в благотворительные фонды. А изношенные — отправим на переработку. А ещё согреемся тёплым чаем, отправимся на экскурсии по офису и познакомимся с рекрутерами. Делитесь [акцией](https://yandex.ru/yaintern/new-merch-is-here?utm_source=telegram&utm_medium=social&utm_campaign=5000tshirts&utm_content=yy&utm_term=tshirt_educationpost1811) с друзьями и приходите вместе!",996,photo,4,True,"['https://t.me/Young_and_Yandex/3237', 'https://forms.yandex.ru/surveys/13800182.7d532a5a88947d591a525af76f378424c64092f2', 'https://yandex.ru/yaintern/new-merch-is-here?utm_source=telegram&utm_medium=social&utm_campaign=5000tshirts&utm_content=yy&utm_term=tshirt_educationpost1811', 'https://t.me/Young_and_Yandex']",6391,86,55,,,,,,,,,,,,,,,,2.0,12.0,,,2.0,,11.0,28.0
Education_Yandex,Яндекс Образование,36000,2055,2025-11-17,14:04:22,2025-11-17 14:04:22+00:00,2025-12-01 02:50:12.949504,False,False,True,"**Спасибо всем, кто был с нами на YaC/e ****💘** Если не успели присоединиться, записи всех выступлений уже [**доступны на сайте**](https://yace.yandex.ru/?utm_source=tg&utm_medium=internal&utm_campaign=yace2025&utm_content=17.11). Сохраняйте и делитесь — нужный трек можно открыть в удобное время и досмотреть. А вот несколько тезисов из докладов наших спикеров: 🎨🎨**🎨****Александр Родионов ****🎨****🎨****🎨****Яндекс Практикум ** 🎨🎨🎨Мир IT не умирает — он взрослеет. Возникают новые двери: ИИ освобождает время, чтобы быть творцом. Профессии будут адаптироваться и развиваться, а мета-навыки обучения станут нашим главным инструментом. **🎨****🎨****🎨****Денис Харченко ****🎨****🎨****🎨****CEO Setters Education** 🎨🎨🎨Комьюнити растёт только там, где безопасно ошибаться. Сильные peer-to-peer сообщества строятся не на «клубах по интересам», а на понятных форматах — митапах, хакатонах и воркшопах. Кроме того, нельзя чтобы всё держалось на одном человеке. Роль организаторов — задать рамку и отпускать контроль, иначе выгорание неизбежно. **🎨****🎨****🎨****Профессор Юй Чжан ****🎨****🎨****🎨****Университет Цинхуа** 🎨🎨🎨ИИ не заменит преподавателей — по крайней мере, пока что. Нейросети дают отличные результаты в структурированных заданиях, но не справляются с интерпретацией смыслов, мотивацией и живым диалогом. Поэтому педагог по-прежнему остаётся ключевой фигурой — меняется только его роль. **🎨****🎨****🎨****Игорь Пивоваров ****🎨****🎨****🎨****ЦК НТИ МФТИ** 🎨🎨🎨Решение может принять и робот-пылесос, но он не может определить цели. Нейросети остаются инструментом, а не авторитетом, поэтому ближайшие годы — это модель «преподаватель + ИИ-ассистент», а не фантазии про полноценное замещение. И накидайте 🔥 всем, кто создавал YaC/e вместе с нами — за кадром было не меньше работы, чем на сцене. Вот как прошёл этот большой день:",1827,photo,1,True,['https://yace.yandex.ru/?utm_source=tg&utm_medium=internal&utm_campaign=yace2025&utm_content=17.11'],5673,45,97,,4.0,,,,,,,,,2.0,,,,,38.0,,,,,,,63.0
Education_Yandex,Яндекс Образование,36000,2054,2025-11-15,12:32:46,2025-11-15 12:32:46+00:00,2025-12-01 02:50:12.950506,False,False,True,"**Ждали Data Dojo? Тогда он идёт к вам!** 27 ноября ждем data-самураев на встрече в Москве. Будем совершенствовать ML-мастерство в лучших традициях додзё. Для всех энтузиастов это прекрасная возможность попасть в комьюнити, узнать больше о карьере в Яндексе и послушать про тренды ML. Вот кто будет выступать с лекциями в этот раз: 🎨🎨**🎨**** 17:10 ****🎨****🎨****🎨**** Сергей Овчаренко ** 🎨🎨🎨 руководитель отдела мультимодального анализа и генерации Будет обозревать тренды и подводить предварительные итоги 2025 года для ML-индустрии. 🎨🎨🎨 **17:40 ** ** ****🎨****🎨****🎨** **Сергей Фиронов** 🎨🎨🎨 ведущий разработчик службы поведения и предсказания департамента Автономного транспорта Расскажет, как научить AI не бредить, сдать физику и получить права. А ещё поделится процессом подготовки задач ML-квалификации для Yandex Cup. 🎨🎨🎨 **18:10** 🎨🎨🎨 **Дмитрий Солодуха** 🎨🎨🎨 руководитель команды голосовой активации Именно там научили **колонку реагировать **на голос **в реальном хаосе** из музыки и шума. Помимо основной программы гостей ждёт фуршет, нетворкинг, мастер-классы и afterparty — будет всё. Регистрация открыта до 16 ноября включительно. 🎭 [**ПРИНЯТЬ УЧАСТИЕ**](https://yandex.ru/yaintern/data-dojo?utm_source=telegram&utm_medium=social&utm_campaign=datadojo25&utm_content=education&utm_term=datadojo) 😈",1311,document,1,True,['https://yandex.ru/yaintern/data-dojo?utm_source=telegram&utm_medium=social&utm_campaign=datadojo25&utm_content=education&utm_term=datadojo'],5846,42,51,,9.0,,,,,,,,,,,,,,10.0,2.0,,5.0,7.0,,,18.0
Education_Yandex,Яндекс Образование,36000,2053,2025-11-15,09:14:49,2025-11-15 09:14:49+00:00,2025-12-01 02:50:12.950506,False,False,True,"**17 ноября стартует **[**Кубок Яндекс Образования**](https://education.yandex.ru/olymp/inf2025?utm_source=YaObr&utm_medium=tg&utm_campaign=registerolymp&utm_content=post1&utm_term=1511)** — олимпиада по информатике для школьников** Это трёхэтапное соревнование, которое поможет развить алгоритмическое мышление, даст возможность попробовать себя в олимпиадном формате и сформировать сильное портфолио. Олимпиада пройдёт в 3 тура: 🤭🤭🤭 **1️⃣** **17 ноября-21 декабря 2025** 🤭🤭🤭 ⏺️Проходит онлайн в Яндекс Учебнике. ⏺️Состоит из заданий на логику, алгоритмы, программирование в Blockly и Python. ⏺️Будут доступны обучающее видео от методистов, автоматическая проверка и 5 недель на выполнение. ⏺️Участвовать можно с любого уровня подготовки. Будет два уровня сложности: для 5-7-х и 8-11-х классов. 🤭🤭🤭 **2️⃣**** 14 и 18 февраля 2026 ** 🤭🤭🤭 ⏺️Для победителей 1 тура среди 8-11-х классов ⏺️Здесь мы дадим индивидуальные задания с автоматической проверкой. ⏺️Можно использовать разные способы решения: код, ручные расчёты или специальные инструменты. ⏺️Можно выбрать удобный слот для участия. 🤭🤭🤭 **3️⃣**** 20-22 марта 2026 ** 🤭🤭🤭 ⏺️Очный финальный этап в Москве для 100 сильнейших участников. ⏺️Здесь будут индивидуальные задания и командный хакатон. ⏺️Практика, командная работа и задачи, приближенные к реальным олимпиадным соревнованиям. Кстати, в Яндекс Учебнике уже сейчас доступен [подготовительный урок](https://education.yandex.ru/lab/library/informatics/theme/49474). Решив его, станет понятнее, как устроен формат задач. Учителя могут выдать урок в личном кабинете, а затем помочь ученикам отработать пробелы и уверенно подойти к первому туру. А ещё Кубок Яндекс Образования включён в перечень Минпросвещения на 2025-2026 учебный год — а это значит, что участие и призовые места будут учитываться при поступлении в профильные вузы. [Регистрируйтесь](https://education.yandex.ru/olymp/inf2025?utm_source=YaObr&utm_medium=tg&utm_campaign=registerolymp&utm_content=post1&utm_term=1511) и участвуйте! Победителей ждут призы, дипломы и мерч 🧑‍🏫",2045,photo,2,True,"['https://education.yandex.ru/olymp/inf2025?utm_source=YaObr&utm_medium=tg&utm_campaign=registerolymp&utm_content=post1&utm_term=1511', 'https://education.yandex.ru/lab/library/informatics/theme/49474']",13494,462,21,,,,,,,,2.0,,,3.0,,,,,10.0,,,,,,,6.0
Education_Yandex,Яндекс Образование,36000,2052,2025-11-14,16:07:09,2025-11-14 16:07:09+00:00,2025-12-01 02:50:12.951873,False,False,True,"**Хотите превратить научную разработку в продукт? Яндекс поможет ****🚀**** ** Яндекс запустил акселератор стартапов — программу, которая поможет превратить технологические разработки в реальные решения и продукты. Если вы студент, аспирант или часть научной команды и работаете над решением в области AI, робототехники, математического моделирования или других DeepTech областях, этот акселератор для вас. 🏆 Призовой фонд — 6 млн рублей: 3 млн за 1 место, 2 млн за 2 место, 1 млн за 3 место. А ещё грант на облачные мощности: 1 млн за 1 место, 500 тыс за 2 место и 250 тыс за 3 место. **Что даёт участие?** ➡️ **Менторская поддержка. **Эксперты Яндекса помогут выстроить план работы, протестировать гипотезы и превратить технологию в продукт. ➡️ **Инфраструктура.** Участники получают доступ к облачным мощностям Yandex Cloud. ➡️ **Комьюнити единомышленников.** Уникальная среда амбициозных студентов, исследователей и предпринимателей, где есть нетворкинг и совместные проекты. ➡️ **Офлайн-встречи.** Яндекс покрывает все расходы на проезд, проживание и питание во время буткемпа и финального демодня. Победителей определит **жюри**, в которое вошли технический директор городских сервисов **Никита Борисов**, руководитель сервиса Яндекс Такси **Александр Аникин **и другие ведущие эксперты разных направлений. Они оценят в первую очередь потенциал, практическую применимость проекта и прогресс команды. **Как попасть в акселератор?** 1️⃣ Подать заявку на open call. Проект может быть еще на ранней стадии (с подтвержденной гипотезой). 2️⃣ Пройти отбор и интервью. 3️⃣ Принять участие в офлайн-буткемпе с 29 января по 1 февраля. 4️⃣ Успешно доработать проект во время акселерации. 5️⃣ Выступить с защитой проекта на демодне 24 апреля. **Уже знаете, какой стартап будете запускать? Тогда подавайте заявку до 30 декабря по **[**ссылке**](https://yandex.ru/aistartup?utm_source=tg&utm_medium=internal&utm_campaign=accelerator2025&utm_content=14.11) ⚡",1948,photo,1,True,['https://yandex.ru/aistartup?utm_source=tg&utm_medium=internal&utm_campaign=accelerator2025&utm_content=14.11'],6577,115,33,,,,,,,,5.0,,,,,,,,10.0,,,,,,,18.0
Education_Yandex,Яндекс Образование,36000,2051,2025-11-14,14:22:05,2025-11-14 14:22:05+00:00,2025-12-01 02:50:12.951873,False,False,True,"**Будущее кодится в ИТМО** ❗️ 7 ноября мы встретились со студентами ИТМО на дне рождения пространства @ITMOxYandex и отметили 2 года совместной работы над будущим. В программе был технологический квест по ИИ-инструментам. Ребята прокачивали навыки работы с нейросетью Alice AI, придумывали свои проекты, питчили идеи экспертам Яндекса и собирали ачивки за креатив. А завершили вечер вкусным тортом и техно-вечеринкой. 💘 Спасибо всем, кто пришёл! Смотрите видео и отмечайтесь в реакциях, если хотите больше таких ивентов.",520,document,0,False,[],6290,16,38,,,,,,,,,,,,,,,,21.0,,,,,,7.0,10.0
Education_Yandex,Яндекс Образование,36000,2050,2025-11-14,07:43:10,2025-11-14 07:43:10+00:00,2025-12-01 02:50:12.951873,False,False,True,"**Стали известны победители Yandex ML Prize 2025 ** Вот уже в седьмой раз мы вручаем премию за вклад в развитие машинного обучения и ИИ. В фокусе — специалисты, которые готовят новые кадры для индустрии: преподаватели, авторы и руководители образовательных программ. ❗️ В этом году мы получили 300 заявок. 10 из них стали лауреатами, а ещё 3 получили награду «Зал славы» за особый вклад в становление ML как образовательного направления. Все премианты работают над реальными ML-проектами, создают курсы на стыке точных наук и практических кейсов, а также продвигают современные подходы к изучению генеративных моделей. Накидайте 🏆 победителям, и мы расскажем больше об их проектах!",681,photo,0,False,[],6184,11,146,,,,,,,3.0,130.0,,,,,,,,11.0,,,,,,,2.0
Education_Yandex,Яндекс Образование,36000,2049,2025-11-13,07:30:56,2025-11-13 07:30:56+00:00,2025-12-01 02:50:12.952881,False,False,True,"А теперь информация для тех, кто уже вырос из кружков. **Направление по ИИ-робототехнике и физическому ИИ будет доступно и для студентов. ** ✳️ В 2026 году стартует __Physical AI Garage__ — совместная программа Яндекса и ведущих технологических университетов страны: ИТМО, ВШЭ, МФТИ, МИФИ и МАИ. В этой программе мы сделали акцент на практику: студенты смогут собираться в офисах Яндекса и сообща решать реальные задачи индустрии с нашими экспертами. Откроем набор осенью 2026 года и будем выплачивать стипендии. ✳️ Еще запустим новые __модули по физическому ИИ__ в программах 27 университетов из 18 регионов России. У студентов IT-программ будет возможность участвовать в воркшопах со специалистами компании. ✳️ Параллельно запустятся __студкемпы__ — двухнедельные интенсивы для студентов и старшекурсников, где можно погрузиться в проектную работу и получить первый опыт в сфере ИИ-робототехники. ✳️ Кроме того, в направление по физическому ИИ входит магистратура Яндекса в Сколтехе — __AI Robotics__. Студенты уже начали углублённо изучать робототехническую инженерию и ML. Да, мы только запустились, но уже хотим собрать сообщество тех, кто встанет вместе с нами у истоков физического ИИ. Ставьте ⚡️, если хотите присоединиться!",1232,photo,0,False,[],6567,116,177,,139.0,,,,,,,,,4.0,,1.0,,,8.0,,,,,,6.0,19.0
Education_Yandex,Яндекс Образование,36000,2048,2025-11-13,07:30:30,2025-11-13 07:30:30+00:00,2025-12-01 02:50:12.952881,False,False,True,"Мы так часто рассказываем про роверов-доставщиков, что, кажется, пора уже научиться делать их самим. **Именно поэтому Яндекс Образование запускает новое направление — ИИ-робототехника ****⚡️** Конечно, говорить в нём будем не только о доставщиках. Это полноценное обучение созданию ИИ-роботов, которые не просто выполняют команды, а принимают решения и взаимодействуют с реальным миром. Вот что появится в рамках нового направления: 👋 __бесплатные кружки__ для подростков от Яндекс Лицея по ИИ-робототехнике в школах-партнёрах — в 2026 году откроем первые 50 в разных регионах 👋 __онлайн-платформа__ для школьников, где можно будет изучать основы алгоритмов, сенсоры, компьютерное зрение и навигацию — её мы планируем запустить уже в 2026 году. Будет много соревнований и общения с комьюнити 👋 __учебный робот-доставщик__: разрабатываем его сейчас вместе с командами автономного транспорта и Яндекс Фабрики и планируем выпустить в течение 2026-2027 учебного года. Робот будет способен не просто ездить по заданному маршруту, но и распознавать людей и предметы, ориентироваться в пространстве, реагировать на голосовые команды и жесты. Запрограммировать его тоже можно будет на платформе. Кстати, трек будет полезен и студентам. Об этом расскажем в следующем посте ⬇️",1266,document,0,False,[],27673,209,87,,,,,,,,12.0,,,3.0,,,,,49.0,18.0,,,,,,5.0
Education_Yandex,Яндекс Образование,36000,2047,2025-11-13,07:12:43,2025-11-13 07:12:43+00:00,2025-12-01 02:50:12.952881,False,False,True,"**Конференция уже началась! ** В программе **YaC/e 2025** доклады, дискуссии и мастер-классы для всех, кто обучает или обучается: студентов, родителей, преподавателей и руководителей образовательных программ. [**Подключайтесь**](https://yace.yandex.ru/?utm_source=tg&utm_medium=internal&utm_campaign=yace2025&utm_content=13.11) 🚀",329,other,1,True,['https://yace.yandex.ru/?utm_source=tg&utm_medium=internal&utm_campaign=yace2025&utm_content=13.11'],5348,17,29,,3.0,,,,,,,,,,,,,,6.0,1.0,,,,,,19.0
Education_Yandex,Яндекс Образование,36000,2046,2025-11-11,14:02:27,2025-11-11 14:02:27+00:00,2025-12-01 02:50:12.953923,False,False,True,"**До YaC/e 2025 осталось два дня ****⚡️**** **Дублируем ссылку и рассказываем об онлайн-программе конференции чуть подробнее: ** ** ➡️ [**РЕГИСТРАЦИЯ**](https://yace.yandex.ru/?utm_source=tg&utm_medium=internal&utm_campaign=yace2025&utm_content=11.11)** ** После утреннего шоу __на главной сцене__ будем разбирать, готова ли система образования к тому, что ИИ становится физическим, и можно ли утверждать, что общий искусственный интеллект обретает субъектность. Там же обсудим роль преподавателей и вузов в эпоху ИИ, послушаем, как подготовить инженеров к новым реалиям робототехники и что останется школьникам и студентам, если все задачи за них уже делает машина. Между большими выступлениями можно зайти: ✔️ в студенческую лабораторию ✔️ педагогическую мастерскую ✔️ образовательный коворкинг ✔️ преподавательский хаб ✔️ родительскую ✔️ и даже кабинет директора Там эксперты будут отвечать на вопросы участников и делиться готовыми решениями с коллегами, одногруппниками и родителями. 👞👟🎨🎨🎨🎨🎨 👟👟🎨🎨🎨🎨🎨 👟👟🎨🎨🎨🎨🎨 **💡****💡****13 ноября 09:30 ** Ждём встречи онлайн — подключайтесь!",1080,document,1,True,['https://yace.yandex.ru/?utm_source=tg&utm_medium=internal&utm_campaign=yace2025&utm_content=11.11'],5803,33,35,,,,1.0,,,,,,,2.0,5.0,,,,8.0,,,,,,,19.0
Education_Yandex,Яндекс Образование,36000,2040,2025-11-11,11:51:15,2025-11-11 11:51:15+00:00,2025-12-01 02:50:12.953923,False,False,True,"**Если вы выбрали «Да» хотя бы в одном из вопросов, тогда мы не зря собирали этот мини-гайд по всем хендбукам ****👋** 1️⃣ [Основы компьютерных наук](https://education.yandex.ru/handbook/vvedenie-v-kompiuternie-nauki) 2️⃣ [Основы Python](https://education.yandex.ru/handbook/python) 3️⃣ [Математика для анализа данных](https://education.yandex.ru/handbook/math) 4️⃣ [Машинное обучение](https://education.yandex.ru/handbook/ml) 5️⃣ [Основы алгоритмов](https://education.yandex.ru/handbook/algorithms)",498,photo,5,True,"['https://education.yandex.ru/handbook/algorithms', 'https://education.yandex.ru/handbook/python', 'https://education.yandex.ru/handbook/vvedenie-v-kompiuternie-nauki', 'https://education.yandex.ru/handbook/math', 'https://education.yandex.ru/handbook/ml']",5309,241,88,,,,,,,,,,,,,,,,26.0,,,,4.0,2.0,,60.0
Education_Yandex,Яндекс Образование,36000,2039,2025-11-11,11:50:19,2025-11-11 11:50:19+00:00,2025-12-01 02:50:12.953923,False,True,True,[ОПРОС] Интересно ли вам эффективнее работать с кодом с помощью алгоритмов?,75,other,0,False,[],5589,1,0,,,,,,,,,,,,,,,,,,,,,,,0.0
Education_Yandex,Яндекс Образование,36000,2038,2025-11-11,11:49:54,2025-11-11 11:49:54+00:00,2025-12-01 02:50:12.953923,False,True,True,[ОПРОС] Хотите изучать ML-направление или базу языков программирования?,71,other,0,False,[],5564,3,15,,,,,,,,,,,,,,,,3.0,2.0,,,10.0,,,0.0
Education_Yandex,Яндекс Образование,36000,2037,2025-11-11,11:49:33,2025-11-11 11:49:33+00:00,2025-12-01 02:50:12.953923,False,True,True,[ОПРОС] Есть ли у вас знания основ математики и Python?,55,other,0,False,[],5230,1,0,,,,,,,,,,,,,,,,,,,,,,,0.0
Education_Yandex,Яндекс Образование,36000,2036,2025-11-11,11:49:17,2025-11-11 11:49:17+00:00,2025-12-01 02:50:12.953923,False,True,True,"[ОПРОС] Сомневаетесь, что вам не хватит навыков программирования для полноценного курса?",88,other,0,False,[],5304,2,1,,,,,,,,,,,,,,,,,,,,,,,1.0
Education_Yandex,Яндекс Образование,36000,2035,2025-11-11,11:48:58,2025-11-11 11:48:58+00:00,2025-12-01 02:50:12.953923,False,True,True,"[ОПРОС] Нужно подтянуть базовые знания о том, как устроены компьютеры и программы?",82,other,0,False,[],5429,1,0,,,,,,,,,,,,,,,,,,,,,,,0.0
Education_Yandex,Яндекс Образование,36000,2034,2025-11-11,11:48:41,2025-11-11 11:48:41+00:00,2025-12-01 02:50:12.953923,False,False,False,"**Никаких спойлеров ****❗️** Просто предлагаем вам ответить на пять вопросов — а потом уже узнать, зачем всё это было ⬇️",120,,0,False,[],5364,1,10,,,,,,,,,,,,,,,,1.0,,,,8.0,,,1.0
Education_Yandex,Яндекс Образование,36000,2033,2025-11-05,13:23:48,2025-11-05 13:23:48+00:00,2025-12-01 02:50:12.953923,False,False,True,"**Как ИИ меняет образование —** **узнаем на YaC/e 2025 ****❗** 13 ноября состоится шестая онлайн-конференция Яндекса — [**Yet Another Conference on Education 2025**](https://yace.yandex.ru/?utm_source=tg&utm_medium=internal&utm_campaign=yace2025&utm_content=05.11). В этот раз говорим о том, как ИИ помогает учиться по-новому. Теперь это не просто инструмент для рутинных задач — а партнёр, который открывает новые подходы к обучению. **На главной сцене обсудим:** ➡ Как меняется образование, когда ИИ становится партнёром? ➡ Как меняется наука, когда математика, машинное обучение и физика встречаются в одной точке? ➡ Что происходит с ролью преподавателей и исследователей в эпоху ИИ? ➡ Как Physical AI меняет то, чему и как мы учим? Помимо главной сцены будет шесть тематических треков для школьников и студентов, родителей, преподавателей, методистов и авторов курсов — каждый найдёт тему по своему интересу. **В студенческом треке поговорим: ** ➡ Как всё сдать и не выгореть? ИИ-инструменты студенту в помощь ➡ Софт-скилы — это хард: коммуникации и сообщество в карьере ➡ ИИ: от тревоги к мастерству через образование Наши спикеры — учёные, преподаватели и визионеры. Те, кто на практике показывает, как новые технологии меняют образование и науку прямо сейчас. 👋 [**Регистрация открыта**](https://yace.yandex.ru/?utm_source=tg&utm_medium=internal&utm_campaign=yace2025&utm_content=05.11)** и продлится до старта конференции.** __⚡____ — и увидимся 13 ноября__",1465,photo,1,True,['https://yace.yandex.ru/?utm_source=tg&utm_medium=internal&utm_campaign=yace2025&utm_content=05.11'],10481,87,45,,6.0,,,,,,,3.0,,,,,,,22.0,11.0,,,,,,4.0
Education_Yandex,Яндекс Образование,36000,2032,2025-11-04,14:28:31,2025-11-04 14:28:31+00:00,2025-12-01 02:50:12.954929,False,False,True,"[**Яндекс Учебник**](https://t.me/yandex_edu_inf)** запускает новый предмет — профильную математику ****🧑‍🏫** На платформе «ЕГЭ с Яндекс Учебником» можно найти все необходимые материалы для подготовки к поступлению в вузы. Здесь собрана полная база заданий ФИПИ и авторских пробников, готовые планы подготовки под разные цели, фильтры по темам и уровням сложности. А ещё есть **обновлённый репетитор AI на базе Alice AI**, который ➡️ объясняет решения пошагово, ➡️ помогает найти ошибки, ➡️ разбирает задачи в формате диалога. Всё бесплатно, без подписок и премиум-доступов. Просто заходите и уверенно двигайтесь к нужному баллу. А в декабре появится ещё и базовый уровень. Следить за событиями можно в чате платформы. [**Начать подготовку **](https://education.yandex.ru/ege/go/math?utm_source=tg&utm_medium=internal&utm_campaign=warmup_math&utm_content=04.11)**🙏**",866,photo,2,True,"['https://education.yandex.ru/ege/go/math?utm_source=tg&utm_medium=internal&utm_campaign=warmup_math&utm_content=04.11', 'https://t.me/yandex_edu_inf']",9146,332,92,,,,,,,,,,,28.0,,,,,15.0,,,,1.0,,,48.0
Education_Yandex,Яндекс Образование,36000,2031,2025-11-03,11:11:07,2025-11-03 11:11:07+00:00,2025-12-01 02:50:12.954929,False,True,True,[ОПРОС] А теперь вы боитесь ИИ-будущего? 👻,42,other,0,False,[],6245,5,12,,,,,,,,,,,,,,,,,,,,,,,12.0
Education_Yandex,Яндекс Образование,36000,2022,2025-11-03,11:11:06,2025-11-03 11:11:06+00:00,2025-12-01 02:50:12.954929,False,False,True,"**Не боимся будущего — создаём его ****❗️** Наш ивент прошёл — и это было страшно круто! Если вы пропустили прямой эфир — не переживайте. Запись уже ждёт вас [по ссылке.](https://vkvideo.ru/video-84793390_456239934) В дискусии, посвященной технострахам, приняли участие: ➡️ Аня Левушкина – студентка 2 курса программы AI360 в МФТИ ➡️ Вова Полудняков – студент 1 курса программы AI360 в МФТИ ➡️ Влад Дронов – старший редактор Яндекс Учебника ➡️ Андрей Милько – разработчик роботов-доставщиков в команде Автономного транспорта Вместе с экспертами Яндекса и студентами Яндекс Образования обсудили, почему не стоит бояться восстания машин и что ждет нас в будущем. __🔥____ — если будете смотреть__",693,photo,1,True,['https://vkvideo.ru/video-84793390_456239934'],6127,11,35,,,,,,,,,,,,,,,,19.0,5.0,,,,,4.0,7.0
Education_Yandex,Яндекс Образование,36000,2021,2025-10-31,15:00:50,2025-10-31 15:00:50+00:00,2025-12-01 02:50:12.954929,False,False,False,**Хэллоуин с экспертами Яндекса ****👾** Напоминаем! Уже сегодня в 19:30 — [онлайн-трансляция](https://vkvideo.ru/video-84793390_456239934) «Будущее без “БУ”». Будет страшно интересно: вместе с экспертами Яндекса поговорим о технологиях завтрашнего дня. Подключайтесь! __🔥____ — БУду смотреть__,293,,1,True,['https://vkvideo.ru/video-84793390_456239934'],7892,19,40,,,,,,,,,2.0,,,,,,,24.0,,,,6.0,,,8.0
Education_Yandex,Яндекс Образование,36000,2020,2025-10-30,17:18:43,2025-10-30 17:18:43+00:00,2025-12-01 02:50:12.954929,False,False,True,"**Нарисовали Будущее без «Бу!» ** Студенты Яндекс Образования и художник brickspacer развеяли популярные страхи про ИИ — пиксель за пикселем. **Герои ролика:** 🎧 Арина из Яндекс Лицея — о мифе про восстание машин, 🎧 Владимир из AI360 — о том, что алгоритмы не заменят настоящих друзей, 🎧 Андрей из ШАДа — о том, что ИИ не забирает работу, а открывает новые пути. А уже завтра Владимир вместе с экспертами Яндекса будет участвовать в страшно интересной дискуссии про страшно крутые технологии. [Смотрим](https://vkvideo.ru/video-84793390_456239934) трансляцию в 19:30! __🦄____ — реакция для тех, кто выбирает будущее без «Бу!»__",627,document,1,True,['https://vkvideo.ru/video-84793390_456239934'],10807,11,73,,,,,,,,,2.0,,,7.0,,,,4.0,,,,2.0,1.0,32.0,27.0
Education_Yandex,Яндекс Образование,36000,2019,2025-10-30,11:19:10,2025-10-30 11:19:10+00:00,2025-12-01 02:50:12.954929,False,False,True,"**10 ноября стартует **[**онлайн-интенсив LLM Scaling Week**](https://shad.yandex.ru/llmscalingweek?utm_source=tg&utm_medium=internal&utm_campaign=llmweek2025&utm_content=30.10)** от Школы анализа данных Яндекса** **👍** В течение пяти дней участников ждут **практические лекции и семинар** от специалистов Яндекса, посвящённые работе с современными LLM. **❗️**** LLM Scaling Week** — возможность выйти за рамки экспериментов на одной GPU и разобраться, как масштабировать крупные модели. **Что вас ждёт: **1️⃣ принципы **распределённого обучения**; 2️⃣ методы **поиска узких мест и ускорения обучения**; 3️⃣ практические приёмы **работы с GPU и сетями** при масштабировании моделей. **Интенсив будет особенно полезен:** ➡️ **ML-инженерам и исследователям**, стремящимся выйти за пределы экспериментов на одной GPU; ➡️ **опытным разработчикам**, которые хотят применять передовые подходы в NLP и работе с LLM.",908,photo,1,True,['https://shad.yandex.ru/llmscalingweek?utm_source=tg&utm_medium=internal&utm_campaign=llmweek2025&utm_content=30.10'],9802,133,72,,,,,,,,,3.0,,,,,,,38.0,13.0,,2.0,,,6.0,10.0
Education_Yandex,Яндекс Образование,36000,2018,2025-10-29,11:55:43,2025-10-29 11:55:43+00:00,2025-12-01 02:50:12.954929,False,False,True,"**Сегодня в проекте «Будущее без """"Бу!""""» — финальный страх: заменит ли искусственный интеллект всех специалистов** ❓ ➡️ Отвечает **Андрей Ишутин, студент 2 курса магистратуры МИРЭА и ШАД** по направлению «Инфраструктура больших данных». «Это новая глава — как когда-то с промышленными станками. Тогда тоже казалось, что машины вытеснят всех, а в итоге появились десятки новых профессий. Так и сейчас: искусственный интеллект не отбирает работу, а открывает новые способы делать её быстрее». Будущее — не про замену, а про сотрудничество. Чем лучше мы понимаем технологии, тем больше можем сделать вместе. А страх можно превратить в любопытство к тем профессиям, которые только начинают появляться 🔍 __❤️____ — за сотрудничество человека и технологий__",752,document,0,False,[],11035,44,65,,2.0,,,,,,,,,10.0,,,,,6.0,,,2.0,,,,45.0
Education_Yandex,Яндекс Образование,36000,2017,2025-10-28,10:46:17,2025-10-28 10:46:17+00:00,2025-12-01 02:50:12.954929,False,False,True,"**Технологии — не монстры. Давайте посмотрим, почему ****🔍** В проекте **«Будущее без """"Бу!""""»** продолжаем развеивать технострахи с нашими студентами. 👋 Героиня нового выпуска — **Арина Канзафарова, ученица 9-го класса и студентка Яндекс Лицея по специализации «Веб-разработка на Go»**. Она ответит на вопрос, почему восстание машин — всего лишь страшилка, и как технологии на самом деле работают на человека, а не наоборот. «Технологии — неотъемлемая часть нашего развития. От молотка до искусственного интеллекта — мы постоянно создаём инструменты для улучшения жизни. Всё это направлено на помощь человеку, а не на его замену». А уже в следующей серии узнаем о том, почему ИИ не сможет заменить нас на работе. __🔥____ — если ждёте продолжения__",748,document,0,False,[],7428,31,61,,4.0,,,,,,,,,,,,,,36.0,3.0,,1.0,,,,17.0
Education_Yandex,Яндекс Образование,36000,2016,2025-10-27,11:10:33,2025-10-27 11:10:33+00:00,2025-12-01 02:50:12.956438,False,False,True,"**Хэллоуин на носу, и в воздухе витает дух страшилок..** Сейчас к привычным ведьмам и привидениям добавились новые страхи: вдруг роботы выйдут из-под контроля? Или ИИ однажды заменит людей ❓ Студенты Яндекс Образования не боятся будущего, ведь именно они его создают своим кодом. И для нас технологии — это совсем не страшно, а страшно интересно. Поэтому октябрь мы провожаем проектом «Будущее без """"Бу!""""» — и начинаем с серии видеоисторий, где студенты разбираются с популярными страхами и рассказывают о страшно крутых технологиях. 👋 Первый герой — Владимир Полудняков, студент программы AI360. Он рассказывает, почему человеческое общение не заменить виртуальными помощниками, даже если они знают нас от А до Я. «Красота людей — в несовершенстве. Всё идеальное — это инструмент, а не собеседник» __🐳____ — если не страшно__",827,document,0,False,[],6662,35,73,,,,,,,,,43.0,,,,,,,10.0,2.0,,,,,,18.0
Education_Yandex,Яндекс Образование,36000,2006,2025-10-24,11:40:32,2025-10-24 11:40:32+00:00,2025-12-01 02:50:12.956438,False,False,True,"**Почему одинаковые формулы дают разные ответы в коде ****❓** Бывает такое, что на бумаге всё сходится идеально, а вот в коде будто кто-то подменил все данные. Два одинаковых выражения выдают разные результаты. К сожалению, компьютер не волшебник, а всего лишь аккуратный калькулятор с ограниченной памятью. Он округляет, теряет крошечные доли и складывает не всегда в том порядке, в каком мы бы хотели. Как итог — результат получается чуть другим, чем ожидалось. __ Рассказываем про методы, которые помогут подружиться с числами ____⬆️__",538,photo,0,False,[],6833,57,47,,4.0,,,,,,,,,22.0,,,,,5.0,2.0,,,,,,14.0
Education_Yandex,Яндекс Образование,36000,2005,2025-10-22,14:03:10,2025-10-22 14:03:10+00:00,2025-12-01 02:50:12.956438,False,False,True,"**Придумайте новую фичу для нейросети Алиса ****💎** Яндекс Образование собирает заявки на участие в брейншторме идей для Алисы — чата с ИИ, который помогает учиться, искать и творить. Хотите, чтобы она умела больше? Тогда самое время рассказать сначала немного о себе! **Как принять участие?** 1️⃣ Заполнить [анкету](https://forms.yandex.ru/surveys/aliceforstudents/?utm_medium=social&utm_campaign=brainstorm13&utm_content=yandexeducation) до 31 октября включительно. 2️⃣ Быть студентом любого российского вуза — направление не имеет значения. По итогам отбора мы пригласим 15 студентов на [конференцию про технологии и образование YaC/e](https://yace.yandex.ru/?utm_medium=pr&utm_campaign=aliceforstudents2025&utm_content=pressrelease), которая пройдёт 13 ноября в Москве. И там соберёмся на офлайн-брейншторм, чтобы сгенерировать классные идеи и передать их разработчикам Яндекса для реализации. **Брейншторм будут курировать эксперты из Яндекс Образования, Алисы и университетов-партнёров.** ✔️ Кирилл Баранников — руководитель направления высшего образования в Яндекс Образовании. ✔️ Кирилл Нечеса — ведущий продакт-менеджер нейросети Алиса. ✔️ Григорий Тихонов — методист, аналитик-исследователь Яндекс Образования. ✔️ Валерия Боженова — старший преподаватель департамента больших данных и информационного поиска факультета компьютерных наук НИУ ВШЭ, методист проекта Data Culture в НИУ ВШЭ. ✔️ Александр Маятин — исполнительный директор факультета информационных технологий и программирования Университета ИТМО. И пусть масштаб вас не пугает! Для участия нужны не сильные навыки программирования, а креативные идеи и желание сделать Чат с Алисой умнее. __⚡️____— если ждали этого момента__",1695,photo,2,True,"['https://yace.yandex.ru/?utm_medium=pr&utm_campaign=aliceforstudents2025&utm_content=pressrelease', 'https://forms.yandex.ru/surveys/aliceforstudents/?utm_medium=social&utm_campaign=brainstorm13&utm_content=yandexeducation']",8162,81,64,,31.0,,,,,,,,,2.0,,,,,12.0,,,,1.0,,11.0,7.0
Education_Yandex,Яндекс Образование,36000,2004,2025-10-22,09:37:23,2025-10-22 09:37:23+00:00,2025-12-01 02:50:12.956438,False,False,True,"**У вас одно новое сообщение! Попробуете прочитать ****❓** Я ючоьг гдь фйч гчйьгчйябч? Это не ошибка и не очепятка — просто немного криптографии. Каждая буква здесь живёт по своим правилам. Чтобы понять смысл, придётся немного подумать, попробовать разные подходы и, самое главное, включить логику. **Откройте, если застряли.** 1️⃣ Подсказка: этот шифр — его «римская империя». 2️⃣ Подсказка: начните с одиночной буквы —таких коротких слов не так много. Попробуйте разгадать сами, а потом загляните за ответом к ребятам из [«Зачем мне эта математика»](https://t.me/practicum_math/860) — они уже расшифровали 🙏 __🦄____ — если всё получилось__",641,document,1,True,['https://t.me/practicum_math/860'],6821,15,48,,,,,,,,,,,1.0,,1.0,,,10.0,6.0,,,,,24.0,6.0
Education_Yandex,Яндекс Образование,36000,2000,2025-10-21,15:13:09,2025-10-21 15:13:09+00:00,2025-12-01 02:50:12.957457,False,False,True,"В сентябре мы говорили про математику в искусстве — на всякий случай [напомним](https://t.me/Education_Yandex/1883) для тех, кто пропустил. А сегодня посмотрим, как математика прячется в повседневности и двигает всё вокруг 🔍 Задумывались, как устроены сервисы службы доставки и логистики? Смотрите карточки — и увидите, как формулы и алгоритмы управляют миром вокруг нас каждый день. __ ____❤️____ — если любите такое__",419,photo,1,True,['https://t.me/Education_Yandex/1883'],6632,40,60,,,,,,,,,,,,,,,,16.0,7.0,,,,,,37.0
Education_Yandex,Яндекс Образование,36000,1999,2025-10-20,16:37:32,2025-10-20 16:37:32+00:00,2025-12-01 02:50:12.957457,False,False,True,"**Пора разогреться перед Yandex Cup ****🏆** До 29 октября вы можете зарегистрироваться и попробовать свои силы в пробном туре. Решайте задачи, знакомьтесь с платформой и разбирайтесь, как всё устроено изнутри. ❗️ Не пропустите 2 ноября — день квалификации в бэкенде, аналитике, фронтенде, алгоритме и мобильной разработке. Отбор в ML-направлении уже идёт и продлится до 5 ноября. ❗️ В этом году финалисты встретятся в Стамбуле. Концепция вдохновлена традициями турецкого крафта: от каллиграфии до ювелирного дела. Задача участников — оживить древние ремёсла через технологии и ручной код. [**Зарегистрируйтесь**](https://yandex.ru/cup/2025?utm_source=telegram&utm_medium=social&utm_campaign=yandex-cup25&utm_content=yy&utm_term=2010education)**, чтобы участвовать. ** __ ____🤩____ — если готовы принять вызов__",810,photo,1,True,['https://yandex.ru/cup/2025?utm_source=telegram&utm_medium=social&utm_campaign=yandex-cup25&utm_content=yy&utm_term=2010education'],6661,39,46,,,,,,,,10.0,,,,,,,,3.0,,,,,16.0,,18.0
Education_Yandex,Яндекс Образование,36000,1998,2025-10-20,14:15:53,2025-10-20 14:15:53+00:00,2025-12-01 02:50:12.957457,False,False,True,"**AI360 — это возможности, будущее и перспективы ****💖** Так говорят студенты на программах AI360. Почти два месяца учёбы позади — самое время узнать у ребят, как дела. Мы спросили, что им нравится, что удивляет и чем запомнились первые шаги в профессии будущего. __🔥____ — если вдохновились видео__",299,document,0,False,[],6251,28,54,,5.0,,,,,,,,,2.0,,2.0,,,39.0,,,2.0,1.0,,,3.0
Education_Yandex,Яндекс Образование,36000,1997,2025-10-19,07:04:31,2025-10-19 07:04:31+00:00,2025-12-01 02:50:12.957457,False,False,True,"**Ждать, пока зачётка начнёт работать на вас VS Участвовать в олимпиаде с призами ****🚀** До 11 ноября идёт [регистрация](https://yandex.ru/profi/) на IX сезон **олимпиады «Я — профессионал»**. Яндекс поддерживает событие уже 9 лет — с самого первого сезона! Участвовать могут студенты технических, гуманитарных, естественно-научных, педагогических, аграрных и медицинских направлений. В конце победителей ждут: 🏆 диплом, который открывает двери в топовые вузы; 🏆 стажировка в крупной компании, чтобы попробовать профессию до выпуска; 🏆 денежные премии до 300 000 ₽ — за то, что вы уже умеете; 🏆 доступ к карьерным консультациям, вакансиям и онлайн-мероприятиям — полезные шаги к будущему. **Бонус для участников прошлых сезонов**: по ряду направлений диплом позволяет сразу попасть на заключительный этап, минуя отборочный. Всё остальное — честная проверка себя до финала. __🏆____ — если пошли регистрироваться__",913,photo,1,True,['https://yandex.ru/profi/'],6933,71,37,,,,,,,,19.0,9.0,,,,,,,1.0,,,,,,,8.0
Education_Yandex,Яндекс Образование,36000,1996,2025-10-17,11:05:14,2025-10-17 11:05:14+00:00,2025-12-01 02:50:12.957457,False,False,True,"**Раньше собирали рыжие листья в букеты, а теперь — вдохновляющие события от Яндекс Образования ****⬇️** 1️⃣ Готовы прокачать Python, Go, C++ или Frontend шаг за шагом? В Лицее вас ждут [онлайн-курсы](https://lyceum.yandex.ru/index#selfpaced_courses), где можно освоить базовые инструменты разработчика без вступительного отбора. 2️⃣ Любите соревнования и программирование? Тогда вам на международный [чемпионат Yandex Cup 2025 ](https://yandex.ru/cup/)с финалом в Стамбуле. Проверьте свои навыки, поборитесь за призовой фонд и возможность пройти упрощённое собеседование. 3️⃣ Интересуетесь историей технологий? На выставке [Учебника](https://t.me/yandex_edu_inf) и [Музея ](https://t.me/yandexmuseum)можно увидеть ретрокомпьютеры, пройти интерактивные квесты и узнать о профессиях будущего. Билеты в офлайн — [здесь](https://yandex.ru/museum/informatika40). 4️⃣ Хотите понять, как устроен компьютер? Тогда пора открывать новый [хендбук «Основы компьютерных наук»](https://education.yandex.ru/handbook/vvedenie-v-kompiuternie-nauki) — там всё о том, как работают программы и IT-процессы, с практическими заданиями и автопроверкой. __ ____🔥____ — если выбрали, с чего начать__",1175,photo,6,True,"['https://t.me/yandexmuseum', 'https://education.yandex.ru/handbook/vvedenie-v-kompiuternie-nauki', 'https://t.me/yandex_edu_inf', 'https://lyceum.yandex.ru/index#selfpaced_courses', 'https://yandex.ru/cup/', 'https://yandex.ru/museum/informatika40']",7319,61,38,,,,,,,,,,,,,,,,9.0,,,,,,,36.0
Education_Yandex,Яндекс Образование,36000,1995,2025-10-16,13:04:48,2025-10-16 13:04:48+00:00,2025-12-01 02:50:12.958698,False,False,True,"На этой неделе мы делились подборкой книг и лайфхаками о том, как читать, чтобы всё запоминалось. А теперь придумали мини-квест для чтения, который можно проходить снова и снова 🔄 1️⃣ Выберите книгу из нашей [подборки.](https://t.me/Education_Yandex/1986) Мы стартуем с [«Думай иначе».](https://books.yandex.ru/books/GNVobiJh) 2️⃣ Определите методику, с которой хотите поработать. Наш выбор — метод Фейнмана. Его суть: объяснить сложное своими словами так, чтобы друг-гуманитарий всё понял. 3️⃣ Соедините пункты 1 и 2. Мы начали читать и сразу наткнулись на определение бионики: «Выявлением и использованием «механизмов природы» занимается наука бионика. Бионика — это наука на стыке биологии и техники. Она изучает живую природу и берёт её идеи для создания новых устройств. Ещё 3000 лет назад китайцы подсмотрели у насекомых, как делать шёлк.» Давайте сразу запомним ⬇️ **Что это?** Биология + технологии. **Зачем это?** Природа уже придумала крутые решения — зачем изобретать заново? Птицы летают легко, значит, можно повторить их принципы в самолётах, как сделал Да Винчи. **Как работает?** Учёные подсматривают у природы классные идеи для техники, анализируют, как функционируют животные и растения, и пробуют повторить это в машинах. Ну вот, мы и попрактиковались! Продолжайте выполнять этот квест с каждой главой и книгой — и полученные знания останутся в вашей голове как прочная база для новых идей. __❤️‍🔥____ — если сохранили квест__",1444,document,2,True,"['https://books.yandex.ru/books/GNVobiJh', 'https://t.me/Education_Yandex/1986']",6337,40,40,,,,,,,,,,,1.0,,,,,5.0,,,7.0,,,,43.0
Education_Yandex,Яндекс Образование,36000,1994,2025-10-15,13:03:25,2025-10-15 13:03:25+00:00,2025-12-01 02:50:12.958698,False,False,True,"**Можно ли выучить язык с ИИ ****❓** И да, и нет. Искусственный интеллект помогает проверять тексты, объяснять правила, подбирать упражнения и даже тренировать произношение. Но есть вещи, где без человека не обойтись — эмоции, юмор, культурные отсылки. Всё, что делает речь живой, машине пока не даётся. ➡️ Екатерина Ан, специалист группы переводов экспертной обработки данных Яндекса, изучает испанский с ИИ-помощниками, которые подсказывают и проверяют, но иногда ошибаются. ➡️ Сергей Король, редактор 8БИТ, использует нейронки, чтобы разбирать рекламные баннеры на немецком и превращать подкасты в упражнения по аудированию. Важно помнить: нейросеть может потерять нить разговора, перепутать стиль или не уловить иронию. Чтобы таких ошибок было меньше, в тексте журнала собрали проверенные промты и реальные примеры от Екатерины и Сергея. ❗️ __Читать __[__материал__](https://education.yandex.ru/journal/languages?utm_source=tg&utm_medium=internal&utm_campaign=journal&utm_content=15.10)__ стоит хотя бы для того, чтобы понять, как реально учат языки сегодня.__",1064,photo,1,True,['https://education.yandex.ru/journal/languages?utm_source=tg&utm_medium=internal&utm_campaign=journal&utm_content=15.10'],6950,40,36,,,,,,,,,,,,,,,,7.0,,,6.0,,,,23.0
Education_Yandex,Яндекс Образование,36000,1987,2025-10-14,15:55:40,2025-10-14 15:55:40+00:00,2025-12-01 02:50:12.958698,False,False,True,"**Когда учебник перестаёт быть кирпичом ****🔍** Книги по техническим наукам — настоящий вызов. Мы все это знаем: читаешь главу, а через день будто и не открывал. Формулы, алгоритмы, статистика — всё кажется сложным, пока не находишь правильный способ работы с текстом. Собрали методы, которые помогают учиться осознанно: от активного чтения и конспектов до практики и повторений ⬆️ __🎉____ — если захотелось применить лайфхаки__",428,photo,0,False,[],6413,191,92,,,,,,,31.0,,,,5.0,,,,,4.0,,,7.0,,,,45.0
Education_Yandex,Яндекс Образование,36000,1986,2025-10-13,16:03:27,2025-10-13 16:03:27+00:00,2025-12-01 02:50:12.958698,False,False,True,"**Ъ. Это твёрдый знак, что пора прочитать новую книгу**. Вот 7 произведений, которые прокачают ваши навыки мышления и поиска нестандартных решений. Одобрено экспертами Яндекса ⬇️ 1️⃣ [Код, который умещается в голове: эвристики для разработчиков.](https://books.yandex.ru/books/GA7JxVYZ) Практические советы по написанию устойчивого и понятного кода, управлению сложностью и организации командной работы. Методы от проектирования API до модульного тестирования, иллюстрированные примерами на C#. Полезно для всех, кто работает с объектно-ориентированными языками. 2️⃣ [Разберись в Data Science.](https://books.yandex.ru/books/h7nmqbbp) Как освоить науку о данных и думать как эксперт Пошаговое руководство, которое развенчивает мифы о сложности Data Science и помогает понять статистику, машинное обучение и ИИ. Книга научит мыслить аналитически, задавать правильные вопросы и избегать ошибок при работе с данными. 3️⃣ [Как управлять интеллектуалами. Я, нерды и гики.](https://books.yandex.ru/books/KsMeFcYq) Майкл Лопп делится искренними и смешными историями из работы в крупных IT-компаниях, учит управлять талантами, сохранять спокойствие и доводить проекты до конца. 4️⃣ [Современный подход к программной архитектуре: сложные компромиссы.](https://books.yandex.ru/books/eMHyBlqU) Архитектура — это постоянный выбор между скоростью, стабильностью и масштабируемостью. Авторы показывают, как находить компромиссы и принимать решения там, где нет простых ответов. 5️⃣ [Big Data простым языком.](https://books.yandex.ru/books/Epc4LJ8K) Как смартфоны превратились в личных ассистентов, а данные — в движущую силу мира. Просто о том, что стоит за привычными экранами и уведомлениями. 6️⃣ [Как приготовить проект: Рецепты для создания успешных продуктов и команд.](https://books.yandex.ru/books/L4t78akx) Егор Ганин объясняет управление проектами через метафору кухни: простые «рецепты» задач, сроков и команд. Читается легко, при этом книга полна реальных инструментов и приёмов. 7️⃣ [Думай иначе.](https://books.yandex.ru/books/GNVobiJh) Что объединяет великих изобретателей? Умение смотреть под другим углом. 140 кейсов, которые прокачают ваше креативное мышление. __⚡️____ — если захотелось открыть одну из этих книг__",2218,photo,7,True,"['https://books.yandex.ru/books/Epc4LJ8K', 'https://books.yandex.ru/books/GA7JxVYZ', 'https://books.yandex.ru/books/GNVobiJh', 'https://books.yandex.ru/books/KsMeFcYq', 'https://books.yandex.ru/books/h7nmqbbp', 'https://books.yandex.ru/books/eMHyBlqU', 'https://books.yandex.ru/books/L4t78akx']",7867,254,113,,72.0,,,,,,,14.0,,,,,,,1.0,,,,,,,26.0
Education_Yandex,Яндекс Образование,36000,1985,2025-10-11,14:05:07,2025-10-11 14:05:07+00:00,2025-12-01 02:50:12.960092,False,False,True,"В детском МРТ врача в числе прочего интересует объём мозга и серого и белого вещества в нём. Врачам нужны точные данные, но при ручном подсчёте на это уходит до нескольких часов. А в случае проблем у новорождённых время особенно критично ❗️ При этом давно существуют автоматические системы анализа для взрослых пациентов. Для детей старше двух лет тоже были эксперименты, а вот для новорождённых универсальных решений до сих пор не было. До этого похожие задачи решали в формате ML-челленджей, но результаты нельзя было использовать на практике: там целью были метрики на тестовых датасетах, а не готовый продукт. А студенты ШАДа вместе с командой [Yandex B2B Tech](https://t.me/yab2btech) и специалистами [СПбГПМУ](https://t.me/gpmu_org) создали именно адаптированную для реального применения разработку — это существенно ускорит процесс чтения МРТ врачом и принятия решения о том, как помочь маленькому пациенту. **О том, как шла работа над проектом, читайте в **[**статье**](https://education.yandex.ru/journal/baby-MRT)** 8БИТ** ✍️",1035,photo,3,True,"['https://education.yandex.ru/journal/baby-MRT', 'https://t.me/gpmu_org', 'https://t.me/yab2btech']",7584,30,71,,,,,,,,,2.0,,,,,,,15.0,33.0,,,,,,21.0
Education_Yandex,Яндекс Образование,36000,1979,2025-10-11,10:04:31,2025-10-11 10:04:31+00:00,2025-12-01 02:50:13.811618,False,False,True,"**Продвинутый уровень — и в работе, и в обучении — это когда можешь действовать даже там, где нельзя применить ни одно из уже готовых решений ****🚀** Один из способов развивать этот навык — тренировки с элементом случайности. Они включают креативность, требуют анализа и тренируют адаптивность к разным условиям. В карточках найдёте 5 упражнений ⬆️ ⚡️__— если практикуете регулярно__",383,photo,0,False,[],5885,51,48,,8.0,,,,,,2.0,,,,,,,,6.0,,,,9.0,,1.0,41.0
Education_Yandex,Яндекс Образование,36000,1970,2025-10-10,16:11:58,2025-10-10 16:11:58+00:00,2025-12-01 02:50:13.811618,False,False,True,"**История информатики оживает ****❗️** [Учебник](https://t.me/yandex_edu_inf) и [Музей](https://t.me/yandexmuseum) подготовили совместный проект к юбилею информатики в школах: первые уроки прошли ровно 40 лет назад! А как выглядели первые компьютерные классы — показываем на нашей выставке. **Что ещё можно увидеть на выставке?** ✳️ Ретрокомпьютеры — посмотрите, на чём учились школьники в 1980-х. ✳️ Интерактивные инсталляции и квесты — решайте задачи прямо на экспонатах: от первых алгоритмов до современных нейросетей. ✳️ Роль информатики в шести разных профессях в IT: дата-журналист, ML-разработчик, AI-тренер, специалист по цифровой доступности, промышленный дизайнер, креативный директор. **Регистрация **[**здесь**](https://yandex.ru/museum/informatika40)** ****⬇️** Сейчас выставку можно посетить офлайн в Казани, дальше она отправится в Екатеринбург и Новосибирск. __⚡️____— если пошли забирать свой билет__",917,photo,3,True,"['https://yandex.ru/museum/informatika40', 'https://t.me/yandexmuseum', 'https://t.me/yandex_edu_inf']",5801,18,56,,19.0,,,,,,4.0,,,,,,,,1.0,9.0,,,,,,23.0
Education_Yandex,Яндекс Образование,36000,1969,2025-10-08,17:11:11,2025-10-08 17:11:11+00:00,2025-12-01 02:50:13.811618,False,False,True,"**Иногда ошибка — лучший результат ****🏆** История знает немало открытий, родившихся случайно. Например, ластик для стирания карандаша раньше был хлебным мякишем — пока оптик Эдвард Нэрн не взял вместо него случайно попавший под руку кусочек резины, который справился с задачей ничуть не хуже. **Ещё примеры из разных областей: ** ✔️ открытие пенициллина началось с плесени на забытых чашках Петри; ✔️ микроволновка появилась благодаря расплавленной плитке шоколада в кармане инженера; ✔️ рентген — из экспериментов с катодными лучами; ✔️ и даже принцип застёжки-липучки родился во время прогулки с собакой по лесу, где она нацепила на свою шерсть репейник. Случайные ошибки иногда важнее идеальных планов. Они напоминают, что всегда стоит пробовать новое 🚀 __🔥____ — если знакомы с этими случаями ____🤔____ — если о чём-то услышали впервые ____❤️____ — если хотя бы раз ваша «оплошность» обернулась находкой__",910,photo,0,False,[],6775,22,132,,,,,,,,,,,,,,,,49.0,,,,35.0,,,48.0
Education_Yandex,Яндекс Образование,36000,1968,2025-10-08,15:06:33,2025-10-08 15:06:33+00:00,2025-12-01 02:50:13.811618,False,False,True,"**ЕГЭ — это финальный босс, но мы знаем, как его победить ****👑** ЕГЭ по информатике с Яндекс Учебником — подготовка к экзамену на новом уровне! Прокачивайте скиллы, решайте задачи и следите за прогрессом — как в любимом RPG. **А что в инвентаре? ** ✔️ План подготовки под желаемый балл — 40, 60 или 80+ в зависмости от личной цели. ✔️ Задания ФИПИ — как на реальном экзамене. ✔️ Авторские варианты — интереснее, чем в обычных сборниках. ✔️ История решений__ __и цветная статистика решений каждого номера — можно посмотреть, где было сложно. ✔️ Маркер для заметок — решайте задачки прямо на полях, оставляйте важные пометки. ✔️ Разборы от экспертов — покажем, где обычно допускаются ошибки и как этого избежать. ✔️ ИИ-помощник — объясняет теорию, ищет баги в коде и не устаёт повторять одно и то же (если попросите). [__Нажмите,__](https://education.yandex.ru/ege/go?utm_source=YaObr&utm_medium=tg&utm_campaign=updateege&utm_content=bossfight&utm_term=oct25)__ чтобы начать прокачку__ ⚡",986,photo,1,True,['https://education.yandex.ru/ege/go?utm_source=YaObr&utm_medium=tg&utm_campaign=updateege&utm_content=bossfight&utm_term=oct25'],6568,124,49,,9.0,,,,,,,,,,,,,,2.0,9.0,,,,,,29.0
Education_Yandex,Яндекс Образование,36000,1967,2025-10-07,15:54:28,2025-10-07 15:54:28+00:00,2025-12-01 02:50:13.812621,False,False,True,"**Всерос не за горами. А что это значит ****❓** Что мы снова объявляем сборы! С 6 по 12 октября вместе с [Young&&Yandex запускаем](https://t.me/Young_and_Yandex) онлайн-сборы по математике. Шесть дней, чтобы вспомнить всё и поймать то чувство, когда решение наконец сходится. **Нас ждёт**: 🙃 практика каждый день, 🙃 видеоразборы задач с пояснениями, 🙃 возможность попрактиковаться до настоящего старта. Зовём ребят с 7 по 11 класс, независимо от уровня знаний — главное, чтобы было интересно потренироваться. Участие бесплатное и без вступительных испытаний. [Регистрируйтесь](https://yandex.ru/yaintern/olympiads/vsosh-mat?utm_source=telegram&utm_medium=social&utm_campaign=vsosh25&utm_content=yy&utm_term=07.10_education)** — и увидимся на сборах ****✔️** __🐳____ — плыву на регистрацию__",790,photo,2,True,"['https://yandex.ru/yaintern/olympiads/vsosh-mat?utm_source=telegram&utm_medium=social&utm_campaign=vsosh25&utm_content=yy&utm_term=07.10_education', 'https://t.me/Young_and_Yandex']",8063,143,74,,4.0,,,,,,,26.0,,1.0,,,,,3.0,,,2.0,,,,58.0
Education_Yandex,Яндекс Образование,36000,1965,2025-10-07,13:11:52,2025-10-07 13:11:52+00:00,2025-12-01 02:50:13.812621,False,False,True,"**«Это моя работа»** — подкаст про неординарные пути и смысл в работе, про людей Яндекса, про задачи, которые дают пространство для роста и смелых идей. Рекомендуем каждый выпуск, но особенно — самый свежий, пятый, в котором гостьей стала **Дарья Козлова, СЕО Яндекс Образования** 💛 Дарья рассказала про настоящее и будущее образования, а ещё про свой путь: от профессионального спорта и ИТМО до управления любимым Образованием. Задача состояла в том, чтобы определить, а в чём будет наибольший эффект от участия Яндекса в школьном и высшем образовании? Где мы можем принести наибольшую пользу и вообще какая наша роль там? И вот в этом был огромный вызов. ** Будете смотреть — узнаете ****🔍** 1️⃣ Как объединить академическую науку и IT и при этом разобраться во всех словечках Яндекса. 2️⃣ Зачем объяснять школьникам, что всё по ту сторону экрана — это математика и информатика. 3️⃣ Как меняется школьное образование с развитием ИИ. А дальше — смотрите в выпуске. **Выпуск уже на всех площадках!** 📺 YouTube: [смотреть](https://youtu.be/sXbLn3TAWws) 🌍 VK Видео: [смотреть](https://vkvideo.ru/video-231851500_456239021) 🗯 Яндекс Музыка: [слушать](https://music.yandex.ru/album/37306123)",1187,photo,3,True,"['https://vkvideo.ru/video-231851500_456239021', 'https://youtu.be/sXbLn3TAWws', 'https://music.yandex.ru/album/37306123']",6701,52,55,,,,1.0,,,,,,,,,,,,32.0,,,,,,,33.0
Education_Yandex,Яндекс Образование,36000,1964,2025-10-06,16:23:28,2025-10-06 16:23:28+00:00,2025-12-01 02:50:13.812621,False,False,True,,0,document,0,False,[],6472,15,79,,1.0,,,,,,,,,7.0,,,,,18.0,3.0,,,,,,84.0
Education_Yandex,Яндекс Образование,36000,1963,2025-10-06,16:23:28,2025-10-06 16:23:28+00:00,2025-12-01 02:50:13.812621,False,False,False,"В Нижнем Новгороде начался студкемп Яндекс Образования по компьютерному зрению и автономному транспорту 👀 Это две недели интенсивных занятий: лекции, домашние задания и создание алгоритмов для автономного транспорта. Спикеры — разработчики автономного транспорта в Яндексе, а также преподаватели [ФКН ВШЭ](https://t.me/fcs_hse) и [Университета НЕЙМАРК](https://t.me/neimarkitlektoriy). __А участвуют в студкемпе студенты 3-4-х курсов, и они уже тестируют технологии и передают нам привет в кружке__ ⬇️",501,,2,True,"['https://t.me/fcs_hse', 'https://t.me/neimarkitlektoriy']",6242,13,36,,,,,,,,,,,,,,,,12.0,,,,,,,40.0
Education_Yandex,Яндекс Образование,36000,1962,2025-10-03,12:41:05,2025-10-03 12:41:05+00:00,2025-12-01 02:50:13.812621,False,False,True,"**Первый спецпроект в журнале 8БИТ! ** И это, во-первых, красиво, а во-вторых, целых 10 текстов о том, как устроены компьютеры и технологии вокруг нас. **Что внутри? ** 1️⃣ Как люди считали и мечтали о роботах до электричества? 2️⃣ Как компьютеры перешли от вычислений к творчеству — понимают музыку, изображения и создают свои работы? 3️⃣ Как работают операционные системы и языки программирования, на которых строятся привычные сайты и приложения? 4️⃣ Как всё развивалось в ИТ: от первых машин до современных систем. 🐛🐛🐛**__Вам прямо __**[**__сюда.__**](https://education.yandex.ru/journal/from-eniac-to-macbook?utm_source=tg&utm_medium=internal&utm_campaign=spec8bit&utm_content=03.10)",688,photo,1,True,['https://education.yandex.ru/journal/from-eniac-to-macbook?utm_source=tg&utm_medium=internal&utm_campaign=spec8bit&utm_content=03.10'],8176,44,40,,6.0,,,,,,,,,,,,,,3.0,,,,,,9.0,22.0
Education_Yandex,Яндекс Образование,36000,1961,2025-10-02,11:40:28,2025-10-02 11:40:28+00:00,2025-12-01 02:50:13.813623,False,False,False,"Теперь посчитайте, чего у вас больше: огней, молний, единорогов или кубков. И не забудьте оставить победивший эмоджи под этим постом! __Результат для каждого эмоджи ищите на виже, а ссылки оставили здесь:__ 🔥 — [перейти к генерации образов будущего](https://education.yandex.ru/codeyourfuturehere?utm_source=edu_main&utm_medium=internal&utm_campaign=bts25&utm_content=banner); ⚡️ —[ изучить один из хендбуков](https://education.yandex.ru/handbook); 🦄 — [зарегистрироваться на конфу YAC/e](https://yace.yandex.ru/?utm_source=mindbox&utm_medium=bot&utm_campaign=yace2025&utm_content=newsbot-ad); 🏆 — [выбрать самостоятельный курс в Лицее](https://lyceum.yandex.ru/?utm_source=edu_main&utm_medium=internal&utm_campaign=lyceum2025&utm_content=banner).",747,,4,True,"['https://lyceum.yandex.ru/?utm_source=edu_main&utm_medium=internal&utm_campaign=lyceum2025&utm_content=banner', 'https://yace.yandex.ru/?utm_source=mindbox&utm_medium=bot&utm_campaign=yace2025&utm_content=newsbot-ad', 'https://education.yandex.ru/codeyourfuturehere?utm_source=edu_main&utm_medium=internal&utm_campaign=bts25&utm_content=banner', 'https://education.yandex.ru/handbook']",7481,8,207,,41.0,,,,,,79.0,4.0,,,,,,,52.0,,,,,,27.0,4.0
Education_Yandex,Яндекс Образование,36000,1960,2025-10-02,11:36:20,2025-10-02 11:36:20+00:00,2025-12-01 02:50:13.813623,False,True,True,[ОПРОС] За какого персонажа сыграете в видеоигре?,49,other,0,False,[],7253,2,34,,,,,,,,18.0,3.0,,,,,,,2.0,5.0,,,,,6.0,0.0
Education_Yandex,Яндекс Образование,36000,1959,2025-10-02,11:35:16,2025-10-02 11:35:16+00:00,2025-12-01 02:50:13.813623,False,True,True,[ОПРОС] Какую суперсилу выберете?,33,other,0,False,[],6638,3,24,,6.0,,,,,,,,,,,,,,3.0,,,10.0,,,4.0,1.0
Education_Yandex,Яндекс Образование,36000,1958,2025-10-02,11:34:09,2025-10-02 11:34:09+00:00,2025-12-01 02:50:13.813623,False,True,True,"[ОПРОС] Что сказал бы ноутбук, если бы умел говорить?",53,other,0,False,[],6815,5,34,,3.0,,,,,,7.0,15.0,,,,2.0,,,1.0,,,,,,5.0,1.0
Education_Yandex,Яндекс Образование,36000,1957,2025-10-02,11:32:58,2025-10-02 11:32:58+00:00,2025-12-01 02:50:13.813623,False,True,True,[ОПРОС] Как любите решать сложные задачи?,41,other,0,False,[],6568,3,20,,3.0,,,,,,9.0,,,1.0,,,,,4.0,,,,,,1.0,2.0
Education_Yandex,Яндекс Образование,36000,1956,2025-10-02,11:25:26,2025-10-02 11:25:26+00:00,2025-12-01 02:50:13.813623,False,False,True,"**Как не уйти в спячку этой осенью? Вопрос не только к погоде **👨‍💻 Мы подготовили тест, который подскажет, как сделать осень теплее! Для этого отвечайте на 4 вопроса и запоминайте эмоджи ⬇️",190,photo,0,False,[],6919,5,48,,7.0,,,,,,10.0,,,,,,,,4.0,5.0,,,,,,42.0
Education_Yandex,Яндекс Образование,36000,1955,2025-10-01,14:12:05,2025-10-01 14:12:05+00:00,2025-12-01 02:50:13.814930,False,False,True,"**Новый хендбук уже на сайте ****🔍** Совместно с [Яндекс Музеем](https://t.me/yandexmuseum) мы подготовили хендбук «Основы компьютерных наук» — простой и практичный гайд о том, как устроен сложный мир информатики. В нём вы найдёте объяснение того, как работает компьютер и операционные системы, как создаются программы и как устроены процессы в ИТ. **Что это значит для вас?** 1️⃣ Появился новый слот с хендбуком на сайте Яндекс Образования — открывайте и начинайте изучать. 2️⃣ Теперь есть фундаментальная онлайн-база по языкам программирования, алгоритмам и будущей ИТ-профессии. 3️⃣ Можно отправить друзьям, чтобы обсуждать и делиться открытиями — учиться вместе интереснее. Начать можно с нуля: опыт программирования пригодится, но не обязателен. А чтобы знания не оставались только теорией, хендбук предлагает практику: задания с автопроверкой и подсказками. [__Открыть хендбук__](https://education.yandex.ru/handbook?utm_source=tg&utm_medium=interanl&utm_campaign=handbook-comp&utm_content=01.10#catalog) ✔️",1013,photo,2,True,"['https://education.yandex.ru/handbook?utm_source=tg&utm_medium=interanl&utm_campaign=handbook-comp&utm_content=01.10#catalog', 'https://t.me/yandexmuseum']",7898,202,98,,,,,,,,8.0,,,1.0,,,,,8.0,43.0,,,,,18.0,22.0
Education_Yandex,Яндекс Образование,36000,1954,2025-09-30,13:02:22,2025-09-30 13:02:22+00:00,2025-12-01 02:50:13.814930,False,False,True,"**Который час? Время стать программистом прямо в школе ****👍** [«Сириус»,](https://t.me/sirius_talents) [Яндекс](https://t.me/yandex) и [Факультет компьютерных наук](https://t.me/fcs_hse) НИУ ВШЭ запускают отбор на [программу «Алгоритмы и анализ данных»](https://sochisirius.ru/obuchenie/nauka/smena2183/10058) для старшеклассников 10–11 классов. Представьте: вы решаете сложные алгоритмы, создаёте проекты в команде и погружаетесь в мир искусственного интеллекта ➡️ Всё это может стать реальностью **с 4 по 26 декабря**. Если вы увлекаетесь олимпиадным программированием, здесь можно попробовать себя в роли настоящего разработчика. А победители олимпиад могут сразу попасть на очный тур, минуя дистанционный отбор. **Регистрация открыта до 5 октября — **[**подавайте заявку**](https://sochisirius.ru/obuchenie/nauka/smena2183/10058)** и стартуйте ****🚀** __🔥____ — классные новости__",885,photo,4,True,"['https://t.me/sirius_talents', 'https://t.me/fcs_hse', 'https://t.me/yandex', 'https://sochisirius.ru/obuchenie/nauka/smena2183/10058']",6656,79,49,,10.0,,,,,,,,,,,,,,27.0,6.0,,,,,2.0,5.0
Education_Yandex,Яндекс Образование,36000,1944,2025-09-30,10:03:28,2025-09-30 10:03:28+00:00,2025-12-01 02:50:13.814930,False,False,True,"Она предсказывает будущее каждый день. Она — [Яндекс Погода](https://t.me/yandex_weather) ⚡ Когда-то погоду определяли по приметам: цвету неба, ветру, поведению животных. Потом появились термометры, барометры, анемометры и первые метеостанции, которые начали фиксировать показатели системно. Сегодня прогноз стал намного доступнее. Метеум, технология Яндекс Погоды, показывает данные для отдельных улиц и районов: температуру, параметр «Ощущается как», осадки прямо на карте. И с каждым годом их точность только растёт. Собрали таймлайн развития технологии, которая помогает предсказывать погоду, в карточках. А подробнее о прогнозах — в [тексте](https://education.yandex.ru/journal/weather-report) Журнала 8БИТ 👀",713,document,2,True,"['https://education.yandex.ru/journal/weather-report', 'https://t.me/yandex_weather']",5463,9,32,,7.0,,,,,,,,,,,,,,17.0,,,,,,3.0,7.0
Education_Yandex,Яндекс Образование,36000,1937,2025-09-29,11:58:53,2025-09-29 11:58:53+00:00,2025-12-01 02:50:13.814930,False,False,True,"В [Яндекс Лавке](https://t.me/yandex_lavka_tg) каждая минута на счету: сборщик комплектует продукты, курьер мчится к вам — и всё это должно уложиться в 15 минут ⌚️ **Александр Исаков,** аналитик и разработчик Лавки, объясняет, как команда прогнозирует спрос на заказы, чтобы курьеров всегда хватало, а заказы привозили вовремя.",327,photo,1,True,['https://t.me/yandex_lavka_tg'],6183,11,66,,3.0,,,,,,,2.0,,,,,,,10.0,2.0,,,,,2.0,60.0
Education_Yandex,Яндекс Образование,36000,1936,2025-09-28,17:01:33,2025-09-28 17:01:33+00:00,2025-12-01 02:50:13.814930,False,False,True,"Пять лекций подряд, десятки статей к семинару и часовое интервью для проекта. Вручную это неделя за экраном ноутбука, но сегодня можно учиться иначе — вместе с нейросетями. Мы собрали в один пост задачи, где ИИ помогает каждый день. **1️⃣**** Наводит порядок в данных. **Таблицы и анкеты превращаются в удобные блоки. Сводить десятки строк вручную больше не нужно — YandexGPT справляется за секунды. **2️⃣**** Выделяет главное. **Лекции и статьи сокращаются до пары предложений. Нейросети GPT помогают быстро найти суть и собрать черновики конспектов. **3️⃣**** Расшифровывает аудио.** Интервью, лекции и собственные выступления становятся готовым текстом без перемотки. TurboScribe делает это мгновенно. **4️⃣**** Переводит без границ. **Иностранные исследования становятся доступными на русском. Gemini убирает барьер языка и экономит время. **5️⃣**** Ищет материалы. **Perplexity собирает свежие статьи и новости, пока вы пьёте кофе. **6️⃣**** Делает данные наглядными. **Napkin превращает цифры в схемы и презентации, а Nano Banana помогает визуализировать проекты и готовить материалы для постов. 🤓 — если разобрались",1122,photo,0,False,[],7116,98,97,,,,,,,,,,,,,,,,3.0,,,53.0,11.0,,3.0,45.0
Education_Yandex,Яндекс Образование,36000,1935,2025-09-25,08:11:43,2025-09-25 08:11:43+00:00,2025-12-01 02:50:13.814930,False,False,True,"**Подборка, которая прокачает ваши знания об ИИ 🧠** ИИ перестал быть чем-то далёким и абстрактным. Он больше не тема научной фантастики, а рабочий инструмент, который помогает нам учиться, создавать и даже защищаться. Мы собрали три материала, чтобы показать, как именно это работает. 🟡[Лекция Сергея Кольцова](https://education.yandex.ru/knowledge/primenenie-ai-instrumentov-v-razrabotke-shmr-2025) показывает, как нейросети помогают ускорять разработку, проверять идеи и упрощать процесс. Это не замена человеку, а поддержка, которая снимает рутину и оставляет место для настоящего творчества. 🟡 ИИ одинаково интересен и хакерам, и специалистам по кибербезопасности. Одни используют его для поиска уязвимостей, другие — чтобы защищать системы ещё надёжнее. В[ видео ](https://education.yandex.ru/knowledge/ii-v-rukakh-khakerov-i-kiberbezopasnikov-vozmozhnosti-i-riski)эксперты разбирают реальные кейсы и объясняют, почему важно понимать обе стороны этой игры в кошки-мышки. 🟡 Рекомендательные системы знают о нас больше, чем мы думаем. Что нам предложить, как удивить, чем вдохновить — всё это часть персонализации. [Николай Савушкин делится](https://education.yandex.ru/knowledge/budushchee-rekomendatelnikh-sistem) тем, каким будет следующий шаг в развитии технологий рекомендаций и как они изменят наш цифровой опыт. Все три материала складываются в простую мысль: ИИ уже рядом и помогает нам каждый день. Важно лишь научиться использовать его в своих интересах. ❤️ — если уже начали прокачивать свои знания",1512,photo,3,True,"['https://education.yandex.ru/knowledge/primenenie-ai-instrumentov-v-razrabotke-shmr-2025', 'https://education.yandex.ru/knowledge/ii-v-rukakh-khakerov-i-kiberbezopasnikov-vozmozhnosti-i-riski', 'https://education.yandex.ru/knowledge/budushchee-rekomendatelnikh-sistem']",8696,109,67,,,,,,,,,,,,,,,,2.0,6.0,,2.0,7.0,,,51.0
Education_Yandex,Яндекс Образование,36000,1934,2025-09-24,15:12:03,2025-09-24 15:12:03+00:00,2025-12-01 02:50:13.816440,False,False,True,"Куда пойти, если… ➡️ В IT хочется попробовать Python, Go или C++? ➡️ Интересен Frontend и первые шаги в веб-разработке? ➡️ Уже есть опыт в Go и нужен следующий уровень? **Конечно в Яндекс Лицей** 🤓 Про самостоятельные курсы по Python, Go и C++ мы подробно [рассказывали здесь.](https://t.me/Education_Yandex/1513) **Что нового появилось в этом году?** ✔️** Frontend-1: шаг за шагом**. Разберёмся с основами фронтенд-разработки, научим правильно пользоваться документацией, Git и GitHub, а также работать с инструментами отладки в браузере. ✔️** Go-2: шаг за шагом**. Продолжение Go-1, где мы укрепим базовые навыки и познакомимся с инструментами для написания и анализа конкурентного кода. **✔️**** Go-3: шаг за шагом**. Следующая ступень после Go-2. Программа ориентирована на углубление знаний и освоение ключевых аспектов современной разработки. **Как строится обучение на самостоятельных курсах?** 1️⃣ Никаких вступительных испытаний 2️⃣ Новые уроки открываются только после прохождения предыдущих 3️⃣ Все задачи проверяются автоматически 4️⃣ В конце выдаётся сертификат Выбрать курс и зарегистрироваться можно на [сайте Лицея](https://lyceum.yandex.ru/index?utm_source=edu_main&utm_medium=internal&utm_campaign=selfpaced2025&utm_content=events#selfpaced_courses).",1268,document,2,True,"['https://lyceum.yandex.ru/index?utm_source=edu_main&utm_medium=internal&utm_campaign=selfpaced2025&utm_content=events#selfpaced_courses', 'https://t.me/Education_Yandex/1513']",8283,95,50,,3.0,,,,,1.0,,,,13.0,,,,,1.0,,,,,,,50.0
Education_Yandex,Яндекс Образование,36000,1933,2025-09-24,12:22:09,2025-09-24 12:22:09+00:00,2025-12-01 02:50:13.816440,False,False,True,"**Суперкоманда для студента ****🏆** Представьте: у вас есть три сокурсника, которые всегда рядом. Один умный до гениальности, второй художник уровня Да Винчи, а третий всезнающий полиглот. И все они — нейросети от Яндекса 💖 **YandexGPT** — это тот самый одногруппник, который умеет объяснять простыми словами. С ним даже самые скучные конспекты превращаются в понятные и логичные схемы. Ему можно доверить поиск аргументов для доклада, составление плана и даже проверку текста. **YandexArt **— творческий приятель, который никогда не скажет «ой, у меня нет времени». Он за пару минут создаст стильные иллюстрации, картинки для презентации или постера. Теперь даже курсовая будет выглядеть так, будто её оформлял профи. **Нейросеть для перевода **— друг-полиглот, который готов перевести всё: от научной статьи из журнала до лекции в видеоформате. И не просто слово в слово, а с сохранением смысла, чтобы материал действительно был понятен. Вместе они составляют суперкоманду, которая делает учёбу легче. Вам остаётся только добавить своё вдохновение и креатив 🔻 __А какая нейросеть уже живёт в вашем учебном арсенале? 🔥 — YandexGPT постоянно спасает 🦄 — делаю слайды с YandexArt ⚡️ — читаю лекции с помощью переводчика ❤️ — тестирую все нейросети подряд__",1255,document,0,False,[],6786,38,97,,6.0,,,,,,,34.0,,2.0,,,,,23.0,,,,,,14.0,21.0
Education_Yandex,Яндекс Образование,36000,1923,2025-09-23,12:32:41,2025-09-23 12:32:41+00:00,2025-12-01 02:50:13.816440,False,False,True,"**Маршрут построен: 2007 → 2024 ****🚀** За 17 лет Яндекс прошёл путь от первых алгоритмов поиска до нейросетей, которые могут слышать, видеть, понимать, переводить и создавать. В карточках показали историю развития технологий: как запускался SpeechKit и появлялась Алиса, как нейросети научились распознавать изображения, прогнозировать погоду и переводить видео в реальном времени. Сегодня эти разработки объединены в умные сервисы Яндекса, которые помогают людям решать задачи быстрее и удобнее. А какой из этих сервисов кажется вам самым впечатляющим? ❤️ — Нейро 🤓 — перевод видео в реальном времени ⚡️ — автономный транспорт 🦄 — YandexART 🤩 — умная камера",659,photo,0,False,[],6288,22,173,,41.0,,,,,,,3.0,,,,3.0,,,3.0,,,31.0,,9.0,4.0,81.0
Education_Yandex,Яндекс Образование,36000,1922,2025-09-22,14:51:36,2025-09-22 14:51:36+00:00,2025-12-01 02:50:13.817463,False,False,True,"**Когда-то мысль о том, что машина сможет мыслить, звучала как дерзкая фантазия ****✨** Проходили годы, и фантазия обретала очертания. В 1943-м создали первую модель искусственного нейрона, а в 1956 году на семинаре в Дартмуте впервые прозвучал термин «искусственный интеллект». Чуть позже, в 1965-м, на свет появилась ELIZA — программа, которая умела вести диалог и стала прообразом современных чат-ботов. А в 1997-м компьютер «Дип Блю» смог обыграть лучшего шахматиста в мире, доказав: машины вышли далеко за пределы базовых вычислений. В начале 2000-х искусственный интеллект ушёл за пределы лабораторий: работал в космосе, исследовал Антарктиду вместе с роботами Кисмет и Номад, а параллельно входил в дома — в системах «умного дома» и первых умных устройствах, которые становились частью повседневности. К 2013 году стало ясно: искусственный интеллект — это уже не фантастика и не игрушка лабораторий. И в Яндексе разработали базу для будущей Алисы 🚀 Как вы уже догадались, эту неделю мы посвящаем искусственному интеллекту. Будем делиться полезными сервисами, которые сделают вашу жизнь удобнее и ярче. __❤️ — если уже не представляете свою жизнь без ИИ__",1161,photo,0,False,[],6730,8,95,,3.0,,,,,,,,,7.0,,,,,2.0,,,,,,11.0,72.0
Education_Yandex,Яндекс Образование,36000,1921,2025-09-21,17:06:35,2025-09-21 17:06:35+00:00,2025-12-01 02:50:13.817463,False,False,True,"Каждый большой путь начинается с маленького шага. А сделать его можно вместе с образовательными инструментами Яндекса 🙏 1️⃣ Специализация ML в Яндекс Лицее. За 3 месяца вы научитесь применять алгоритмы машинного обучения для обработки изображений, создавать простые нейросети и работать с популярными библиотеками и фреймворками. Зарегистрироваться можно [тут. ](https://lyceum.yandex.ru/ml?utm_source=tg&utm_medium=internal&utm_campaign=education&utm_content=21.09) 2️⃣ Самостоятельные курсы Яндекс Лицея. Онлайн-программы для новичков и тех, кто хочет углубить знания в программировании. Без преподавателей, отбора и дедлайнов. Приступить можно в любое время, оставив заявку на [сайте.](https://lyceum.yandex.ru/index?utm_source=tg&utm_medium=interal&utm_campaign=lyceum2025&utm_content=21.09#specialization) 3️⃣ Хендбуки по ключевым IT дисциплинам. Они дают теоретическую подготовку, которая станет прочным фундаментом для развития в IT. С хендбуками одинаково удобно изучать тему за темой, углубляться в конкретный раздел или оттачивать навыки на практических заданиях. Выбрать свой можно на [сайте. ](https://education.yandex.ru/handbook?utm_source=tg&utm_medium=internal&utm_campaign=universities2025&utm_content=21.09) 4️⃣ Студкемп по компьютерному зрению и автономному транспорту. Он стартует в октябре, регистрация уже закрыта, но новые кемпы запускаются регулярно. Узнать о них можно больше по [ссылке. ](https://education.yandex.ru/studcamp-neimark-cshse?utm_source=tg&utm_medium=internal&utm_campaign=studcampneimark-2025&utm_content=21.09)А анонсы будут выходить в нашем канале. Выбирайте свой трек вперёд 🚀",1620,photo,4,True,"['https://lyceum.yandex.ru/ml?utm_source=tg&utm_medium=internal&utm_campaign=education&utm_content=21.09', 'https://education.yandex.ru/studcamp-neimark-cshse?utm_source=tg&utm_medium=internal&utm_campaign=studcampneimark-2025&utm_content=21.09', 'https://lyceum.yandex.ru/index?utm_source=tg&utm_medium=interal&utm_campaign=lyceum2025&utm_content=21.09#specialization', 'https://education.yandex.ru/handbook?utm_source=tg&utm_medium=internal&utm_campaign=universities2025&utm_content=21.09']",7079,105,54,,,,,,,,2.0,,,13.0,,,,,12.0,,,,,,,50.0
Education_Yandex,Яндекс Образование,36000,1915,2025-09-20,08:17:05,2025-09-20 08:17:05+00:00,2025-12-01 02:50:13.818466,False,False,True,"**Загадка: маленький, на шести колёсах и всегда спешит с едой. Угадали, кто это?** Да, это робот-доставщик 🤖 Мы поговорили с Марией Мамкиной — менеджером продукта рободоставки из команды Автономного транспорта Яндекса. Она рассказала, что внутри этой технологии, какие метрики важны и с какими трудностями сталкиваются роботы в городе. Все ответы — в карточках ⬆️ А вам уже привозил заказ робот? ❤️ — да, это было классно 🤓 — очень хочу попробовать",448,photo,0,False,[],6904,21,117,,,,,,,,3.0,11.0,,,,,,,1.0,,,71.0,5.0,,,28.0
Education_Yandex,Яндекс Образование,36000,1914,2025-09-19,15:00:43,2025-09-19 15:00:43+00:00,2025-12-01 02:50:13.818466,False,False,True,"Собрали дайджест самых интересных событий на 2 недели, которые помогут учиться, развиваться и вдохновляться этой осенью ⬇️ **➡️**** **[**Набор в Яндекс Лицей **](https://lyceum.yandex.ru/index?utm_source=tg&utm_medium=interal&utm_campaign=lyceum2025&utm_content=19.09#specialization)**на онлайн-специализации до 23 сентября.** Это интенсивные онлайн‑программы с максимальной концентрацией практики, где вы прокачаетесь в решении прикладных IT‑задач и станете ближе к работе мечты. Подробно рассказывали в этом [посте.](https://t.me/Education_Yandex/1890) **➡️**** **[**Регистрация на Студкемп **](https://education.yandex.ru/studcamp-spbgu?utm_source=tg&utm_medium=internal&utm_campaign=studcampspbgu-2025&utm_content=19.09)**по математике ИИ до 21 сентября. **На базе СПбГУ вы разберётесь в байесовском анализе, MCMC‑методах, основах теории многоагентных систем и эвристического поиска, а потом закрепите полученные знания в работе над проектом. Вспоминаем программу [тут.](https://t.me/Education_Yandex/1884) **➡️**** **[**Регистрация на олимпиаду AIDAO **](https://education.yandex.ru/aidao?utm_source=internal&utm_medium=tg&utm_campaign=aidao25&utm_content=19.09)**до 30 сентября. **Это масштабное международное соревнование по машинному обучению и анализу данных для студентов России и зарубежья. Участие бесплатное, а призовой фонд — 2,65 млн рублей. Все детали оставили [здесь.](https://t.me/Education_Yandex/1897) **➡️**[** Фестиваль Яндекс Музея **](https://yandex.ru/museum/fest_2025#)**27–28 сентября. **Седьмой ежегодный ивент посвящён технологиям и людям, которые их создают. Вас ждут доклады экспертов по технологиям, игры и турниры на легендарных платформах и игровых автоматах, живая музыка в исполнении инди-артистов. Историю наших друзей читайте [в их канале.](https://t.me/yandexmuseum/2345) **➡️**** **[**Practical ML Conf **](https://pmlconf.yandex.ru/2025)**27 сентября. **Это хардовая конференция по практическому применению машинного обучения. На ней будут доклады от Яндекса, Сбера, Avito, Wildberries, Т-Банка, практические мастер-классы по CV, NLP, RecSys и Data Science и дискуссии о будущем технологий. Все детали — во [вчерашнем посте.](https://t.me/Education_Yandex/1913)",2202,photo,10,True,"['https://pmlconf.yandex.ru/2025', 'https://t.me/Education_Yandex/1890', 'https://t.me/Education_Yandex/1884', 'https://t.me/Education_Yandex/1897', 'https://lyceum.yandex.ru/index?utm_source=tg&utm_medium=interal&utm_campaign=lyceum2025&utm_content=19.09#specialization', 'https://yandex.ru/museum/fest_2025#', 'https://t.me/yandexmuseum/2345', 'https://t.me/Education_Yandex/1913', 'https://education.yandex.ru/aidao?utm_source=internal&utm_medium=tg&utm_campaign=aidao25&utm_content=19.09', 'https://education.yandex.ru/studcamp-spbgu?utm_source=tg&utm_medium=internal&utm_campaign=studcampspbgu-2025&utm_content=19.09']",7223,55,51,,,,,,,,,,,,,,,,13.0,,,,,11.0,,28.0
Education_Yandex,Яндекс Образование,36000,1913,2025-09-18,13:07:05,2025-09-18 13:07:05+00:00,2025-12-01 02:50:13.819469,False,False,True,"**Новые технологии + реальные кейсы = Practical ML Conf ****🚀** 27 сентября в Москве пройдёт третья конференция Яндекса по практическому применению ML. Это классная возможность увидеть, как машинное обучение внедряется в реальные продукты и бизнес-процессы. **Что будет в программе?** ✔️ Хардовые технические доклады от Яндекса, Сбера, Avito, Wildberries, Т-Банка. ✔️ Мастер-классы по CV, NLP, RecSys и Data Science, где вместе со спикером вы будете решать задачи. ✔️ Дискуссии о будущем ML и трендах индустрии. Впервые на Practical ML Conf будет Keynote от внешнего спикера. Андрей Окуньков, российский и американский математик, лауреат Филдсовской медали, выступит с докладом о том, как связаны математика и язык. **Топ-темы конференции:** 👍 рекомендательные системы нового поколения; 👍 LLM в образовании, финансах и продуктах; 👍 диффузионные модели и VLM в CV; 👍 оптимизация инференса и развитие ML-инфраструктуры. Многие спикеры Practical ML conf когда-то сами прошли программы Яндекса, включая ШАД, и сегодня выступают преподавателями в продуктах Яндекс Образования, обучая новые поколения разработчиков. Все доклады прошли конкурсный отбор: 167 заявок на 21 место! Только самые сильные попали в программу и уже ждут вас 🏆 Участие в конференции бесплатное, нужно пройти [регистрацию.](https://pmlconf.yandex.ru/2025/) А для тех, кто не сможет приехать, будет онлайн-трансляция. ❤️ — круто, я иду ⚡️ — беру друзей и бежим регистрироваться",1442,photo,1,True,['https://pmlconf.yandex.ru/2025/'],8205,115,67,,16.0,,,,,,,,,1.0,,,,,4.0,,,,,,,55.0
Education_Yandex,Яндекс Образование,36000,1912,2025-09-17,16:08:36,2025-09-17 16:08:36+00:00,2025-12-01 02:50:13.819974,False,False,True,"**Вызов принят: шесть направлений, тысячи участников и миллионы строк кода ****⚡️**** ** Яндекс открывает регистрацию на Yandex Cup 2025 — международный чемпионат по программированию с финалом в Стамбуле. **Восьмой Yandex Cup обещает быть масштабным** 🔍 Направление ML стало международным. 🔍 Впервые в ML смогут попробовать себя юниоры из России. 🔍 Призовой фонд — 12 млн рублей. **Программировать можно в шести направлениях:** аналитика, фронтенд, бэкенд, мобильная разработка, машинное обучение и спортивные алгоритмы. Последние два доступны на русском и английском языках. **Соревнование разделено на три стрима:** 🚀 для юниоров 14–18 лет из России, 🚀 для взрослых программистов, 🚀 для сотрудников Яндекса, которые поборются за звание чемпиона компании. **➡️**** Этапы Yandex Cup 2025** 20–29 октября — пробный тур 2 ноября — квалификация 5–7 декабря — финал и церемония награждения в Стамбуле В ML-направлении нет пробного тура. Квалификация пройдёт с 15 октября по 5 ноября. В финал выйдут: — 100 взрослых участников и 30 юниоров, они разыграют призовой фонд — 50 сотрудников Яндекса, которые поборются за звание чемпиона компании 🔥 **Подать заявку можно на **[**сайте чемпионата.**](https://yandex.ru/cup?utm_source=telegram&utm_medium=social&utm_campaign=yandex-cup25&utm_term=education1609)** **Лучшие разработчики в каждом направлении смогут пройти собеседование в Яндекс по упрощённой схеме! 👍 — хочу принять участие 😍 — буду поддерживать ребят",1454,document,1,True,['https://yandex.ru/cup?utm_source=telegram&utm_medium=social&utm_campaign=yandex-cup25&utm_term=education1609'],7687,101,101,,2.0,,,,,,,,,43.0,,,,,9.0,17.0,,,,,,50.0
Education_Yandex,Яндекс Образование,36000,1911,2025-09-15,13:36:59,2025-09-15 13:36:59+00:00,2025-12-01 02:50:13.819974,False,False,True,"Стартует бесплатный курс по искусственному интеллекту для школьников и студентов СПО ⚡️ Рассказываем об онлайн-курсе «Основы искусственного интеллекта». Его разработали эксперты Яндекса в рамках проекта «Код будущего. Искусственный интеллект». Здесь школьники 8–11 классов и студенты СПО могут с нуля обучиться навыкам в области искусственного интеллекта. 👀 Что ждёт участников? На курсе вы: - овладеете основами Python и фундаментальными математическими знаниями, - научитесь создавать простые модели машинного обучения, - разберётесь в трендах развития ИИ, - прокачаете софт-скилы: от аналитического мышления до командной работы. 👀 Как учиться? Обучение проходит самостоятельно на цифровой образовательной платформе — всего 54 академических часа в течение четырёх месяцев. Учиться можно в комфортном темпе, уделяя занятиям свободное время из любой точки мира. 👀 Что потом? После успешного прохождения каждый участник получит сертификат. Подать заявку можно [тут.](https://ai-for-teens.yandex.ru/promo?utm_source=tg&utm_medium=internal&utm_campaign=education&utm_content=15.09) ❤️, если хотите стать профи в технологиях будущего!",1130,photo,1,True,['https://ai-for-teens.yandex.ru/promo?utm_source=tg&utm_medium=internal&utm_campaign=education&utm_content=15.09'],9655,233,64,,10.0,,2.0,,,,,,,2.0,,,,,1.0,7.0,,,1.0,,2.0,39.0
Education_Yandex,Яндекс Образование,36000,1910,2025-09-15,10:36:43,2025-09-15 10:36:43+00:00,2025-12-01 02:50:13.820975,False,False,True,"**Ваш водитель сегодня робот 🤖** Эту неделю мы посвящаем автономному транспорту Яндекса — истории, которая началась ещё в 2017 году. С тех пор автомобили с автопилотом намотали более 28 млн км, а к испытаниям было подключено 120+ машин. За это же время роботы-курьеры выполнили свыше 300 000 доставок: от горячей пиццы до вечерних заказов к подъезду. 🌞 Комбинация камер, лидаров, радаров и ультразвука даёт обзор на 360° и зрение на сотни метров. Поэтому и машины, и роботы уверенно работают днём и ночью вне зависимости от погодных условий. Перед выездом в город алгоритмы долго обкатывают в симуляторе и на полигоне, а в памяти авто сохраняют детальные трёхмерные карты улиц. Новые роботы-доставщики R3 — словно маленькие фургоны на колёсах: за один рейс увозят до 6 больших пицц и 3 двухлитровых бутылок, работают 24/7, а замена их батареи занимает меньше минуты ⚡️ Эта неделя — про движение вперёд и про удобство, которое уже стало частью повседневности 🚀",959,document,0,False,[],8031,8,57,,,,,,,,,16.0,,,,,,,1.0,,,,,,9.0,36.0
Education_Yandex,Яндекс Образование,36000,1909,2025-09-15,10:02:09,2025-09-15 10:02:09+00:00,2025-12-01 02:50:13.820975,False,True,True,"[ОПРОС] Угадайте, какую тему мы выбрали для этой недели? 🚀",58,other,0,False,[],6823,1,6,,,,,,,,,,,,,,,,2.0,1.0,,,3.0,,,0.0
Education_Yandex,Яндекс Образование,36000,1900,2025-09-15,09:24:50,2025-09-15 09:24:50+00:00,2025-12-01 02:50:13.820975,False,False,True,"**Учебный год на программе AI360 стартовал на полной скорости ****🚀**** ** В начале сентября студенты окунулись в атмосферу технологий и командной работы на ярких ивентах в Яндексе и Сбере. А 11 сентября с лекцией «ИИ360 глазами любителя» выступил **Станислав Смирнов** — лауреат Филдсовской премии, основатель и научный руководитель факультета математики и компьютерных наук СПбГУ, профессор Женевского университета. За первые недели студенты успели: ✔️ пройти насыщенные воркшопы, игровые сессии и дискуссии о будущем ИИ; ✔️ побывать в офисах лидеров индустрии — Сбере и Яндексе; ✔️ обсудить справедливость и конкуренцию в эпоху нейросетей; ✔️ пообщаться с экспертами в формате Random Coffee. Учебный год только начался, а идей и вдохновения уже на целый семестр вперёд! ❤️ — хочу быть частью AI360",800,photo,0,False,[],6189,16,91,,,,,,,,,,,1.0,,,,,1.0,8.0,,,,,7.0,74.0
Education_Yandex,Яндекс Образование,36000,1899,2025-09-12,15:26:05,2025-09-12 15:26:05+00:00,2025-12-01 02:50:13.821977,False,False,True,"**FestTech 2025 — фестиваль про науку, технологии и юмор от МФТИ 🤩** FestTech пройдет уже в пятый раз и соберет тысячи гостей в Музее «АТОМ», чтобы вместе погрузиться в научный мир, вдохновиться открытиями и весело провести время. **Днем прокачиваем знаний и проводим эксперименты ****✔️** 🟡 Зона Технологий с робофутболом, «термодинамическим эспрессо» и инженерными проектами Физтеха; 🟡 лекторий, на котором выступит со своей лекцией Андрей Себрант; 🟡 панельные дискуссии с выпускниками МФТИ и экспертами индустрий, режиссером театра им. Вахтангова; 🟡 мастер-классы и интерактивы по 3D-печати и робототехнике. **Вечером совместим науку с юмором ****👌** 🟡 Антинаучная конференция с абсурдными докладами на несуществующие темы; 🟡 хахатон — два часа мемов, критического мышления и «анти»-решений; 🟡 большой open-air концерт FestTech Music Live в парке​ «Орион» на ВДНХ. Когда: 13 сентября Где: [Музей «АТОМ» на ВДНХ ](https://yandex.ru/maps/-/CLAP5Uz9) Участие бесплатное ⚡️ Подробности о фестивале можно узнать [тут](http://festtech.ru/), зарегистрироваться — [по ссылке. ](https://afisha.timepad.ru/moscow/events/festtech-2025-3540496) ❤️ — хочу с вами!",1153,photo,3,True,"['http://festtech.ru/', 'https://yandex.ru/maps/-/CLAP5Uz9', 'https://afisha.timepad.ru/moscow/events/festtech-2025-3540496']",7640,60,61,,3.0,,,,,,,1.0,,2.0,,,,,10.0,6.0,,,,,,39.0
Education_Yandex,Яндекс Образование,36000,1898,2025-09-12,15:02:12,2025-09-12 15:02:12+00:00,2025-12-01 02:50:13.821977,False,False,True,"Сервер будущего обновлён 👾 Представьте мир через 50 лет. Какие технологии, города, мечты станут реальностью? На [Будущее накодится здесь можно](https://education.yandex.ru/codeyourfuturehere) за пару кликов сгенерировать свой образ будущего, а нейросеть покажет, каким оно может быть ⚡",285,photo,1,True,['https://education.yandex.ru/codeyourfuturehere'],9663,23,42,,,,,,,,,,,,8.0,,,,20.0,,,,,,,14.0
Education_Yandex,Яндекс Образование,36000,1897,2025-09-12,11:25:08,2025-09-12 11:25:08+00:00,2025-12-01 02:50:13.821977,False,False,True,"Вчерашнее интервью с победителем AIDAO показало: олимпиада может стать настоящим трамплином для прокачки навыков и выхода на международный уровень 🏆 С каждым годом растёт объём данных и количество задач, которые можно решить с помощью ИИ. Поэтому специалисты по ML и Data Science становятся одними из самых востребованных в мире — и именно AIDAO помогает студентам сделать шаг в эту профессию будущего. Олимпиада AIDAO Яндекс Образования и [ФКН НИУ ВШЭ](https://t.me/fcs_hse) — это международное соревнование по машинному обучению и анализу данных для студентов России и зарубежья. Сначала участников ждёт онлайн-этап, а затем лучшие команды встретятся в финале в Москве. Несколько дней ребята будут решать реальные кейсы: на онлайн-этапе — от одной из исследовательских лабораторий, а в финале — от Яндекса. Участники смогут пообщаться с экспертами, погрузиться в атмосферу Data Science и прокачать навыки на практике. Участие бесплатное, а призовой фонд — 2,65 млн рублей 💎 [Регистрируйтесь](https://education.yandex.ru/aidao?utm_source=internal&utm_medium=tg&utm_campaign=aidao25&utm_content=12.09) прямо сейчас. Возможно, именно ваша команда станет героями следующего интервью 🚀 🏆 — готов побеждать! ⚡️ — иду собирать команду",1229,photo,2,True,"['https://t.me/fcs_hse', 'https://education.yandex.ru/aidao?utm_source=internal&utm_medium=tg&utm_campaign=aidao25&utm_content=12.09']",6737,54,43,,12.0,,,,,,15.0,1.0,,,,,,,5.0,,,,,,,12.0
Education_Yandex,Яндекс Образование,36000,1891,2025-09-11,15:22:00,2025-09-11 15:22:00+00:00,2025-12-01 02:50:13.822983,False,False,True,"Говорить о том, что важно развивать широкий спектр навыков можно долго, но гораздо интереснее увидеть это на реальном примере 💖 Мы поговорили с Тимуром Ионовым — он входил в состав команды-победителя олимпиады AIDAO в 2024 году. Тимур рассказал, как знания в разных областях и командная работа помогли ему добиться высоких результатов. Подробнее — в карточках ⬆️ А вы будете участвовать в AIDAO в этом году? ❤️ — да, хочу попробовать свои силы 🤓 — уже был опыт участия",468,photo,0,False,[],6379,15,70,,,,,,,,,,,,,,,,20.0,3.0,,7.0,,,,40.0
Education_Yandex,Яндекс Образование,36000,1890,2025-09-10,14:52:28,2025-09-10 14:52:28+00:00,2025-12-01 02:50:13.822983,False,False,True,"**Не откладывайте на завтра то, что можно закодить сегодня 🕹** Приём в Яндекс Лицей скоро заканчивается! И это ваш шанс начать путь в IT вместе с сильным сообществом единомышленников ⚡️ [Подать заявку](https://lyceum.yandex.ru/index?utm_source=tg&utm_medium=interal&utm_campaign=lyceum2025&utm_content=03.09#specialization) на онлайн-специализации можно **до 23 сентября. ** **1️⃣**** Веб-разработка на Django** Познакомимся с принципами проектирования серверных приложений, научимся работать в git и тестировать код **2️⃣**** Веб-разработка на Go** Научимся разрабатывать поддерживаемые и масштабируемые веб-приложения **3️⃣**** Машинное обучение** Познакомимся с принципами машинного обучения и алгоритмами в компьютерном зрении **4️⃣**** Анализ данных** Научимся применять алгоритмы для анализы данных, готовить исходные данные и интерпретировать результаты **5️⃣**** Большие данные** Расскажем как работать с массивами больших данных в прикладных задачах Смелые идеи требуют смелых действий. И первое — это начать карьеру в IT c Яндекс Лицеем 🚀",1048,photo,1,True,['https://lyceum.yandex.ru/index?utm_source=tg&utm_medium=interal&utm_campaign=lyceum2025&utm_content=03.09#specialization'],8047,127,58,,,,,,,,,2.0,,12.0,,,,,7.0,,,,,,,41.0
Education_Yandex,Яндекс Образование,36000,1888,2025-09-06,14:26:28,2025-09-06 14:26:28+00:00,2025-12-01 02:50:13.823983,False,False,False,"Конспекты, лекции, домашки — учёба набирает обороты, и порой трудно удерживать фокус. Делимся 5 советами, которые помогут комфортно включиться в образовательный процесс и повысить концентрацию. ** ****1️⃣**** Тренировка внимания.** Перед учёбой уделите 2–3 минуты простому упражнению: следите за дыханием или смотрите в одну точку. Это работает как кнопка «старт» для мозга и помогает быстрее приступить к работе. **2️⃣**** Список отвлекающих факторов.** Вместо обычного списка дел составьте список отвлекающих факторов: телефон, уведомления, шум. Рядом пропишите решение, как их убрать. Когда план готов, гораздо легче сосредоточиться на важном и не срываться. 3️⃣** Цветовые триггеры. **Выберите для учёбы ручку, маркер и стикеры одного цвета. Через несколько дней мозг сам будет ассоциировать этот набор с концентрацией. **4️⃣**** Физический маркер прогресса.** Отмечайте каждую пройденную тему галочкой, стикером или закрашенным квадратиком. Визуальный прогресс даёт чувство движения и мотивирует продолжать узнавать новое. **5️⃣**** Смена формата.** Меняйте способ работы с материалом: текст упаковывайте в схемы, лекцию — в карточки или мини-тесты. Такой подход пробуждает внимание и помогает мозгу быстрее войти в рабочий поток. 👍 — уже практикую такие способы, мне помогает ⚡️ — вау, это что-то новое, обязательно попробую",1330,,0,False,[],10039,121,122,,47.0,,,,,,,,,46.0,,,,,3.0,,,,,,9.0,19.0
Education_Yandex,Яндекс Образование,36000,1887,2025-09-06,14:26:12,2025-09-06 14:26:12+00:00,2025-12-01 02:50:13.823983,False,True,True,[ОПРОС] Как прошла ваша первая учебная неделя?,46,other,0,False,[],9046,5,0,,,,,,,,,,,,,,,,,,,,,,,0.0
Education_Yandex,Яндекс Образование,36000,1886,2025-09-06,14:25:54,2025-09-06 14:25:54+00:00,2025-12-01 02:50:13.823983,False,False,True,,0,document,0,False,[],8707,10,36,,,,,,,,,,,,,,,,,11.0,,,,,6.0,38.0
Education_Yandex,Яндекс Образование,36000,1885,2025-09-04,17:57:06,2025-09-04 17:57:06+00:00,2025-12-01 02:50:13.823983,False,False,True,"**Встречаем победителей ICPC** **🏆** В Баку объявили результаты международной олимпиады ICPC — самого престижного студенческого турнира по программированию в мире. Команда факультета математики и компьютерных наук СПбГУ, одним из партнеров которого является Яндекс стала чемпионом. Всего в финале соревновались 140 университетских команд из 103 стран мира. В команде: Максим Туревский, Леонид Данилевич, Фёдор Ушаков, а также тренеры и преподаватели СПбГУ Андрей Лопатин, Александр Савченко и Иван Казменко.** ** С 2008 года Яндекс поддерживает олимпиадное движение и остаётся генеральным партнёром ICPC в Северной Евразии. Этим летом мы собрали в Москве 21 команду из Казахстана, Азербайджана и России, чтобы финалисты могли потренироваться вместе и выйти на мировой уровень. 🏆 — чтобы поздравить ребят и зарядить на новые успехи",830,photo,0,False,[],10669,96,331,,,,,,,,247.0,,,,23.0,,,,4.0,,,6.0,,,,51.0
Education_Yandex,Яндекс Образование,36000,1884,2025-09-04,15:55:49,2025-09-04 15:55:49+00:00,2025-12-01 02:50:13.826506,False,False,True,"Учиться легче, когда люди вокруг горят такими же целями, как и вы. Идеи рождаются быстрее, проекты становятся масштабнее, а новые знакомства открывают неожиданные горизонты 🙏 Именно в такой атмосфере можно оказаться на шестом, финальном в этом году Студкемпе «Математика искусственного интеллекта», который пройдёт в СПбГУ 🚀 Лекции и практики от ведущих российских учёных и экспертов, командные проекты, разбор реальных кейсов, нетворкинг с единомышленниками и преподавателями — всё это поможет не просто узнавать новое, а создавать, экспериментировать и погружаться в реальные задачи индустрии. **Какие знания вы получите?** 🟣 Глубокое понимание математики, лежащей в основе современных методов ML 🟣 Реализация полного цикла байесовского анализа данных на реальных задачах 🟣 Марковские цепи, MCMC-методы 🟣 Разработка и исследование продвинутых алгоритмов эвристического поиска в многоагентных системах Для участия необходимо понимать основы ML, теорию вероятностей, математическую статистику, линейную алгебру, основы оптимизации и базовое программирование на Python. Ну и, конечно, [**зарегистрироваться **](https://education.yandex.ru/studcamp-spbgu?utm_source=tg&utm_medium=internal&utm_campaign=studcampspbgu-2025&utm_content=02.09)**до 21 сентября. ** Пора использовать новые возможности и сделать шаг к большим открытиям! ❤️ — я с вами ⚡️ — а я уже был на студкемпах 2025",1378,photo,1,True,['https://education.yandex.ru/studcamp-spbgu?utm_source=tg&utm_medium=internal&utm_campaign=studcampspbgu-2025&utm_content=02.09'],11175,112,64,,22.0,,,,,,,,,,,,,,2.0,,,,7.0,,,33.0
Education_Yandex,Яндекс Образование,36000,1883,2025-09-04,13:34:22,2025-09-04 13:34:22+00:00,2025-12-01 02:50:13.827528,False,False,True,"Может ли математика быть искусством? Оказывается, да ✔️ Когда смотришь на работы художника Хамида Надери Ягане, трудно поверить, что они сделаны не кистью, а формулами. Сотни эллипсов, окружностей и отрезков собираются в картины, которые одновременно похожи на целые миры. И всё это — результат математики. Вот вам доказательство, что школьные предметы могут заиграть совсем другими красками. Даже алгебра и тригонометрия умеют превращаться в искусство. А если хочется увидеть, где ещё математика встречается в реальной жизни, заглядывайте в [канал «Зачем мне эта математика».](https://t.me/practicum_math) Там как раз доказывают: формулы — это не только про задачи на бумаге, но и про мир вокруг. 🏆 — если согласны, что математика крутая!",739,photo,1,True,['https://t.me/practicum_math'],7251,40,122,,,,,,,,77.0,,,,3.0,,,,4.0,4.0,,,,,11.0,23.0
Education_Yandex,Яндекс Образование,36000,1882,2025-09-03,18:00:08,2025-09-03 18:00:08+00:00,2025-12-01 02:50:13.828533,False,False,True,"**Новый сезон тренировок от ****@Young_and_Yandex**** открыт! ****🏆** Хочешь попасть на стажировку без тестового задания, пройти пробное собеседование в Яндекс и получить карьерную консультацию? Добро пожаловать на Тренировки Young&&Yandex — бесплатные онлайн-интенсивы по алгоритмам и ML. **Что внутри: ** 🤩 4 недели практики, лекций и разборов 🤩 Задачи, которые реально встречаются на собеседованиях 🤩 Призы от Яндекса для тех, кто сдаёт решения вовремя **Выбирай свой трек:** 🤩 ML-забег, где можно узнать много про тренды в машинном обучении 🤩 Забег по алгоритмам — задачи на поиск, словари, множества, указатели и многое другое А для тех, кто хочет получить максимум — **можно совмещать направления и бежать оба марафона сразу.** ⚡ Заявки уже принимаются [тут.](https://yandex.ru/yaintern/training?utm_source=telegram&utm_medium=internal&utm_campaign=training8&utm_content=education&utm_term=education_traningall0309) 🏆 — беру оба трека 🔥 — бегу за призами ❤️ — хочу карьерную консультацию",993,photo,1,True,['https://yandex.ru/yaintern/training?utm_source=telegram&utm_medium=internal&utm_campaign=training8&utm_content=education&utm_term=education_traningall0309'],8449,154,130,,,,,,,,48.0,,,4.0,,,,,26.0,,,,,,,52.0
Education_Yandex,Яндекс Образование,36000,1881,2025-09-03,12:31:48,2025-09-03 12:31:48+00:00,2025-12-01 02:50:13.828533,False,False,True,"**Хочешь не просто учить теорию, а реально создавать программы и работать с большими данными?** ⚡️ В Яндекс Лицее стартует набор на 2025/26 учебный год! **Очные программы** ✔️ Для начинающих ребят, которые хотят разобраться в основах языка, научиться делать прогнозы, строить графики, проводить аналитику и кодить простые программы. ✔️ Основы промышленного программирования. Для тех, кто уже знает Python, помогут освоить разработку веб-приложений, игр, интерфейсов и чат-ботов, а также работать в команде и тестировать код. **Специализации онлайн** 1️⃣ Веб-разработка на Django 2️⃣ Веб-разработка на Go 3️⃣ Машинное обучение 4️⃣ Анализ данных 5️⃣ Большие данные Регистрация уже открыта: на[ очные курсы](https://lyceum.yandex.ru/index?utm_source=tg&utm_medium=interal&utm_campaign=lyceum2025&utm_content=03.09#courses) можно подать заявку** до 10 сентября**, на[ специализации ](https://lyceum.yandex.ru/index?utm_source=tg&utm_medium=interal&utm_campaign=lyceum2025&utm_content=03.09#specialization)— **до 23 сентября**. Первые занятия начнутся по окончанию набора! Если начинать путь в IT, то вместе с Яндекс Лицеем. Ждём вас в команде энтузиастов-лицеистов 🚀",1162,photo,2,True,"['https://lyceum.yandex.ru/index?utm_source=tg&utm_medium=interal&utm_campaign=lyceum2025&utm_content=03.09#courses', 'https://lyceum.yandex.ru/index?utm_source=tg&utm_medium=interal&utm_campaign=lyceum2025&utm_content=03.09#specialization']",9098,180,45,,,,,,,,,,,10.0,,,,,9.0,2.0,,,,,,24.0
Education_Yandex,Яндекс Образование,36000,1876,2025-09-02,15:27:45,2025-09-02 15:27:45+00:00,2025-12-01 02:50:14.836401,False,False,True,"**Слабая аура: слушать лекцию и мечтать о выходных. Сильная аура: решать сложные задачи, обсуждать идеи с друзьями и превращать знания в реальные навыки.** Помните сериал «Закрытая школа»? Приключения бьют ключом, но обучение остаётся на втором плане. Начало учебного года — отличный момент, чтобы создать поддерживающую атмосферу, которая развивает мотивацию, уверенность и помогает получать высокие результаты. Как это сделать? Поделился Александр Лен – психолог и интегративно-соматический терапевт. Все ответы читай в карточках ⬆️ ❤️, если было полезно!",557,photo,0,False,[],6862,40,60,,,,,,,,,5.0,,,,,,,14.0,6.0,,,1.0,,,34.0
Education_Yandex,Яндекс Образование,36000,1868,2025-09-01,19:37:19,2025-09-01 19:37:19+00:00,2025-12-01 02:50:14.836401,False,False,True,"Учебный год начался с драйва. Пусть таким он и будет ⚡ С идеями, которые не помещаются в тетрадь, с кодом, который превращается в магию, и с людьми, рядом с которыми хочется учиться, творить и запускать своё 💖 ❤️ — если на такой же волне",237,photo,0,False,[],6808,26,145,,,,,,,,,4.0,,,,,,,18.0,,,1.0,,,17.0,105.0
Education_Yandex,Яндекс Образование,36000,1867,2025-09-01,17:08:26,2025-09-01 17:08:26+00:00,2025-12-01 02:50:14.837876,False,False,True,,0,document,0,False,[],6666,15,49,,,,,,,1.0,1.0,1.0,,6.0,16.0,,,,,,,,,13.0,,18.0
Education_Yandex,Яндекс Образование,36000,1866,2025-09-01,16:17:13,2025-09-01 16:17:13+00:00,2025-12-01 02:50:14.837876,False,False,True,,0,document,0,False,[],6606,14,25,,,,,,,,2.0,1.0,,,2.0,,,,,,,,,,,24.0
Education_Yandex,Яндекс Образование,36000,1865,2025-09-01,16:17:11,2025-09-01 16:17:11+00:00,2025-12-01 02:50:14.837876,False,False,False,Всех собравшихся поздравила Дарья Козлова — директор Яндекс Образования ⬇️,74,,0,False,[],6640,10,47,,2.0,,,,,,,1.0,,,,,,,9.0,,,,,,7.0,28.0
Education_Yandex,Яндекс Образование,36000,1864,2025-09-01,16:13:47,2025-09-01 16:13:47+00:00,2025-12-01 02:50:14.837876,False,False,True,,0,document,0,False,[],6761,15,41,,,,,,,,,,,,2.0,,,,,,,1.0,,,11.0,27.0
Education_Yandex,Яндекс Образование,36000,1863,2025-09-01,16:13:45,2025-09-01 16:13:45+00:00,2025-12-01 02:50:14.837876,False,False,False,"1, 2, 3… Гоу ⚡ Во дворе офиса Яндекса сейчас кипит жизнь: мы пригласили почти тысячу студентов и школьников, увлечённых IT, чтобы вместе встретить новый учебный год. Делимся атмосферой мероприятия ⬇️",199,,0,False,[],6947,12,46,,,,1.0,,,3.0,,,,24.0,,,,,,,,,,,7.0,12.0
Education_Yandex,Яндекс Образование,36000,1862,2025-08-29,17:25:31,2025-08-29 17:25:31+00:00,2025-12-01 02:50:14.838881,False,False,True,"**Представляй Яндекс в своём вузе и создавай технодвиж** 👋 Команда [Young&&Yandex](https://t.me/Young_and_Yandex) открыла новый набор на программу [Амбассадоров Яндекса](https://yandex.ru/yaintern/uteam?utm_source=social&utm_medium=datadojo25&utm_campaign=ambassador25&utm_content=yy&utm_term=2908education) — для студентов и преподавателей, которые хотят прокачивать сообщество в университете, делать яркие проекты и становиться частью большой команды. 👍 **Кто может подать заявку:** ** **— студенты 2 курса и выше, — преподаватели и аспиранты. 👍 **Что будем делать вместе: **— **Ивенты.** Проводите проекты в своем вузе: лекции, хакатоны, встречи с экспертами. Мы поможем с организацией, пригласим спикера и закажем пиццу для участников 🍕 — **Контент.** Рассказывайте студентам о новых возможностях Яндекса через соцсети вуза и Young&&Yandex. — **Комьюнити.** Создавайте вокруг себя круг амбициозных студентов, а мы познакомим вас с сообществом яндексоидов со всей страны. Амбассадоры проходят обучение онлайн и офлайн в московских офисах Яндекса, получают новые навыки и возможность посмотреть компанию изнутри. А если вы не пройдёте в основной состав, но справитесь с проектным заданием — мы пригласим вас в **Лигу U-Team**. Это доступ к образовательной программе, мерч и общение с единомышленниками. ➡️ Подать заявку, посмотреть истории амбассадоров, фото и видео — на [сайте.](https://yandex.ru/yaintern/uteam?utm_source=social&utm_medium=datadojo25&utm_campaign=ambassador25&utm_content=yy&utm_term=2908education)",1520,photo,2,True,"['https://yandex.ru/yaintern/uteam?utm_source=social&utm_medium=datadojo25&utm_campaign=ambassador25&utm_content=yy&utm_term=2908education', 'https://t.me/Young_and_Yandex']",8435,76,85,,,,,,,,17.0,,,,1.0,,,,3.0,17.0,,,,,,47.0
Education_Yandex,Яндекс Образование,36000,1861,2025-08-29,07:06:06,2025-08-29 07:06:06+00:00,2025-12-01 02:50:14.838881,False,False,True,"Из планов на эту неделю осталось только посмотреть сериал после школы 😎 Вот подборка из 5 классных вариантов, где айтишники и технологии играют главные роли: от стартапов в глухой деревне до космических миссий. **🍿 Жуки.** История трёх разработчиков, которые мечтают довести до ума свой стартап даже там, где Wi-Fi — роскошь. Напоминание, что творить можно в любых условиях, если в команде есть драйв и вера в продукт. **🍿Люся. **Что, если умная колонка станет вашим лучшим собеседником и поможет поверить в себя? Здесь ИИ — не просто инструмент, а партнёр по жизни, который даёт герою новую реальность. **🍿Подростки в космосе. **2054 год. Спасти Землю от экологической катастрофы могут только подростки, отправившиеся на поиски уникального вещества. На кону — будущее планеты. **🍿Оффлайн. **Кибербезопасность и цифровая этика — на острие сюжета. Здесь технологии учат быть ответственными за свои действия в сети и использовать навыки во благо. **🍿Умнее, чем я. **Фантазия о том, что будет, если голосовой помощник и его владелец поменяются местами. Забавное напоминание, что технологии и люди развиваются лучше, когда учатся понимать друг друга. ❤️‍🔥 — если уже знаете, что начнёте смотреть сегодня",1199,photo,0,False,[],7628,60,48,,,,,,,,,,,,1.0,,,,9.0,,,,4.0,,,61.0
Education_Yandex,Яндекс Образование,36000,1860,2025-08-29,07:02:56,2025-08-29 07:02:56+00:00,2025-12-01 02:50:14.838881,False,False,True,,0,document,0,False,[],6288,1,21,,1.0,,,,,,,,,,,,,,,,,10.0,5.0,,,5.0
Education_Yandex,Яндекс Образование,36000,1859,2025-08-28,14:39:59,2025-08-28 14:39:59+00:00,2025-12-01 02:50:14.838881,False,False,True,"Новый учебный год на подходе! Готовы кодить своё будущее? 🔥 — Конечно, мир ждёт мои коды! ⚡️ — Медленно, но верно собираю силы 🦄 — Можно поспать ещё пару дней? А чтобы сентябрь радовал с первых дней, педагог-организатор школы Яндекс Образования подвёл итоги розыгрыша! Билеты на ивент нашли своих новых владельцев. 🎉 Ники — [в описании](https://t.me/Education_Yandex/1828) 🎉",374,photo,1,True,['https://t.me/Education_Yandex/1828'],7054,6,154,,24.0,,,,,,,,,,,,,,79.0,,,,3.0,,46.0,2.0
Education_Yandex,Яндекс Образование,36000,1847,2025-08-28,13:04:37,2025-08-28 13:04:37+00:00,2025-12-01 02:50:14.838881,False,False,True,"Ну что, перемена 🙏 Собрались с друзьями у подоконника, делимся впечатлениями и вспоминаем, каким получилось это лето в Яндекс Образовании. 👍 В Коломенском прошёл большой IT-пикник — день, когда технологии встретились с музыкой и отдыхом. Говорили о будущем ИИ, данных и цифровых сервисов. Показывали, как технологии становятся частью повседневной жизни. 👍 В Петербурге прошёл студкемп в ИТМО — две недели полного погружения в big data. Студенты учились работать с распределёнными системами, оттачивали навыки DataOps/MLOps и пробовали себя на реальных кейсах Яндекса. 👍 А в Новосибирске прошёл студкемп по NLP. Участники решали реальные кейсы с использованием современных NLP‑инструментов, строили NLP‑системы, которые устойчивы к ошибкам. 👍 А ещё было событие, которого с нетерпением ждали студенты, — выпускной ШАД. Два года они учились, решали непростые задачи, писали проекты и поддерживали друг друга. Теперь у них диплом, новые друзья и пропуск в мир больших IT-возможностей. 👍 Но и на этом праздники не закончились. Студенты Лицея тоже сыграли выпускной — впервые за последние 5 лет! И это лишь кусочек летних событий. Остальное осталось за кадром, но от этого не стало менее важным. Листайте карусель и вдохновляйтесь моментами, которые сделали это лето особенным ⬆️",1274,photo,0,False,[],6397,9,52,,4.0,,,,,2.0,,,,11.0,,,,,21.0,4.0,,,,,,11.0
Education_Yandex,Яндекс Образование,36000,1835,2025-08-28,07:03:37,2025-08-28 07:03:37+00:00,2025-12-01 02:50:14.838881,False,True,True,"[ОПРОС] Фух! На физкультуру сходили, размялись — и готовы к новым приключениям 🏃‍♂️ Куда отправимся дальше?",107,other,0,False,[],6920,3,30,,,,,,,,,,,,,,,,,4.0,,,11.0,,,15.0
Education_Yandex,Яндекс Образование,36000,1834,2025-08-28,07:02:23,2025-08-28 07:02:23+00:00,2025-12-01 02:50:14.838881,False,False,True,,0,document,0,False,[],6819,5,46,,8.0,,,,,,8.0,,,,,2.0,,,,,,,28.0,,,0.0
Education_Yandex,Яндекс Образование,36000,1832,2025-08-27,11:05:29,2025-08-27 11:05:29+00:00,2025-12-01 02:50:14.839886,False,False,True,"Отличный выбор: начать учебный день в школьной столовой ✔️ Здесь можно сделать паузу, перевести дух и зарядиться энергией. А запах любимых котлет порой влетает в класс раньше звонка. Захотелось всё это попробовать на вкус? Тогда ловите рецепт легендарной пиццы-смаженки 🍕 Приготовив её, вы автоматически получите +50 к усвоению любой информации ⬇️ **Ингредиенты на 8 порций** Молоко — 150 мл Вода — 150 мл Сахар — 2 ст. ложки Сухие дрожжи — 2 ч. ложки с горкой Мука — 500–550 г Сливочное масло — 3 ст. ложки Растительное масло — 2 ст. ложки Соль — 1 ч. ложка Варёная колбаса — 300 г Твёрдый сыр — 250 г Томатный соус или кетчуп — 70 мл **Приготовление** 1️⃣ Подогреть молоко и воду, добавить сахар и дрожжи. Оставить на 10–15 минут, чтобы всё завязалось. 2️⃣ Ввести просеянную муку, соль, сливочное и растительное масло, замесить мягкое тесто. 3️⃣ Накрыть влажным полотенцем и оставить в тёплом месте на 1–1,5 часа. 4️⃣ Подошедшее тесто разделить на порции, раскатать в небольшие кружки. 5️⃣ Смазать томатным соусом, выложить нарезанную колбасу и посыпать тёртым сыром. 6️⃣ Запекать в духовке при 180°C около 15–20 минут, до румяной корочки ❤️ — если потекли слюнки",1165,photo,0,False,[],7904,48,90,,,,,,,,,,,,,,,,6.0,,,13.0,2.0,,9.0,60.0
Education_Yandex,Яндекс Образование,36000,1831,2025-08-27,10:11:15,2025-08-27 10:11:15+00:00,2025-12-01 02:50:14.839886,False,True,True,[ОПРОС] Куда идём?,18,other,0,False,[],7162,3,0,,,,,,,,,,,,,,,,,,,,,,,0.0
Education_Yandex,Яндекс Образование,36000,1830,2025-08-27,10:11:13,2025-08-27 10:11:13+00:00,2025-12-01 02:50:14.839886,False,False,False,"👋 Новый день в Школе Яндекс Образования В понедельник мы уже устроили первый забег по локациям. Сегодня — новый день, новые планы. ** Куда хочется отправиться?** ✔️ В столовую, куда завезли любимые школьные пиццы. Успейте схватить свой кусочек, пока всё не разобрали. ✔️ В коридор — обсуждаем всё, что произошло за три месяца лета. ✔️ Домой — собираемся с друзьями после уроков и смотрим сериалы про классных айтишников. Голосуем до 14:00 ⬇️",441,,0,False,[],7460,2,30,,6.0,,,,,,,,,,,,,,11.0,,,1.0,,,3.0,9.0
Education_Yandex,Яндекс Образование,36000,1829,2025-08-27,10:11:11,2025-08-27 10:11:11+00:00,2025-12-01 02:50:14.839886,False,False,True,,0,document,0,False,[],7366,15,41,,2.0,,,,,,,,,,,,,,4.0,8.0,,16.0,,,,11.0
Education_Yandex,Яндекс Образование,36000,1828,2025-08-26,09:36:52,2025-08-26 09:36:52+00:00,2025-12-01 02:50:14.839886,False,False,True,"**Внимание! Разыгрываем** **билеты на ивент 1 сентября в Москве от Яндекс Образования. Будущих владельцев просим откликнуться под постом ****⬇️**** ** Дарим проходки, чтобы сентябрь начинался только с классных моментов! И у **вас есть шанс стать одним из 60 победителей.** Каждый день кто-то пишет строчку кода, которая завтра может изменить привычный мир. Кто-то создаёт нейросеть, кто-то собирает устройство, которое умеет «видеть», а кто-то придумывает, как сделать технологии ближе и понятнее. 1 сентября мы делаем ивент, чтобы вдохновиться на новый учебный код и встретить его с теми, кто любит технологии так же, как и мы. **Чем займёмся на ивенте?** ✔️ Обсудим технологии и не только с разработчиками сервисов Яндекса ✔️ Послушаем выступления о будущем и настоящем AI и Physical AI ✔️ Найдём друзей и комьюнити, которые любят технологии так же, как и вы ✔️ Получим лонгслив с образом будущего, который сгенерируем сами на ивенте ✔️ Узнаем больше о программах Яндекс Образования и построим свой образовательный план на год ✔️ Приблизим будущее, решая задания ✔️ Познакомимся с роботами и увидим мир их «глазами» ✔️ Классно проведём время и выиграем призы Это будет вечер, где вместо скучных лекций — живые разговоры о будущем технологий, вместо формальностей — тёплая атмосфера единомышленников. Здесь легко завести новые знакомства, вдохновиться идеями экспертов и почувствовать, что будущее не где-то далеко, а рождается прямо сейчас благодаря вам 🙏 **Как принять участие?** 👍 Подпишитесь на канал 👍 Нажмите кнопку «Участвовать» **Итоги подведём 28 августа в 17:00**, а победителей объявим прямо в этом посте. Удачи каждому 🏆 А если не хочется ждать первого сентября, а вдохновиться уже сейчас — переходите [на лендинг Яндекс Образования.](https://education.yandex.ru/codeyourfuturehere?utm_source=tg&utm_medium=internal&utm_campaign=bts25&utm_content=26.08) **Список победителей:** @goshkaKartoshka @d_fedotov @[dolgirevmat](tg://user?id=1667148036) @zanein1 @GOshhanchiK1 @[PUDGEMID](tg://user?id=978729866) @[nbe6419](tg://user?id=1215001706) @ustazik @polin4ikblinchicc @aimelechka @[jennysin](tg://user?id=2099148622) @[yrchz](tg://user?id=1039506795) @keyfillefertt @maria_mma @alya_penskaya @Ilya_Stop @[prusakovvr](tg://user?id=1046183537) @by_call @alisawix @[va1cu3e](tg://user?id=720552272) @r4v3_d3v11 @Dear_AV @[ssffffqq](tg://user?id=946524177) @NastasyaKl @InZer0ty @lexei_00 @redaktorscha @yanecoder @[kosharamay](tg://user?id=5613801296) @[mascai](tg://user?id=85587551) @Olivyfn @[KirillBeluy](tg://user?id=565289812) @KBDeveloper @[Elena_Makeeva_HSE_FinSchool](tg://user?id=248572734) @aperetkina @[ficcialfaint](tg://user?id=1016622017) @sshghoult @[olgaturovskaya](tg://user?id=1120614307) @iliwysfyasbysuoit @[rAdm_2](tg://user?id=1532684327) @MishkaCosolapiy @[seysspovered](tg://user?id=567157941) @v_max_77 @olgazeuss @dreamerrr7 @[panarina_l](tg://user?id=457983151) @UliaP @[nikitastar2012](tg://user?id=1643181383) @[Shahovmatov](tg://user?id=5398020092) @POLYANINSKAYAK @zheshiyulan @zhmaxbobr @fourdanm0 @J_i_mm_y @dinararu @GG_00_GGO @yungnolife @s_sashkaaa @els_05 @[mordvinovm](tg://user?id=1518576603)",3143,photo,1,True,['https://education.yandex.ru/codeyourfuturehere?utm_source=tg&utm_medium=internal&utm_campaign=bts25&utm_content=26.08'],8794,147,122,,17.0,,,,,,,,,5.0,,,,,61.0,,,,8.0,,,31.0
Education_Yandex,Яндекс Образование,36000,1825,2025-08-25,11:56:31,2025-08-25 11:56:31+00:00,2025-12-01 02:50:14.840889,False,True,True,[ОПРОС] Правильный ответ?,25,other,0,False,[],7590,10,67,,42.0,,,,,,9.0,2.0,,3.0,,,,,1.0,3.0,,,,,,7.0
Education_Yandex,Яндекс Образование,36000,1824,2025-08-25,11:56:29,2025-08-25 11:56:29+00:00,2025-12-01 02:50:14.840889,False,False,True,"**Ничего себе 👍 Мы только предложили, а вы уже с тетрадками и горящими глазами. Вот это тяга к знаниям! ** Как насчёт небольшой задачи на логику? Представим, что в компьютерной программе на вход подаётся количество секунд «t». Например,__ t = 3661 → 1 час 1 минута 1 секунда__. Сможете посчитать, что выведет программа, если ввести t = 10 000? Никаких ответов у доски! Голосуем ниже — и стараемся рассчитать правильный ответ ⬇️ ⚡️ — если ответили верно",452,photo,0,False,[],7606,12,100,,85.0,,,,,,,2.0,,,,,,,6.0,,,,,,,7.0
Education_Yandex,Яндекс Образование,36000,1823,2025-08-25,11:56:28,2025-08-25 11:56:28+00:00,2025-12-01 02:50:14.840889,False,False,True,,0,document,0,False,[],6913,10,25,,,,,,,,6.0,1.0,,6.0,9.0,,,,,,,2.0,,,,1.0
Education_Yandex,Яндекс Образование,36000,1822,2025-08-25,09:20:58,2025-08-25 09:20:58+00:00,2025-12-01 02:50:14.841172,False,True,True,[ОПРОС] Куда идём?,18,other,0,False,[],7363,4,28,,,,,,,,,1.0,,,,,,,5.0,7.0,,,2.0,,,13.0
Education_Yandex,Яндекс Образование,36000,1821,2025-08-25,09:20:15,2025-08-25 09:20:15+00:00,2025-12-01 02:50:14.841172,False,False,True,"**Сегодня у нас особенный день ****👋**** Мы объявляем школу Яндекс Образования открытой! Только учиться здесь можно не по расписанию, а по вашему выбору.** Голосуйте в опросе — и будем вместе определять сегодняшний день. ✔️ На урок — к любимому преподавателю, который умеет объяснить даже самую сложную тему так, что всё становится просто и понятно. ✔️ В столовую — туда, где самая вкусная пицца во вселенной, а чай сладкий, словно его заварили прямо в сахарнице. Место, где можно перезагрузиться и подзарядить мозг. ✔️ В коридор — обсудить с одноклассниками последние новости, рассказать смешные истории и занять лучший подоконник с видом на школьный двор. Голосуем до 14:00 ⬇️",678,document,0,False,[],7998,13,53,,9.0,,,,,,,1.0,,2.0,,25.0,,,1.0,12.0,,,,,,3.0
Education_Yandex,Яндекс Образование,36000,1820,2025-08-25,09:19:42,2025-08-25 09:19:42+00:00,2025-12-01 02:50:14.841172,False,False,True,,0,document,0,False,[],6793,2,23,,4.0,,,,,,,1.0,,,,,,,9.0,2.0,,1.0,,,,6.0
Education_Yandex,Яндекс Образование,36000,1817,2025-08-23,14:47:32,2025-08-23 14:47:32+00:00,2025-12-01 02:50:14.841172,False,False,True,"Что взять с собой в сентябрь? Помимо тетрадей и ручек, пригодится ещё много всего. Мы собрали список, который поможет настроиться на учебную волну 🙃 ✔️ Плейлист с любимыми треками для дороги в школу, которые заряжают с самого утра. ✔️ Подборка школьных луков: для «я чуть не проспал», для контрольной, и один, когда просто хочется быть иконой стиля. ✔️ Тайный чат с друзьями, чтобы делиться мемами, шпаргалками и приятными моментами. Основа основ. ✔️ Невероятно удобный рюкзак. Такой, чтобы и стильный, и в автобус помещался, и спина сказала спасибо. ✔️ Лекции, интервью, мини-курсы, чтобы прокачиваться на ходу. У Яндекс Образования есть[ канал ](https://www.youtube.com/@Education_Yandex/videos)— про IT, карьеру и как вообще всё устроено в цифровом мире. Отличный вариант, чтобы слушать по дороге в школу или между занятиями. ✔️ Список ивентов, которые хочется посетить. Хакатоны, митапы, мастер-классы, дни открытых дверей в универах — соберите свой календарь интересного. ✔️ Секретный способ не опаздывать. Пока не найден, но вдруг у кого-то получится? Пусть новый учебный год начнётся с музыки, стиля и хорошего настроения. А всё остальное подтянется по ходу! А ещё мы готовим для вас кое-что необычное. И совсем скоро вы сами станете частью того, что происходит в этом канале 💛 ❤️ — чтобы этот учебный год стал незабываемым!",1331,photo,1,True,['https://www.youtube.com/@Education_Yandex/videos'],8633,38,104,,,,,,,,,1.0,,,,,,,2.0,,,13.0,,,10.0,78.0
Education_Yandex,Яндекс Образование,36000,1816,2025-08-22,16:07:01,2025-08-22 16:07:01+00:00,2025-12-01 02:50:14.842177,False,False,True,"**Время пришло ****⚡**** ****@Young_and_Yandex**** открыл новый сезон стажировок, тренировок и программ амбассадоров!** [➡️ Стажировки. Открыт](https://yandex.ru/yaintern/internship?utm_source=telegram&utm_medium=internal&utm_campaign=yaintern25&utm_content=education&utm_term=reliz_contest2108) новый набор на IT-стажировки в Яндексе. Контесты обновлены, а направления расширены — каждый может найти подходящий трек. [➡️ Тренировки.](https://yandex.ru/yaintern/training?utm_source=telegram&utm_medium=internal&utm_campaign=training8&utm_content=education&utm_term=reliz_traning2108) Онлайн-интенсивы по алгоритмам и ML помогают подготовиться к техническому собеседованию в Яндексе. Участие открыто для всех, а лучших ждут призы от Яндекса. [➡️](https://yandex.ru/yaintern/uteam?utm_source=telegram&utm_medium=internal&utm_campaign=ambassador25&utm_content=education&utm_term=reliz_team2108)[ Амбассадоры в вузах.](https://yandex.ru/yaintern/uteam?utm_source=telegram&utm_medium=internal&utm_campaign=ambassador25&utm_content=education&utm_term=reliz_team2108) Программа для студентов и преподавателей, в рамках которой можно создавать технодвиж и представлять Яндекс в своём вузе. Лето заканчивается, а сезон новых новых возможностей только начинается! Каждая из программ — крутой шанс прокачать навыки, стать на шаг ближе к Яндексу и присоединиться к большому технологичному комьюнити 🙏 🔥 — класс, я с вами ❤️‍🔥 — уже иду регистрироваться на новые активности",1460,photo,3,True,"['https://yandex.ru/yaintern/uteam?utm_source=telegram&utm_medium=internal&utm_campaign=ambassador25&utm_content=education&utm_term=reliz_team2108', 'https://yandex.ru/yaintern/internship?utm_source=telegram&utm_medium=internal&utm_campaign=yaintern25&utm_content=education&utm_term=reliz_contest2108', 'https://yandex.ru/yaintern/training?utm_source=telegram&utm_medium=internal&utm_campaign=training8&utm_content=education&utm_term=reliz_traning2108']",8564,148,95,,,,,,,,,1.0,,4.0,,,,,48.0,,,7.0,,,2.0,58.0
Education_Yandex,Яндекс Образование,36000,1814,2025-08-22,14:43:05,2025-08-22 14:43:05+00:00,2025-12-01 02:50:14.842177,False,False,True,"**5 привычек для суперэффективной учёбы ****✔️** Если распределение задач по таймеру и удаление отвлекающих приложений уже не работают — включаем план Б! ** ****1️⃣**** Пишите антиконспекты** Вместо классических заметок записывайте, что именно вы не поняли или что вызывает вопросы. Потом возвращайтесь к этим записям и целенаправленно разбирайте сложное. **2️⃣**** Используйте принцип Зейгарник** Оставляйте задачу незаконченной на время отдыха. Мозг продолжит работать над ней подсознательно — и возможно придут классные идеи. **3️⃣**** Оцифровывайте ошибки** Заведите отдельный файл или заметку и записывайте: почему ошибка произошла, как вы это поняли и как больше её не допустить. Это помогает не бояться провалов, а превращать их в рост. **4️⃣**** Используйте принципы интерливинга** Вместо того, чтобы учить один блок подряд, чередуйте темы. Это кажется менее продуктивным, но в итоге понимание и перенос знаний на практику становятся лучше. **5️⃣**** Записывайте ход мыслей, а не только выводы** Не просто пишите итоговое решение, а фиксируйте, как вы к нему пришли. Это помогает находить ошибки и лучше понимать свой процесс мышления. Какую из этих привычек возьмёте на заметку в первую очередь? 🤩 — антиконспекты 🤓 — принцип Зейгарник ⚡️ — оцифровка ошибок 🦄 — интерливинг ❤️ — запись хода мыслей 🤔 — попробую все",1323,photo,0,False,[],7836,220,216,,16.0,,,,,,,1.0,,4.0,,,,,2.0,,,28.0,50.0,74.0,12.0,29.0
Education_Yandex,Яндекс Образование,36000,1807,2025-08-21,15:19:52,2025-08-21 15:19:52+00:00,2025-12-01 02:50:14.842177,False,False,True,"Если вы чувствуете, что ничего не хотите делать, — поздравляем, вы в гармонии с календарём. Сегодня официальный День лени 🤩 Лень часто воспринимается как что-то плохое. Но это важный сигнал тела и мозга: пора остановиться и восстановить силы. Главное — делать это правильно. ⚡️ — обожаю лениться с пользой ❤️ — уже отключаюсь от дел и наслаждаюсь моментом",355,photo,0,False,[],6735,99,114,,53.0,,,,,,,2.0,,1.0,,,,,16.0,,,,,,,42.0
Education_Yandex,Яндекс Образование,36000,1806,2025-08-20,13:48:01,2025-08-20 13:48:01+00:00,2025-12-01 02:50:14.842177,False,False,True,"**Хотите поступить в топовые вузы без вступительных испытаний и построить успешную карьеру в IT?** Такие преимущества даёт участие в профиле «Промышленное программирование» олимпиады «Высшая проба» от [НИУ ВШЭ.](https://t.me/hse_official) Профиль по промышленному программированию в олимпиаде «Высшая проба» — образовательный проект Яндекс Образования, созданный для старшеклассников 9–11-ых классов, которые не просто решают задачи на Python, а хотят строить карьеру в IT, поступить в топовый вуз и работать над большими реальными проектами. Что после олимпиады? 👀 9–10-классникам предлагаем специализации Лицея, другие языки и треки. Также дипломанты получат автопроход в заключительный этап олимпиады следующего года, если будут участвовать за следующий класс. Например, девятиклассник с победой может пройти в финальный этап олимпиады за 10 класс, но не за 11. 👀 11-классников ориентируем на преференции при поступлении в НИУ ВШЭ и другие топовые вузы. Олимпиада — это только начало. После — осознанный выбор направления, обучение в сильной среде, реальные кейсы, первые командные задачи и вклад в проекты, которые видят миллионы. Стать частью нового поколения разработчиков можно [здесь ](https://olymp.hse.ru/mmo/devcode?utm_source=tg&utm_medium=internal&utm_campaign=vp_programming25&utm_content=20.08)🚀",1310,photo,2,True,"['https://olymp.hse.ru/mmo/devcode?utm_source=tg&utm_medium=internal&utm_campaign=vp_programming25&utm_content=20.08', 'https://t.me/hse_official']",7632,74,38,,,,,,,,,2.0,,3.0,8.0,,,,17.0,,,,,,,16.0
Education_Yandex,Яндекс Образование,36000,1805,2025-08-19,15:36:49,2025-08-19 15:36:49+00:00,2025-12-01 02:50:14.842177,False,False,True,"📚 Скоро учебный год — самое время включить полный газ и потренироваться на прошлых задачах кодогонок, чтобы привести себя в форму! **Пример задания «Кодим эмодзи» ****⬇️** Напишите программу, которая считывает строку и выводит эмодзи, отсортированные по частоте их появления в порядке убывания. Гарантируется, что строка состоит только из эмодзи. Ввод: 😊😊😊👍👍🎉 Вывод: 😊👍🎉 Готовы к решению? Задачи уже ждут вас в [контесте.](https://contest.yandex.ru/contest/66361/enter/?retPage=) ⚡ 🔥 — интересно, хочу попробовать",513,document,1,True,['https://contest.yandex.ru/contest/66361/enter/?retPage='],7510,44,69,,13.0,,1.0,,,,,,,,,,,,40.0,,,,,,5.0,10.0
Education_Yandex,Яндекс Образование,36000,1803,2025-08-18,15:36:50,2025-08-18 15:36:50+00:00,2025-12-01 02:50:14.843181,False,False,True,"**Август как плейлист, который плавно переключается с летних хитов на новый учебный вайб. Как пройти этот путь спокойно и с вдохновением? 🎧** Классное решение — [хендбуки от Яндекс Образования.](https://education.yandex.ru/handbook) Это интерактивные учебники по ключевым IT-дисциплинам, которые помогают постепенно изучать теорию и сразу применять её на практике. Их создают эксперты Яндекса и преподаватели вузов-партнёров. **Какие IT-направления есть в хендбуках?** 🟣 [Основы Python](https://education.yandex.ru/handbook/python). Знакомство с базовыми навыками программирования: изучение синтаксиса, основных конструкций и популярных библиотек Python. Подходит для тех, кто только начинает путь в IT. 🟣 [Основы C++](https://education.yandex.ru/handbook/cpp). Изучение ключевых концепций одного из самых востребованных языков разработки: работа с данными, стандартные библиотеки и идиомы. Для этого понадобится знание Python. 🟣 [Основы алгоритмов.](https://education.yandex.ru/handbook/algorithms) Погружение в принципы проектирования, оптимизации и комбинирования алгоритмов, чтобы сделать код более эффективным. Для этого полезны базовые знания математики и хотя бы один язык программирования. 🟣 [Flutter.](https://education.yandex.ru/handbook/flutter) Разбор устройства Flutter, особенностей его компонентов, языка Dart и паттернов проектирования кросс-платформенных приложений. Рекомендуется иметь представление об основах C‑языка. 🟣 [Математика для анализа данных.](https://education.yandex.ru/handbook/math) Изучение математических основ анализа данных и машинного обучения с акцентом на практическое применение ключевых алгоритмов и методов оптимизации. Для этого нужны базовые знания математики, Python и понимание ML. 🟣 [Машинное обучение.](https://education.yandex.ru/handbook/ml) Обзор современных методов машинного обучения: от классических моделей до глубинного обучения нейросетей, генеративных моделей и работы рекомендательных систем. Для успешного освоения потребуются знания Python и основы математики. Какое направление вам более интересно? ❤️ — Python ⚡️ — C++ 🥸 — Flutter 🦄 — Математика для анализа данных 👍 — Машинное обучение",2150,document,7,True,"['https://education.yandex.ru/handbook/algorithms', 'https://education.yandex.ru/handbook/python', 'https://education.yandex.ru/handbook', 'https://education.yandex.ru/handbook/math', 'https://education.yandex.ru/handbook/flutter', 'https://education.yandex.ru/handbook/ml', 'https://education.yandex.ru/handbook/cpp']",8272,110,271,,64.0,,,,,,,5.0,,85.0,,3.0,,,5.0,,,4.0,,,35.0,70.0
Education_Yandex,Яндекс Образование,36000,1802,2025-08-17,08:45:11,2025-08-17 08:45:11+00:00,2025-12-01 02:50:14.843181,False,False,True,"[**Уже выбрали профессию будущего?**](https://t.me/Education_Yandex/1794) Тогда пора сделать следующий шаг — начать готовиться к поступлению на интересующую вас специальность ✳️ Чтобы этот путь был чуть легче, делимся с вами классным инструментом — [тренажёром от Яндекс Учебника для подготовки к ЕГЭ по информатике.](https://education.yandex.ru/ege/) Он не просто даёт задания, но и спокойно объясняет теорию, помогает разобраться в сложных темах и отвечает на любые вопросы. Всегда рядом, не устаёт, не отвлекается. Умный помощник, который работает 24/7 и всегда готов поддержать! Самое время использовать новый сервис и начать путь к выбранному вузу 🚀",654,document,2,True,"['https://education.yandex.ru/ege/', 'https://t.me/Education_Yandex/1794']",8239,112,47,,,,,,,,,,,10.0,,,,,17.0,,,,2.0,,,22.0
Education_Yandex,Яндекс Образование,36000,1801,2025-08-15,16:18:16,2025-08-15 16:18:16+00:00,2025-12-01 02:50:14.843181,False,False,True,"У data-самурая есть и цель, и путь — они ведут на Data Dojo 🥷 26 августа в Санкт-Петербурге соберётся сообщество ML‑специалистов Яндекса. Будем обсуждать тренды, разбирать реальные задачи из соревнований и делиться прикладными кейсами. Присоединяйтесь к мастерам, чтобы попасть в комьюнити, поболтать про стажировки и карьеру в Яндексе и просто послушать полезное про ML. На встрече вас ждут 1️⃣ Лекции и дискуссии о настоящем и будущем машинного обучения, в том числе от Петра Ермакова, ML-бренд-директора Яндекса 2️⃣ Разбор реальных кейсов и задач из ML-соревнований от практикующих сэнсэев 3️⃣ Нетворкинг с коллегами из разных подразделений компании 4️⃣ Afterparty для неформального общения и небольшие сувениры от Яндекса Все подробности и ссылка для регистрации [уже здесь ](https://yandex.ru/yaintern/data-dojo?utm_source=telegram&utm_medium=internal&utm_campaign=datadojo25&utm_content=yy&utm_term=datadojoml0608)[➡️](https://yandex.ru/yaintern/data-dojo?utm_source=telegram&utm_medium=internal&utm_campaign=datadojo25&utm_content=yy&utm_term=datadojoml0608) Станьте на тропу ML-совершенствования вместе с [Young&&Yandex](https://t.me/Young_and_Yandex) до 20 августа. 🔥 — класс, увидимся в Питере ⚡️ — присоединюсь к вам онлайн",1234,photo,2,True,"['https://yandex.ru/yaintern/data-dojo?utm_source=telegram&utm_medium=internal&utm_campaign=datadojo25&utm_content=yy&utm_term=datadojoml0608', 'https://t.me/Young_and_Yandex']",8303,35,52,,23.0,,,,,,,,,1.0,,,,,10.0,,,,,,2.0,16.0
Education_Yandex,Яндекс Образование,36000,1797,2025-08-14,16:04:58,2025-08-14 16:04:58+00:00,2025-12-01 02:50:14.843181,False,False,True,"⚡ ИИ всё увереннее входит в лаборатории и исследовательские центры по всему миру. Помогает моделировать свойства материалов, находить новые лекарства, анализировать климатические изменения и даже предсказывать землетрясения. И теперь у российских учёных появился ещё один способ прокачать свои навыки. ШАД Яндекса запускает новое направление — «Искусственный интеллект в естественно-научных исследованиях». ✔️ Приём заявок открыт до 10 сентября ✔️ Обучение бесплатное и длится 2 года ✔️ Для магистрантов, аспирантов и научных сотрудников в областях: физика, химия, биология, экология, медицина, геология Андрей Щирый руководит направлением «Искусственный интеллект в междисциплинарных исследованиях». И рассказал нам о том, зачем учёным идти на курс, как он устроен и в чём его особенность ⬆️",792,photo,0,False,[],10922,231,63,,,,,,,4.0,,3.0,,14.0,,,,,3.0,7.0,,,,,,32.0
Education_Yandex,Яндекс Образование,36000,1796,2025-08-14,13:58:44,2025-08-14 13:58:44+00:00,2025-12-01 02:50:14.843181,False,False,True,"**Подбадриваем словами, поддерживаем поступками ****🙏**** ** Недавно [наши ребята вернулись](https://t.me/Education_Yandex/1789) с Международной олимпиады по искусственному интеллекту в Китае с 8 медалями. И мы [с Young&&Yandex](https://t.me/Young_and_Yandex) поздравляем ребят не только на словах! Каждый из победителей может воспользоваться фаст-треком для прохождения отбора в [Yandex Research ML Residency](https://olymp.hse.ru/mmo/devcode?utm_source=tg&utm_medium=internal&utm_campaign=mlresidencyioai&utm_content=14.08) 🔍 В анкете достаточно указать, что вы победитель Олимпиады IOAI. И дальше — сразу интервью с руководителем программы, без разбора научной статьи и дополнительных собеседований. При успешном прохождении, программа обеспечивает 🏆 трудовой договор на год с лабораторией Яндекса в ВШЭ с возможностью продления, 🏆 работу в московском офисе Яндекса с гибким графиком, 🏆 доступ к внутренним ресурсам и возможностям компании. Вы тоже можете попробовать свои силы и пройти в программу. Все подробности и анкета для записи доступны [здесь.](https://yandex.ru/yaintern/research_ml_residency) 🏆 — если рады за ребят 😍 — если решили тоже откликнуться",1163,photo,4,True,"['https://yandex.ru/yaintern/research_ml_residency', 'https://t.me/Education_Yandex/1789', 'https://olymp.hse.ru/mmo/devcode?utm_source=tg&utm_medium=internal&utm_campaign=mlresidencyioai&utm_content=14.08', 'https://t.me/Young_and_Yandex']",7141,43,100,,,,,,,,74.0,,,8.0,1.0,,,,1.0,9.0,,,,5.0,,2.0
Education_Yandex,Яндекс Образование,36000,1795,2025-08-12,14:22:52,2025-08-12 14:22:52+00:00,2025-12-01 02:50:14.844667,False,False,True,"А что если жизнь — это тоже сказка? Иногда достаточно взглянуть на всё под другим углом 👀 Представьте, что вы — главный герой, а страхи и трудности — это просто испытания на пути к счастливому финалу. И сразу станет легче 🚀 [Яндекс Книги](https://t.me/booksyandex) и[ Яндекс Практикум](https://t.me/yndx_practicum) создали интерактивную сказку для взрослых. В ней обычный человек хочет сменить профессию, но боится. Он сомневается, тревожится, откладывает решение. А потом решается, отправляется в путь, преодолевает преграды, находит союзников, побеждает своих внутренних драконов и постепенно находит себя. ➡️ Это не просто [сказка](https://practicum.yandex.ru/promo/v-tridevyatom-tsarstve/?utm_source=partners&utm_medium=partners&utm_campaign=yandex-education_partners_RF_common_Resk_b2c_Post_Special-v-tridevyatom-tsarstve_None) — это приглашение стать её частью. А в конце вас ждёт волшебная подборка книг, которые вдохновляют на перемены, и промокод для тех, кто, как Петя, решился на смелый шаг: учиться, меняться, расти. Пора отправиться в путь-дорогу!",1060,photo,3,True,"['https://practicum.yandex.ru/promo/v-tridevyatom-tsarstve/?utm_source=partners&utm_medium=partners&utm_campaign=yandex-education_partners_RF_common_Resk_b2c_Post_Special-v-tridevyatom-tsarstve_None', 'https://t.me/yndx_practicum', 'https://t.me/booksyandex']",7816,28,38,,,,,,,,,,,,6.0,,,,3.0,3.0,,,5.0,,,21.0
Education_Yandex,Яндекс Образование,36000,1794,2025-08-12,11:06:20,2025-08-12 11:06:20+00:00,2025-12-01 02:50:14.844667,False,False,True,"**Пять лет назад мало кто знал, кто такие промпт-инженеры. Сегодня они одни из самых востребованных специалистов в IT. ** Недавно мы [фантазировали о профессиях будущего](https://t.me/Education_Yandex/1678), но пришло время взглянуть на реальные тренды. Какие IT-специальности определяют рынок и задают вектор развития? 👀 1️⃣** ML-инженер** строит и внедряет модели машинного обучения: от рекомендательных систем и классификаторов до распознавания изображений, текстов и голосовых команд. Особенно востребованы в финтехе, e-commerce, здравоохранении, ИИ-стартапах и онлайн-образовании. Чтобы начать карьеру в этой области, потребуется уверенное знание Python, основ матанализа, линейной алгебры и статистики. Пригодятся библиотеки numpy и pandas, знание SQL. 2️⃣** Промпт-инженер **создаёт и оптимизирует запросы для генеративных моделей. Его задача — добиться максимально точного и полезного результата от ИИ. Такие специалисты востребованы в разных сферах: от маркетинга и дизайна, где помогают генерировать контент и идеи, до образовательных платформ и продуктовых команд, которые используют нейросети для автоматизации процессов и улучшения пользовательского опыта. Для освоения профессии достаточно иметь базовые навыки работы с ИИ, желание экспериментировать и учиться, а также способность к аналитическому мышлению и креативности. 3️⃣ **SRE/DevOps-инженеры** отвечают за стабильную и бесперебойную работу сложных IT-систем. Их основная задача — автоматизировать процессы развёртывания, настройки и масштабирования приложений, а также обеспечивать высокую надёжность и производительность сервисов. Такие специалисты востребованы в крупных IT-компаниях, банках, финансовых организациях и стартапах, где требуется быстрое масштабирование инфраструктуры. Для успешной работы нужно уверенное владение инструментами контейнеризации и оркестрации, опыт настройки CI/CD-процессов, а также навыки мониторинга и логирования. Знание Linux, сетевых протоколов и систем безопасности также является обязательным. 4️⃣ **Backend-инженер** отвечает за разработку серверной части приложений: пишет бизнес-логику, создаёт и поддерживает API, работает с базами данных, а также следит за производительностью, безопасностью и масштабируемостью системы. Профессия востребована в финтехе, SaaS-продуктах, агрегаторах, геймдеве и логистике. Чтобы начать строить карьеру необходимо уверенно владеть хотя бы одним из языков программирования: Go, Python, Java, Rust или Node.js. Важны знания работы с базами данных, умение создавать и использовать API, инструменты контейнеризации, системы CI/CD. 5️⃣** Специалист по кибербезопасности** отвечает за защиту IT-инфраструктуры, сервисов и данных компании от различных угроз и кибератак. Его задача — выявлять уязвимости в системах, проводить тесты на пентесты, разрабатывать и внедрять меры безопасности, а также мониторить подозрительную активность и реагировать на инциденты. Для старта в профессии важно понимать ОС Linux, основы сетевых протоколов, принципы криптографии и стандарты безопасности. 6️⃣** Продакт-менеджер** отвечает за полный цикл создания продукта: от идеи и исследования рынка до выпуска и дальнейшего развития. Он определяет, какие функции и улучшения нужны пользователям, формирует продуктовую стратегию, координирует работу команды разработчиков, дизайнеров и маркетологов, следит за соблюдением сроков и качества. Для успешного старта нужны базовые знания управления продуктами, понимание аналитики и UX-принципов и умение видеть связь между потребностями пользователей и целями компании. Важны навыки коммуникации, планирования и работы с командами разных специалистов. Ещё не определились, в каком направлении хотите развиваться? В этом может помочь [профориентационный тест](https://practicum.yandex.ru/promo/test/?ysclid=mdh55pzmso715513125) от Яндекс Практикума и МГУ. Вы получите подробный анализ ответов и узнаете, какие области и вид деятельности могут вам подойти.",3924,photo,2,True,"['https://practicum.yandex.ru/promo/test/?ysclid=mdh55pzmso715513125', 'https://t.me/Education_Yandex/1678']",8086,108,32,,,,,,,,,,,,,,,,5.0,2.0,,,5.0,1.0,,19.0
Education_Yandex,Яндекс Образование,36000,1793,2025-08-11,15:16:22,2025-08-11 15:16:22+00:00,2025-12-01 02:50:14.844667,False,False,True,"**Наши друзья из **[**Young&&Yandex**](https://t.me/Young_and_Yandex)** снова в деле — и снова для тех, кто не просто мечтает о будущем, а готов его строить.** Они запускают три бесплатных курса по олимпиадной подготовке для учеников 5–11 классов. Это шанс не только умственно прокачаться, но и приблизиться к поступлению в топовые вузы — без ЕГЭ. Что внутри? 👀 **🟡**** Курс олимпиадной математики для учеников 5–11 классов. **В каждом классе два потока: базовый для начинающих и продвинутый для тех, кто знаком с олимпиадными задачами. **🟡**** Курс олимпиадного программирования для учеников 6–11 классов.** Программа разделена на 5 параллелей: от начинающих до призёров Всероса и кандидатов на международные соревнования. **🟡**** Курс по искусственному интеллекту для учеников 8–11 классов. **Изучение машинного обучения и подготовка к новому профилю Всероса по информатике — «Искусственный интеллект». Занятия будут вести опытные олимпиадники и учителя, которые вырастили не одно поколение призёров российского и международного уровней. Обучение в программах бесплатное, курсы проходят очно в Москве и онлайн для ребят из других городов. Для зачисления нужно пройти[ конкурсный отбор](https://yandex.ru/yaintern/olympiads/kruzhok?utm_source=telegram&utm_medium=social&utm_campaign=kruzhok25&utm_content=obrazovanie&utm_term=anonskruzhok1108). ⚡️ — круто, увидимся на курсах!",1377,photo,2,True,"['https://yandex.ru/yaintern/olympiads/kruzhok?utm_source=telegram&utm_medium=social&utm_campaign=kruzhok25&utm_content=obrazovanie&utm_term=anonskruzhok1108', 'https://t.me/Young_and_Yandex']",9805,301,85,,49.0,,,,,,,,,,,,,,3.0,,,,,,,45.0
Education_Yandex,Яндекс Образование,36000,1789,2025-08-08,16:04:47,2025-08-08 16:04:47+00:00,2025-12-01 02:50:14.846175,False,False,True,"**Медали, интеллект и немного магии алгоритмов **На Международной олимпиаде по искусственному интеллекту в Китае российская команда показала, что школьники уже умеют решать задачи, над которыми ломают голову взрослые инженеры. **Результат:** 6 золотых, 1 серебряная и 1 бронзовая. В составе команды школьники 10-11х классов из Москвы, Санкт-Петербурга, Владивостока, Уфы и Новосибирска. Среди них 5 выпускников Лицея: ▪️ Беляев Матвей (Владивосток) — 🥇 ▪️ Вершинин Михаил (Новосибирск) — 🥇 ▪️ Гарифуллин Тимур (Уфа) — 🥇 ▪️ Дроканов Олег (Санкт-Петербург) — 🥇 ▪️ Сигалов Константин (Санкт-Петербург) — 🥇 __В подготовке ребят к олимпиаде участовали эксперты из Центрального университета, представители Альянса в сфере ИИ совместно с МФТИ__. 🔥 — если аплодируешь стоя",764,photo,0,False,[],11381,31,247,,21.0,,,,,,,,,,,,,,199.0,,,1.0,,,11.0,23.0
Education_Yandex,Яндекс Образование,36000,1788,2025-08-08,09:42:18,2025-08-08 09:42:18+00:00,2025-12-01 02:50:14.846175,False,False,True,,0,document,0,False,[],11002,3,20,,,,,,,5.0,,,,,6.0,,,,,,,,,,,9.0
Education_Yandex,Яндекс Образование,36000,1787,2025-08-08,09:42:18,2025-08-08 09:42:18+00:00,2025-12-01 02:50:14.846175,False,False,False,"Какие навыки школьники получают, работая над таким серьёзным прототипом?",72,,0,False,[],11100,4,16,,12.0,,,,,,,,,,,,,,2.0,,,,,,,2.0
Education_Yandex,Яндекс Образование,36000,1786,2025-08-08,09:42:18,2025-08-08 09:42:18+00:00,2025-12-01 02:50:14.846365,False,False,True,,0,document,0,False,[],11035,4,17,,,,,,,,,,,,9.0,,,,4.0,,,,,,,4.0
Education_Yandex,Яндекс Образование,36000,1785,2025-08-08,09:42:17,2025-08-08 09:42:17+00:00,2025-12-01 02:50:14.846365,False,False,False,Почему именно сейчас важно разбираться в ИИ и робототехнике?,60,,0,False,[],9934,3,5,,,,,,,,,,,,,,,,,,,,,,,5.0
Education_Yandex,Яндекс Образование,36000,1784,2025-08-08,09:42:17,2025-08-08 09:42:17+00:00,2025-12-01 02:50:14.846365,False,False,True,,0,document,0,False,[],8827,4,11,,5.0,,,,,,,,,,,,,,1.0,2.0,,,,,,3.0
Education_Yandex,Яндекс Образование,36000,1783,2025-08-08,09:42:17,2025-08-08 09:42:17+00:00,2025-12-01 02:50:14.846365,False,False,False,В чём уникальность этого проекта по сравнению с другими направлениями?,70,,0,False,[],7816,3,0,,,,,,,,,,,,,,,,,,,,,,,0.0
Education_Yandex,Яндекс Образование,36000,1782,2025-08-08,09:42:17,2025-08-08 09:42:17+00:00,2025-12-01 02:50:14.846365,False,False,False,"Мы также задали вопросы Ивану Копылову — руководителю проекта Яндекса """"Большие вызовы"""". Делимся ниже ⬇️",105,,0,False,[],8216,6,14,,,,,,,,,,,,,,,,2.0,,,,,,,14.0
Education_Yandex,Яндекс Образование,36000,1781,2025-08-08,09:41:58,2025-08-08 09:41:58+00:00,2025-12-01 02:50:14.846365,False,True,True,[ОПРОС] Для каких целей роботы подходят больше всего?,53,other,0,False,[],8176,2,17,,,,,,,,,,,,,,,,1.0,4.0,,,8.0,,,4.0
Education_Yandex,Яндекс Образование,36000,1780,2025-08-08,09:41:27,2025-08-08 09:41:27+00:00,2025-12-01 02:50:14.846365,False,False,True,"Хотели бы себе робота, который выполняет любые ваши просьбы? 🤖 В мире, где автономный транспорт и роботы-доставщики уверенно перемещаются по картам с координатами, следующий шаг очевиден — роботы, которые понимают нас с полуслова и идут туда, куда мы скажем. Именно над такой технологией работали участники Больших вызовов 2025 от Сириуса. Вместе с менторами и ассистентами из ШАДа школьники создавали прототип системы, где робот сможет ориентироваться в пространстве, опираясь на команды на естественном языке. Это уже не фантастика — прогресс vision-language моделей подталкивает индустрию к созданию гуманоидных помощников. 👑 Кроме того, ШАД не только двигают технологии вперёд, но и дают талантливым ребятам возможность попробовать себя в серьёзной проектной работе. Реальный шанс для школьников ощутить себя частью большого будущего, где ИИ и робототехника уже внедряются в нашу жизнь. Только представьте: возможно, именно эти ребята в будущем создадут робота, который принесёт вам чай или найдёт потерянные ключи 🔑",1020,photo,0,False,[],6841,15,34,,,,,,,,,,,,,,,,3.0,8.0,,,6.0,,,30.0
Education_Yandex,Яндекс Образование,36000,1779,2025-08-07,18:38:25,2025-08-07 18:38:25+00:00,2025-12-01 02:50:14.846365,False,False,True,,0,document,0,False,[],7362,8,25,,,,,,,,5.0,,,,,,,,2.0,,,,,,,23.0
Education_Yandex,Яндекс Образование,36000,1778,2025-08-07,18:38:25,2025-08-07 18:38:25+00:00,2025-12-01 02:50:14.846365,False,False,False,"8. Как строится доверие пользователей? Есть ли onboard-интерфейс, показывающий, что «думает» машина?",100,,0,False,[],7833,3,0,,,,,,,,,,,,,,,,,,,,,,,0.0
Education_Yandex,Яндекс Образование,36000,1777,2025-08-07,18:38:25,2025-08-07 18:38:25+00:00,2025-12-01 02:50:14.847369,False,False,True,,0,document,0,False,[],7677,4,22,,,,,,,,,,,1.0,,,,,,,,,,4.0,,22.0
Education_Yandex,Яндекс Образование,36000,1776,2025-08-07,18:38:25,2025-08-07 18:38:25+00:00,2025-12-01 02:50:14.847369,False,False,False,"7. Как тестируется новая модель перед тем, как её выпускают на реальные дороги?",79,,0,False,[],6618,4,0,,,,,,,,,,,,,,,,,,,,,,,0.0
Education_Yandex,Яндекс Образование,36000,1775,2025-08-07,18:38:25,2025-08-07 18:38:25+00:00,2025-12-01 02:50:14.847369,False,False,True,,0,document,0,False,[],6772,4,22,,,,,,,,,,,1.0,,,,,,,,,,4.0,,23.0
Education_Yandex,Яндекс Образование,36000,1774,2025-08-07,18:38:25,2025-08-07 18:38:25+00:00,2025-12-01 02:50:14.847369,False,False,False,"6. Что происходит, если GPS временно недоступен?",48,,0,False,[],6694,4,0,,,,,,,,,,,,,,,,,,,,,,,0.0
Education_Yandex,Яндекс Образование,36000,1773,2025-08-07,18:38:25,2025-08-07 18:38:25+00:00,2025-12-01 02:50:14.847369,False,False,True,,0,document,0,False,[],6706,3,19,,,,,,,,,,,2.0,,,,,,,,,2.0,,,20.0
Education_Yandex,Яндекс Образование,36000,1772,2025-08-07,18:38:25,2025-08-07 18:38:25+00:00,2025-12-01 02:50:14.847369,False,False,False,"5. Как автомобиль справляется с нестандартными ситуациями: перекрытия, объезды, стихийные изменения в инфраструктуре?",117,,0,False,[],5761,3,0,,,,,,,,,,,,,,,,,,,,,,,0.0
Education_Yandex,Яндекс Образование,36000,1771,2025-08-07,18:38:25,2025-08-07 18:38:25+00:00,2025-12-01 02:50:14.847369,False,False,True,,0,document,0,False,[],5168,4,20,,,,,,,,,,,2.0,,,,,,,,,,3.0,,19.0
Education_Yandex,Яндекс Образование,36000,1770,2025-08-07,18:38:25,2025-08-07 18:38:25+00:00,2025-12-01 02:50:14.847369,False,False,False,4. Альтернативный подход к светофорам — про умную инфраструктуру:,65,,0,False,[],5136,4,0,,,,,,,,,,,,,,,,,,,,,,,0.0
Education_Yandex,Яндекс Образование,36000,1769,2025-08-07,18:38:25,2025-08-07 18:38:25+00:00,2025-12-01 02:50:14.847369,False,False,True,,0,document,0,False,[],5256,7,19,,3.0,,,,,,,,,2.0,,,,,4.0,,,,,,,10.0
Education_Yandex,Яндекс Образование,36000,1768,2025-08-07,18:38:25,2025-08-07 18:38:25+00:00,2025-12-01 02:50:14.847369,False,False,False,"1. Как автономный автомобиль распознаёт сигналы светофора? Какие технологии используются — камеры, LiDAR, ИИ? 2. Насколько уверенно машина отличает зелёный от жёлтого, особенно при разной освещённости, бликах, дожде? 3. Что делает автомобиль, если светофор частично перекрыт — деревьями, рекламой, грузовиком?",309,,0,False,[],5604,9,2,,,,,,,,,,,,,,,,2.0,,,,,,,0.0
Education_Yandex,Яндекс Образование,36000,1767,2025-08-07,18:38:25,2025-08-07 18:38:25+00:00,2025-12-01 02:50:14.848372,False,False,True,"Красный, жёлтый, зелёный — цвета, знакомые каждому с детства. Но что происходит с их восприятием, когда за рулём вместо человека оказывается робот? Об этом поговорили с Виктором Юрченко, который создавал автономный транспорт Яндекса. В кружочках он поделился, как машины распознают сигналы светофоров и ориентируются в сложных городских условиях. Смотрим вместе ⬇️ 🔥 — если хотели бы покататься с роботом",404,document,0,False,[],5900,8,47,,,,,,,,,,,,,,,,32.0,1.0,,,4.0,,,16.0
Education_Yandex,Яндекс Образование,36000,1766,2025-08-06,09:55:01,2025-08-06 09:55:01+00:00,2025-12-01 02:50:14.848372,False,True,True,[ОПРОС] Что выбираете?,22,other,0,False,[],12638,21,131,,,,2.0,,,2.0,,21.0,,1.0,1.0,3.0,,,9.0,,,77.0,4.0,,2.0,9.0
Education_Yandex,Яндекс Образование,36000,1765,2025-08-06,09:55:01,2025-08-06 09:55:01+00:00,2025-12-01 02:50:14.848372,False,False,True,"**Привет из 2055 🤖** Думаете, технологии уже везде? Но пока нет тапочек, которые подбегают сами, нам есть над чем поработать. Давайте пофантазируем и составим карту вещей, которые можно прокачать с помощью технологий ⬇️ 🟣 Джинсы с GPS найдут путь домой, если вы потерялись на фестивале. 🟣 Электробалансир для сапборда помогает держать равновесие даже на самых больших волнах. 🟣 Подушка с шумоподавлением создаёт вокруг вас звуковую защиту и помогает расслабиться для крепкого сна. 🟣 Умный кошелёк с биометрией распознаёт вас по отпечатку пальца или лицу, чтобы деньги и документы были под максимальной защитой. 🟣 Бутылка для воды с напоминанием о питье даёт сигнал, когда пора сделать глоток для поддержания водного баланса. 🟣 Стриминг-бот для учёбы в реальном времени анализирует ваш экран и объясняет, что вы видите, как репетитор-напарник. 🟣 Клавиатура с функцией «антипрокрастинация» блокирует кнопки, если вы пишете в чат с мемами вместо курсовой. Теперь ваша очередь! Какие предметы из повседневной жизни вы бы хотели сделать умнее? ⬇️",1041,photo,0,False,[],12524,18,44,,,,,,,,,2.0,,,,,,,3.0,5.0,,12.0,,,,23.0
Education_Yandex,Яндекс Образование,36000,1760,2025-08-05,12:36:36,2025-08-05 12:36:36+00:00,2025-12-01 02:50:14.849374,False,False,True,"Вокруг IT-образования ходит много легенд. Кто-то пугает сложностями, а кто-то обещает лёгкий путь. Пора разобраться, как всё устроено на самом деле ⬆️",150,photo,0,False,[],7924,37,62,,8.0,,2.0,,,,,,,,,,,,3.0,23.0,,6.0,1.0,,11.0,11.0
Education_Yandex,Яндекс Образование,36000,1759,2025-08-04,16:23:40,2025-08-04 16:23:40+00:00,2025-12-01 02:50:14.849374,False,False,True,"**Хотите перейти на «ты» с данными? ПАНДАН ждёт!** Это программа по аналитике от Европейского университета и Яндекса. Подойдёт для: ✔️ ученых из социогуманитарных областей, которые хотят освоить технические инструменты для расширения исследовательских возможностей ✔️ для исследователей, которые хотят совершить плавный переход из академии в аналитику данных ✔️ для всех, кто хочет получить квалификацию аналитика без предварительной технической подготовки ** Форматов два**: 1️⃣ Магистратура на 2 года для глубокого погружения (набор завершён) 2️⃣ Программа ДПО на 10 месяцев — для тех, кому важно быстро и по делу (**успей подать заявку до 10 августа**!) Обучение строится вокруг реальных кейсов: вы не просто учитесь, а сразу применяете знания на практике. Технический бэкграунд не обязателен, наши эксперты всему научат с нуля. Формат обучения на выбор: очно в Европейском университете в Санкт-Петербурге, онлайн или в смешанном формате. ⚡️ Осенний набор уже открыт — не откладывайте и [записывайтесь](https://education.yandex.ru/university/eusp-pandan?utm_source=tg&utm_medium=internal&utm_campaign=education&utm_content=04.08)!",1133,photo,1,True,['https://education.yandex.ru/university/eusp-pandan?utm_source=tg&utm_medium=internal&utm_campaign=education&utm_content=04.08'],8328,45,53,,,,6.0,,,,,,,1.0,,,,,2.0,,,8.0,,,,43.0
Education_Yandex,Яндекс Образование,36000,1758,2025-08-04,12:04:18,2025-08-04 12:04:18+00:00,2025-12-01 02:50:14.850376,False,False,True,"**Теперь диплом — это студент & научрук + ИИ ****🤖** Всё началось с двадцати студентов Вышки, которые попробовали использовать ИИ в дипломах. Спустя год к проекту присоединились 500+ студентов из 11 университетов по всей стране. Проект также поддержали научные руководители. С экспертами Яндекс Образования и ФКН ВШЭ они осваивают новые инструменты, исследуют возможности нейросетей и пробуют использовать их в учебной практике — там, где это действительно помогает. Участники подчёркивают: нейросети не заменяют человека, а дополняют. Они упрощают рутину, ускоряют процессы и помогают сосредоточиться на сути. Именно так формируется разумный и полезный подход к технологиям в образовании. **Елизавета Трубина, выпускница ТГУ:** «Работа с ИИ повысила эффективность и качество выполнения задач, сократила время на обработку материала. Теперь использую нейросети для автоматизации расписаний, перевода текстов, поиска идей и выявления нелогичностей в рассуждениях». **Артём Рагулин, студент НИУ ВШЭ:** «С помощью GPT я расширил методологию исследования, научился писать SQL-запросы и код на Python. Считаю, что университетам стоит научиться интегрировать ИИ в образовательные процессы — главное, стимулировать студентов использовать его добросовестно». **Андрей Воронов, студент НИУ ВШЭ:** «ИИ стал для меня рабочим инструментом — использую его для текстов и визуалов. Было бы здорово, если бы в университетах учили автоматизировать рутину с помощью ИИ, а творческое оставлять человеку». Чтобы рутинные дела занимали меньше времени, а важное — больше, мы продолжаем развивать проект и делаем ИИ удобным и понятным помощником. 🔥 — если тоже верите, что без ИИ теперь никуда",1670,photo,0,False,[],7172,55,115,,5.0,,,,,,1.0,2.0,,,,,,,72.0,,,,13.0,,3.0,19.0
Education_Yandex,Яндекс Образование,36000,1757,2025-08-03,11:57:30,2025-08-03 11:57:30+00:00,2025-12-01 02:50:15.789812,False,False,True,"Классные новости 🥳 Наши ребята только что вернулись с IOI 2025 **с двумя золотыми 🥇 и двумя серебряными медалями 🥈 **В этом году в соревновании участвовали Дарья Грекова, Петр Лосев, Гимран Абдуллин и Владислав Жиганов. Это победители Всероссийской олимпиады школьников по информатике, а также золотые медалисты IOI прошлых лет. Ребят тренировали преподаватели ведущих вузов — ИТМО, НИУ ВШЭ и МФТИ. Обладатели золотой и серебряной медалей Петр и Дарья также являются учениками Кружка Яндекса по олимпиадному программированию. [На IOI, International Olympiad in Informatics,](https://ioi2025.bo/) попадают только лучшие школьники-программисты со всего мира. Это как Олимпийские игры, только по спортпрограммированию. Вместо беговых дорожек — алгоритмы, вместо турников — структуры данных, а вместо секундомеров — строгий онлайн-оценщик решений. В этом году олимпиада проходила в Боливии, с 27 июля по 3 августа, и собрала участников из 90 стран. Финал включал два тура по пять часов каждый, за которые нужно было решить шесть сложнейших алгоритмических задач. Спортивное программирование — это не только про код. Это про мышление, стратегию и командный дух. И мы гордимся, что смогли внести свой вклад в подготовку и успех этих ребят. ❤️ — чтобы поддержать ребят респектом и вдохновить тех, кто только мечтает попасть в мир олимпиадного программирования!",1353,photo,1,True,['https://ioi2025.bo/'],6499,17,150,,,,,,,,,,,,21.0,,,,6.0,11.0,,,,,,112.0
Education_Yandex,Яндекс Образование,36000,1755,2025-08-03,08:53:59,2025-08-03 08:53:59+00:00,2025-12-01 02:50:15.790817,False,False,True,"**Как не просто следовать за трендами, а создавать их? ****🔍** На совместной онлайн-магистратуре Яндекс Образования и НИУ ВШЭ вы научитесь применять ИИ в рекламе и управлении продуктом. Программа на стыке маркетинга, продуктового менеджмента и искусственного интеллекта: здесь учат работать с данными, понимать поведение пользователей, запускать кампании, формировать стратегии и развивать продукт: от гипотез до роста. Программа точно для вас, если 1️⃣ вы заканчиваете бакалавриат и планируете карьеру в продукте или диджитал-маркетинге; 2️⃣ уже пробуете себя в IT, маркетинге или менеджменте и хотите вырасти быстрее; 3️⃣ развиваете свой проект и ищете точку опоры в знаниях и комьюнити. Учёба проходит онлайн в прямом эфире: с живыми лекциями, возможностью задавать вопросы и запускать проекты вместе с другими участниками. Среди преподавателей — эксперты Яндекса и ФКН НИУ ВШЭ. А после окончания вас ждёт диплом гособразца, портфолио и реальные кейсы. Ну классно же! [Подать документы](https://education.yandex.ru/university/hse-ai-marketing?utm_source=telegram&utm_medium=internal&utm_campaign=aimarketing25&utm_content=02.08&utm_term=preview) можно до 8 августа. А чтобы лучше понять, как всё устроено, вступайте [в чат абитуриентов](https://t.me/+6QDd0DnWBl4wMDUy) — там уже делятся материалами и отвечают на вопросы.",1324,photo,2,True,"['https://education.yandex.ru/university/hse-ai-marketing?utm_source=telegram&utm_medium=internal&utm_campaign=aimarketing25&utm_content=02.08&utm_term=preview', 'https://t.me/+6QDd0DnWBl4wMDUy']",6162,20,40,,,,,,,,,,,,,,,,12.0,,,,1.0,,,44.0
Education_Yandex,Яндекс Образование,36000,1754,2025-08-01,10:46:50,2025-08-01 10:46:50+00:00,2025-12-01 02:50:15.790817,False,False,True,"Каждая буква — как шаг: к новым навыкам, опыту, крутым проектам и карьере в IT. Все дороги ведут на Студкемп в Нижний Новгород 🛤 2 недели мы будем жить в современном колливинге [Неймарка](https://neimark-it.ru/?ysclid=mdd0wjhped250539007) и в совместной программе с ФКН ВШЭ изучать, как устроены автономный транспорт и компьютерное зрение. Делимся подробностями программы 👀 **1 неделя **▫️ Изучение генеративных моделей GAN, VAE, diffusion models ▫️ Обзор современных технологий компьютерного зрения ▫️ Работа с OpenCV ▫️ Практические задачи с PyTorch ▫️ Геометрические преобразования и трёхмерная реконструкция сцены **2 неделя** ▫️ Алгоритмы трёхмерного компьютерного зрения ▫️ 2D и 3D детекторы: RCNN, YOLO, FCOS, CenterNet, lidar- и camera-only методы ▫️ Attention-модели: ViT, DETR, PointTransformer ▫️ Разработка технологий автономного транспорта с командой Яндекса __Программа подготовлена совместно с преподавателями__ [__Неймарка__](https://neimark-it.ru/?ysclid=mdd0wjhped250539007) и [__ФКН ВШЭ. __](https://cs.hse.ru/?ysclid=mdd0x3slur989021293) Что нужно, чтобы попасть на кемп? Базовые знания ML, Python, линейной алгебры, математической статистики и фреймворков для CV. По традиции дорогу и проживание оплачивает Яндекс Образование. А для студентов Неймарка и ФКН, которые не смогут поехать, будет доступна онлайн-трансляция лекций — и в этом кемпе все смогут принять участие 💘 Подать заявку на кемп, чтобы наполнить лето сочными идеями и новыми навыками, можно [на сайте](https://education.yandex.ru/studcamp-neimark-cshse?utm_source=tg&utm_medium=internal&utm_campaign=studcampneimark-2025&utm_content=01.08) до 14 августа. И до встречи в Нижнем Новгороде 🧑‍🏫 ⚡️ — хочу с вами, иду регистрироваться",1715,photo,3,True,"['https://neimark-it.ru/?ysclid=mdd0wjhped250539007', 'https://cs.hse.ru/?ysclid=mdd0x3slur989021293', 'https://education.yandex.ru/studcamp-neimark-cshse?utm_source=tg&utm_medium=internal&utm_campaign=studcampneimark-2025&utm_content=01.08']",7101,61,48,,23.0,,,,,,2.0,,,7.0,,,,,1.0,,,,,,,15.0
Education_Yandex,Яндекс Образование,36000,1753,2025-07-31,12:51:37,2025-07-31 12:51:37+00:00,2025-12-01 02:50:15.790817,False,True,True,"[ОПРОС] Заклинание, которое запускает скрипты для автоматизации рутинных задач.",79,other,0,False,[],6116,1,9,,,,,,,,,,,,,,,,,,,3.0,,,,6.0
Education_Yandex,Яндекс Образование,36000,1752,2025-07-31,12:51:37,2025-07-31 12:51:37+00:00,2025-12-01 02:50:15.790817,False,True,True,"[ОПРОС] Заклинание, которое помогает быстро находить и исправлять ошибки в коде.",80,other,0,False,[],6511,1,0,,,,,,,,,,,,,,,,,,,,,,,0.0
Education_Yandex,Яндекс Образование,36000,1751,2025-07-31,12:51:37,2025-07-31 12:51:37+00:00,2025-12-01 02:50:15.790817,False,True,True,"[ОПРОС] Заклинание, которое шифрует важные данные для защиты от взлома.",71,other,0,False,[],7958,1,0,,,,,,,,,,,,,,,,,,,,,,,0.0
Education_Yandex,Яндекс Образование,36000,1750,2025-07-31,12:51:37,2025-07-31 12:51:37+00:00,2025-12-01 02:50:15.790817,False,False,True,"Revelio Festum — и праздник магии открыт 🪄 Мир фантастики давно напоминает нам, что магия — это не просто волшебство. Это умение находить нестандартные решения, концентрироваться на хорошем и верить в своих друзей. А теперь представьте, что в Хогвартсе учатся разработчики! Вместо волшебных палочек — клавиатуры, а вместо заклинаний — команды и скрипты, которые творят настоящие чудеса с кодом и данными. В честь праздника предлагаем пофантазировать, какие заклинания могли бы появиться в арсенале айтишников 🔮",510,photo,0,False,[],7982,1,33,,18.0,,,,,,2.0,1.0,,,,6.0,,,,,,,,,,6.0
Education_Yandex,Яндекс Образование,36000,1749,2025-07-30,16:32:13,2025-07-30 16:32:13+00:00,2025-12-01 02:50:15.790817,False,False,True,,0,document,0,False,[],6389,26,78,,,,,,,,,9.0,,,,,,,,,,11.0,2.0,,31.0,49.0
Education_Yandex,Яндекс Образование,36000,1748,2025-07-30,16:32:13,2025-07-30 16:32:13+00:00,2025-12-01 02:50:15.790817,False,False,False,Какие планы и идеи у тебя появились после участия в Студкемпе?,62,,0,False,[],6574,7,5,,,,,,,,,,,,,,,,,,,,,,,5.0
Education_Yandex,Яндекс Образование,36000,1747,2025-07-30,16:32:13,2025-07-30 16:32:13+00:00,2025-12-01 02:50:15.790817,False,False,True,,0,document,0,False,[],7386,7,60,,,,,,,,,,,,,,,,28.0,,,,6.0,,,37.0
Education_Yandex,Яндекс Образование,36000,1746,2025-07-30,16:32:13,2025-07-30 16:32:13+00:00,2025-12-01 02:50:15.790817,False,False,False,Какие новые знания или навыки ты приобрёл за время Студкемпа?,61,,0,False,[],7227,4,5,,,,,,,,,,,,,,,,,,,,,,,5.0
Education_Yandex,Яндекс Образование,36000,1741,2025-07-30,16:32:13,2025-07-30 16:32:13+00:00,2025-12-01 02:50:15.791821,False,False,True,"Кажется, за несколько дней мы прожили маленькое лето внутри большого. Со своими идеями, шутками, ночными обсуждениями и настоящим драйвом ⚡ Каждый день был особенным — и в этом главная магия Студкемпов. А что чувствовали сами участники? Храмов Альберт и Матевосян Артём делятся самыми яркими воспоминаниями ⬇️",309,photo,0,False,[],5600,11,29,,,,,,,4.0,,,,,,,,,1.0,3.0,,,,,,41.0
Education_Yandex,Яндекс Образование,36000,1726,2025-07-29,12:50:39,2025-07-29 12:50:39+00:00,2025-12-01 02:50:15.791821,False,False,True,"Ведьмаку заплатите чеканной монетой… и подключите ИИ. Мы представили, как искусственный интеллект, аналитика, кибербезопасность и другие IT‑направления могли бы вписаться во вселенную Ведьмака ⬆️ Получилось любопытно и очень даже удобно для Геральта ✨",251,photo,0,False,[],6387,28,80,,,,,,,,,,,,,,,,13.0,,,3.0,4.0,7.0,11.0,78.0
Education_Yandex,Яндекс Образование,36000,1725,2025-07-28,15:10:01,2025-07-28 15:10:01+00:00,2025-12-01 02:50:15.792824,False,False,True,"Можно ли создать костюм Железного человека в реальности? Спросили у эксперта по роботам Саши Петровского 🤖🦸‍♂️ **Какие технологии из костюма Железного человека уже существуют?** Часть технологий из этого легендарного костюма уже в разработке. Например, экзоскелет Lockheed Martin ONYX усиливает физические возможности, а ReWalk помогает людям с травмами позвоночника снова ходить. Аналоги J.A.R.V.I.S. — это голосовые помощники, такие как Алиса, а также нейросети для управления устройствами. Прототипы реактивных ранцев от Gravity Industries и JetPack Aviation тоже существуют. **Какие элементы костюма пока невозможны?** Миниатюрный термоядерный реактор — ведь управляемый ядерный синтез ещё не реализован в компактной и стабильной форме. Современные батареи не могут обеспечить необходимую мощность. Также реактивные двигатели пока не могут обеспечить длительный полёт, они слишком громоздки и потребляют много топлива. Автоматическая сборка костюма вокруг тела — ещё одна недостижимая сейчас технология. **Что могло бы стать основой экзоскелета в реальности?** Если инженеры решат строить такой костюм сегодня, они, вероятно, используют лёгкие и прочные материалы, такие как графен, углеволокно и кевлар. Для движения применялись бы искусственные мышцы: пневматические приводы или электроактивные полимеры, которые имитируют работу тканей. **Можно ли создать броню, которая защищает и не мешает движениям?** Да, это возможно. Например, с помощью 3D-печати металлом, которая позволяет точно подогнать элементы под конкретного человека. Также используются другие технологии, такие как формовка, фрезеровка и литьё под давлением. Однако такой костюм будет дорогим, тяжёлым и не таким прочным, как в фильмах Marvel. **Насколько ИИ приблизил нас к «умному» костюму?** ИИ уже помогает управлять роботизированными системами. Нейросети могут анализировать сигналы с датчиков и поддерживать движения. Однако интеллектуальные системы для управления экзоскелетами пока не разрабатываются, потому что не хватает ключевых компонентов, таких как компактная и мощная система энергопитания, управляемая тяга для полёта и интегрированный ИИ высокого уровня. **Когда такой костюм может появиться?** По прогнозам моего коллеги и нашего эксперта, не раньше, чем через 30 лет. Технологии развиваются, но предстоит пройти ещё долгий путь. 🤩 — если хотели бы примерить такой костюм ❤️‍🔥 — если приняли бы участие в его разработке",2410,document,0,False,[],6706,27,114,,7.0,,,,,,,,,2.0,,,,,,,,,2.0,34.0,,135.0
Education_Yandex,Яндекс Образование,36000,1724,2025-07-28,12:52:42,2025-07-28 12:52:42+00:00,2025-12-01 02:50:15.792824,False,True,True,"[ОПРОС] Угадайте, какую тематическую неделю мы приготовили?",59,other,0,False,[],5999,5,19,,3.0,,,,,,,,,,,,,,,,,,5.0,,,11.0
Education_Yandex,Яндекс Образование,36000,1719,2025-07-25,13:25:01,2025-07-25 13:25:01+00:00,2025-12-01 02:50:15.792824,False,False,True,"**Настоящие навыки приходят не с теорией, а на практике. И лучший вызов для айтишника — это хакатоны ****💫** Здесь всегда нестандартные задачи, которые требуют свежих идей. Побеждают те, кто сможет найти рабочий и оригинальный подход. Такой опыт помогает научиться держать себя в руках в сложных рабочих ситуациях и быстро принимать решения. Как устроены хакатоны, зачем они нужны и как к ним подготовиться — всё уже рассказали в карточках ⬆️",442,photo,0,False,[],7179,38,52,,2.0,,,,,,,,,1.0,9.0,,,,9.0,,,,,,,32.0
Education_Yandex,Яндекс Образование,36000,1709,2025-07-23,14:55:01,2025-07-23 14:55:01+00:00,2025-12-01 02:50:15.793855,False,False,True,"Можно сто раз нарисовать велосипед, но поедет он, только если собрать и протестировать 🚲 Так и в учёбе: навыки прокачиваются, когда работаете с реальными задачами. Об этом поговорили с Лёшей Хиценко, преподавателем Яндекс Лицея. Он рассказал, почему важно соблюдать баланс между теорией и практикой. Проверенные методы для тех, кто хочет учиться эффективно и не застревать на месте, — уже в карточках ⬆️ Ставим 🔥 Лёше за полезные рекомендации!",443,photo,0,False,[],6985,20,57,,,,,,,,2.0,,,7.0,,,,,37.0,4.0,,,,,,7.0
Education_Yandex,Яндекс Образование,36000,1708,2025-07-22,14:33:08,2025-07-22 14:33:08+00:00,2025-12-01 02:50:15.793855,False,False,True,"Вчера не зря говорили о том, как снять с себя нагрузку и передать рутину умным помощникам. Ведь каникулы в самом разгаре — и 22 июля отмечают «День летнего отдыха». Мы собрали чек‑лист активностей, в которых стоит успеть поучаствовать до сентября. Эта подборка идей отлично задаёт летний ритм ⬆️ ❤️ — если готовы сделать свои дни незабываемыми",343,photo,0,False,[],7118,19,54,,7.0,,,,,,,,,,3.0,,,,13.0,,,,,,,34.0
Education_Yandex,Яндекс Образование,36000,1707,2025-07-21,14:50:01,2025-07-21 14:50:01+00:00,2025-12-01 02:50:15.795063,False,False,True,"✳️ Июль в самом разгаре — и мы собрали для вас летний сетап умных помощников от Яндекса. Они сделают отдых, поездки и даже учёбу проще и приятнее. [Яндекс Учебник](https://t.me/yaparent) — для родителей и школьников это способ не выпадать из учебного ритма летом. Интерактивные задания, автопроверка и тренажёры помогут подтянуть предметы в лёгком формате. [Самостоятельные курсы от Яндекс Лицея](https://lyceum.yandex.ru/index?utm_source=tg&utm_medium=internal&utm_campaign=selfpaced2025&utm_content=24.05#selfpaced_courses) — для тех, кто хочет летом начать осваивать программирование или углубить свои знания — без преподавателей, дедлайнов и отборов. Онлайн‑программы по Python, Go и C++, которые можно изучать в комфортном темпе. [Яндекс Станция Стрит](https://t.me/alice_yndx) — та самая портативная колонка с Алисой, которую можно брать куда угодно. Она выдаст мощный звук, не испугается воды и пыли и легко подключится к любому устройству по Bluetooth. Уютные вечера с плейлистами или шумные тусовки с друзьями? Станция Стрит справится. [Яндекс Путешествия](https://t.me/yandex_travel) — потому что куда летом без поездок в новые места? Сервис подберёт билеты, отель или даже автобусный маршрут за пару кликов. Идеально, если вы решите спонтанно сорваться в новый город или устроить трип по России. [Нейроэксперт](https://t.me/yandex/3508) — если даже в каникулы вас засыпают файлами и ссылками, этот AI‑ассистент всё разберёт. Он быстро анализирует документы, таблицы, презентации и даёт сжатую выжимку. Полезно и для учебных задач, и для личного инфошума. 💎 Теперь вы вооружены до зубов для идеального лета. Музыка, поездки, учёба, файлы — всё под контролем. **А какой из этих помощников уже был в вашем арсенале?** 🔥 — уже опробовал Станцию Стрит ❤️ — спланировал поездку с Путешествиями 🤓 — разобрал конспекты с Нейроэкспертом ⚡️ — решил сложные задачи из Учебника 🦄 — а я вообще активный юзер ИИ",1908,photo,5,True,"['https://t.me/yandex_travel', 'https://t.me/yandex/3508', 'https://t.me/yaparent', 'https://t.me/alice_yndx', 'https://lyceum.yandex.ru/index?utm_source=tg&utm_medium=internal&utm_campaign=selfpaced2025&utm_content=24.05#selfpaced_courses']",8029,67,50,,7.0,,,,,,,,,,,,,,7.0,,,1.0,,,21.0,14.0
Education_Yandex,Яндекс Образование,36000,1706,2025-07-20,15:06:32,2025-07-20 15:06:32+00:00,2025-12-01 02:50:15.795063,False,False,True,"Режим «эксперт A/B тестирования» включён ⚡ 21 июля стартует неделя интенсивного освоения мира больших данных. Будем учиться проводить тесты, анализировать результаты и принимать эффективные решения на интенсиве A/B Week с экспертами ШАДа и Яндекса. Что вас ждёт? ✔️ Интенсивное освоение в бутстрап, линеаризацию, CUPED ✔️ Эксперименты через симуляци ✔️ Практические кейсы и готовые Jupyter Notebook скрипты __На интенсиве мы изучим передовые подходы к A/B‑тестированию, инструменты и методики тестирования и анализа результатов, которые вы сможете использовать в своих рабочих проектах__ **Диля Хакимова, ведущий аналитик‑разработчик в Яндекс Go** Полную программу интенсивна можно найти [в посте,](https://t.me/Education_Yandex/1613) а зарегистрироваться до 25 июля [на сайте.](https://shad.yandex.ru/abweek?utm_source=tg&utm_campaign=abweek25) 🔥 — я уже в режиме эксперта",873,document,2,True,"['https://t.me/Education_Yandex/1613', 'https://shad.yandex.ru/abweek?utm_source=tg&utm_campaign=abweek25']",7355,93,72,,,,,,,,,,,,4.0,,,,51.0,,,,,,,17.0
Education_Yandex,Яндекс Образование,36000,1705,2025-07-19,09:15:59,2025-07-19 09:15:59+00:00,2025-12-01 02:50:15.795063,False,False,True,"Решите задачу? 🐱 + 💻 + ⚔️ = CodeRun Boost Challenge Фреймворки рушатся. Коммиты исчезают. И только вы можете спасти мир от Великого стирания и найти злодея вместе с котом Кодеруном. [CodeRun Boost Challenge](https://coderun.yandex.ru/seasons/2025-summer) — тренажёр для прокачивания навыков, созданный разработчиками для разработчиков. Каждый день в 14:00 вас будет ждать новая задача. Решайте её быстрее остальных, чтобы заработать бонусные баллы и подняться в рейтинге. Соревноваться можно в общем зачёте или выбрать бой по конкретному языку программирования: Python, Java, C++, JavaScript и другие. Лидеры рейтинга получат сертификаты победителей, подарки и возможность пройти собеседование в Яндекс по упрощённой схеме. Присоединиться к CodeRun Boost Challenge и помочь виртуальному коту Кодеруну спасти цифровой мир можно по [ссылке](https://coderun.yandex.ru/seasons/2025-summer?utm_source=tg&utm_medium=internal&utm_campaign=coderun25&utm_content=19.07) до 25 июля. Готовы к бою? ⚡️ — вызов принят! 🤓 — разберёмся на ходу, пробую!",1037,document,2,True,"['https://coderun.yandex.ru/seasons/2025-summer', 'https://coderun.yandex.ru/seasons/2025-summer?utm_source=tg&utm_medium=internal&utm_campaign=coderun25&utm_content=19.07']",6858,68,58,,8.0,,,,,,,,,,,,,,2.0,,,31.0,,,3.0,17.0
Education_Yandex,Яндекс Образование,36000,1704,2025-07-18,16:00:29,2025-07-18 16:00:29+00:00,2025-12-01 02:50:15.795063,False,False,True,"Лето зовёт к новым открытиям, а Студкемп по безопасному генеративному ИИ — к новым знаниям. **До конца регистрации осталось 5 дней! ****👾** Вас ждут 2 недели интенсивных занятий: лекции, домашние задания и проектирование защищённого LLM‑приложения. А ещё встречи с практикующими разработчиками Яндекса и преподавателями ИРИТ-РТФ УрФУ. В первую неделю вы углубитесь в теорию и принципы информационной безопасности, а со второй приступите к разработке приложений с использованием ИИ‑агентов и смоделируете атаку на LLM‑модель в формате BlackBox Hackathon. Место сбора: Екатеринбург. Участие в кемпе бесплатное, а дорогу и проживание оплачивает Яндекс 🤩 Полную программу Студкемпа можно изучить [здесь](https://t.me/Education_Yandex/1649), а зарегистрироваться до 23 июля по [ссылке.](https://education.yandex.ru/studcamp-urfu2025?utm_source=tg&utm_medium=internal&utm_campaign=studcampurfu-2025&utm_content=18.07) ⚡️ — уже еду на кемп 🦄 — иду регистрироваться",957,photo,2,True,"['https://education.yandex.ru/studcamp-urfu2025?utm_source=tg&utm_medium=internal&utm_campaign=studcampurfu-2025&utm_content=18.07', 'https://t.me/Education_Yandex/1649']",5965,36,26,,6.0,,,,,,,,,,,,,,1.0,,,1.0,,,14.0,4.0
Education_Yandex,Яндекс Образование,36000,1698,2025-07-18,12:16:06,2025-07-18 12:16:06+00:00,2025-12-01 02:50:15.795063,False,False,True,"Учёба — это всегда непросто, но с новыми технологиями можно сделать процесс легче и эффективнее 🚀 С ИИ можно не только сэкономить время на подготовке, но и обсудить сложные темы, уточнить детали и развить креативное мышление. Собрали 5 инструментов, которые могут стать вашими учебными ассистентами ⬆️",301,photo,0,False,[],5812,134,39,,,,,,,,,2.0,,10.0,,,,,3.0,,,,1.0,,,29.0
Education_Yandex,Яндекс Образование,36000,1697,2025-07-17,11:35:23,2025-07-17 11:35:23+00:00,2025-12-01 02:50:15.796069,False,False,True,"**Как устроены современные исследования в IT? Разбираемся не в теории, а на практике ****👍**** ** Интенсив по воспроизведению современных научных результатов 2025 — это 11 дней командной работы в Университете «Сириус». Группы из 3-4 человек воспроизводят эксперименты из современных научных статей под руководством экспертов из Яндекса и ведущих вузов. Студенты обучают модели, пишут код и тестируют проекты в сервисе Yandex DataSphere — облачной платформе для машинного обучения и анализа данных. А в конце каждый участник получит сертификат Яндекса и удостоверение о повышении квалификации от университета. **Для кого этот интенсив?** ▫️ Студенты старших курсов бакалавриата и магистратуры, аспиранты в области IT ▫️ Студенты ШАД ▫️ Студенты IT-специалитета Университета «Сириус» __Важно: участники должны быть официальными студентами вузов в течение всего времени интенсива. Интенсив для ШАДовцев засчитывается как полусеместровый курс. __ **Важные даты ****⬇️** 16 июля – 16 августа — приём заявок и выполнение тестового задания на платформе Яндекс Контест. Для участия нужно заполнить анкету на сайте Университета «Сириус» и нашу форму 22–29 августа — онлайн-собеседования с 50 лучшими кандидатами, отобранными по результатам тестового задания. По итогом которого будет определено 25 человек для очной работы. 29 сентября – 10 октября — две недели очной работы над проектами 10 октября — защита проектов и выдача сертификатов Настало время выйти за рамки теории и погрузиться в реальные исследования! [Регистрация](https://education.yandex.ru/sirius/sota?utm_source=tg&utm_medium=internal&utm_campaign=sota2025&utm_content=17.07) на интенсив открыта до 16 августа. А для тех, кто хочет идти дальше и строить карьеру в финтехе, Университет «Сириус» предлагает магистерскую программу «Финансовая математика и финансовые технологии». После неё можно устроиться аналитиком и специалистом по обработке данных в инвестиционно-банковских, технологических компаниях или открыть собственные стартапы ⚡ ⚡️ — на удачу студентам",2021,photo,1,True,['https://education.yandex.ru/sirius/sota?utm_source=tg&utm_medium=internal&utm_campaign=sota2025&utm_content=17.07'],7269,121,53,,30.0,,,,,,,,,,7.0,,,,2.0,,,,,,,14.0
Education_Yandex,Яндекс Образование,36000,1696,2025-07-16,14:32:08,2025-07-16 14:32:08+00:00,2025-12-01 02:50:15.796069,False,False,True,"А вы знали, что каждый третий разработчик в Яндексе начинал со стажировки? 🥸 Это рабочий способ начать карьеру. А летом сделать первый шаг ещё проще: меньше дедлайнов и больше времени на спокойное прохождение тестовых и подготовку. Сейчас открыт набор на стажировки [Young&&Yandex.](https://t.me/Young_and_Yandex) Разработка, анализ данных, информационная безопасность, тестирование и менеджмент в IT — выбрать можно любое направление. ✔️ Стажировка оплачивается ✔️ Есть возможность совмещать с учёбой и другими делами ✔️ Больше половины стажёров получают оффер Со старта вас ждёт велком-пак, поддержка ментора, реальные задачи, нетворкинг и окружение топовых экспертов индустрии. А для ребят не из Москвы Яндекс оплатит проезд и проживание в Айтиобщаге. Подать заявку можно на [сайте](https://yandex.ru/yaintern/internship?utm_source=telegram&utm_medium=internal&utm_campaign=yaintern25&utm_content=yy&utm_term=yaintern25_leto) — и уже к осени у вас будет шанс начать работать над проектами с миллионами пользователей 🌞 🔥 — если уже были на стажировках Y&&Y ⚡️ — если решились подать заявку сейчас ❤️ — если начали готовиться к стажировкам",1140,photo,2,True,"['https://t.me/Young_and_Yandex', 'https://yandex.ru/yaintern/internship?utm_source=telegram&utm_medium=internal&utm_campaign=yaintern25&utm_content=yy&utm_term=yaintern25_leto']",6474,71,78,,11.0,,,,,,,,,,,3.0,,,16.0,,,,,,,48.0
Education_Yandex,Яндекс Образование,36000,1688,2025-07-16,11:35:46,2025-07-16 11:35:46+00:00,2025-12-01 02:50:15.796069,False,False,True,"Программирование — не просто язык машин, а ключ к адаптации в новом мире технологий. Даже если вы не планируете становиться разработчиком, базовые знания в области могут стать суперсилой 👋 Дольган Горяев преподаёт Python в Яндекс Лицее — и рассказал нам, почему именно сейчас самое время учиться писать код.",307,photo,0,False,[],5346,14,29,,12.0,,6.0,,,,,,,1.0,,,,,1.0,,,,,,,15.0
Education_Yandex,Яндекс Образование,36000,1683,2025-07-16,07:30:01,2025-07-16 07:30:01+00:00,2025-12-01 02:50:15.797087,False,False,True,"Страшно начинать что-то новое? Это знак, что перемены близко 👌 Каждый, кто задумывался о переменах, сталкивался со страхом: __«Я не справлюсь», «Мне слишком поздно», «Учиться — это сложно», «Это не для меня»__. Эти мысли задерживают в зоне комфорта. **Что и как?** Яндекс Практикум и сервис онлайн-психотерапии «Ясно» создали уникальную интерактивную игру 🙏 Это безопасное пространство, где страхи превращаются в двери. Открываете одну — и получаете помощь, которая поможет двигаться вперёд. Психологи «Ясно» научат справляться с сомнением и тревогой. А специалисты Практикума покажут, как сделать первый шаг в новой профессии. **Когда и где?** Проект проходит с 8 по 29 июля в онлайн-формате — присоединиться можно из любого города и в удобное время. Каждый участник игры получает специальные скидки, которые делают старт перемен легче и доступнее: ✔️ –15% на три консультации в сервисе психологической поддержки «Ясно» ✔️ –8% на обучение в Яндекс Практикуме [Откройте](http://practicum.yasno.live/?utm_source=brand_project&utm_medium=media&utm_campaign=practicum-internaledu) первую дверь — и вместе начнём путь к переменам!",1126,photo,1,True,['http://practicum.yasno.live/?utm_source=brand_project&utm_medium=media&utm_campaign=practicum-internaledu'],5307,28,33,,,,,,,,,,,,,,,,2.0,,,,,6.0,7.0,19.0
Education_Yandex,Яндекс Образование,36000,1682,2025-07-15,11:33:08,2025-07-15 11:33:08+00:00,2025-12-01 02:50:15.797087,False,True,True,[ОПРОС] Реабилитолог для выгоревших нейросетей организует отпуска в JSON-формате и спа-процедуры на сервере. Какой навык поможет?,129,other,0,False,[],5350,10,31,,,,,,,,3.0,1.0,,,,,,,,4.0,,3.0,18.0,,1.0,1.0
Education_Yandex,Яндекс Образование,36000,1681,2025-07-15,11:33:08,2025-07-15 11:33:08+00:00,2025-12-01 02:50:15.797087,False,True,True,[ОПРОС] Куратор цифровых фобий помогает нейросетям справиться с паникой перед обновлением прошивки. Что важно для такой работы?,127,other,0,False,[],5078,4,30,,,,,,,,5.0,4.0,,,,,,,,,,4.0,16.0,,,2.0
Education_Yandex,Яндекс Образование,36000,1680,2025-07-15,11:33:08,2025-07-15 11:33:08+00:00,2025-12-01 02:50:15.797087,False,True,True,"[ОПРОС] AI-комик учит нейросети шутить так, чтобы не обижать людей. Что для этого нужно?",88,other,0,False,[],4798,4,32,,4.0,,,,,,,,,,,,,,,,,6.0,22.0,,,0.0
Education_Yandex,Яндекс Образование,36000,1679,2025-07-15,11:33:08,2025-07-15 11:33:08+00:00,2025-12-01 02:50:15.797087,False,True,True,"[ОПРОС] Инструктор по этикету для чат-ботов учит нейросети говорить «здравствуйте» перед тем, как продать услугу. Какой навык ему пригодится?",141,other,0,False,[],4906,3,14,,,,,,,,,,,,,,,,,,,8.0,,,3.0,3.0
Education_Yandex,Яндекс Образование,36000,1678,2025-07-15,11:33:08,2025-07-15 11:33:08+00:00,2025-12-01 02:50:15.797087,False,False,True,"Дрессировщик голосовых помощников, дизайнер виртуальных офисов, модератор мемов для ИИ, навигатор цифрового хаоса 💎 Звучит как шутка? А что, если все эти профессии действительно появятся в ближайшем будущем? Специально для этого мы подготовили небольшую викторину. Фантазируйте и узнавайте, готовы ли вы к работе будущего ⬇️",324,photo,0,False,[],4990,9,25,,4.0,,,,,,,,,,,,,,9.0,,,,,,11.0,1.0
Education_Yandex,Яндекс Образование,36000,1671,2025-07-14,16:41:01,2025-07-14 16:41:01+00:00,2025-12-01 02:50:15.797087,False,False,True,"Пока одни боятся ИИ, другие уже работают с ним ✔️ Поговорили со студентами, которые выбрали будущее в ИИ, аналитике данных и машинном обучении. Зачем они пришли в эту сферу? Что оказалось самым сложным и вдохновляющим? Что они посоветуют новичкам? ⬆️ В карточках честные ответы тех, кто сегодня учится строить завтрашний день. ❤️ — если хотите, чтобы мы рассказали о тех, кто работает с ИИ в Яндекс Образовании.",411,photo,0,False,[],6013,29,64,,,,,,,,,,,,,,,,7.0,,,,,,1.0,71.0
Education_Yandex,Яндекс Образование,36000,1670,2025-07-11,12:55:01,2025-07-11 12:55:01+00:00,2025-12-01 02:50:15.797087,False,False,True,"**Часы до старта ITMO Family Day тают быстрее мороженого **🔄 Летний open-air от [ИТМО](https://t.me/itmoru) пройдёт 12 июля и объединит в себе всё, что мы любим: интерактивные площадки, крутых партнёров, выступления спикеров. Мы не могли к этому не присоединиться! На локации Яндекс Образования будет работать уникальный квест, в котором вы сможете проявить смекалку, пройти захватывающие задания и выиграть призы👾 Приходите знакомиться с передовыми технологиями и инновациями, которые могут изменить будущее. И не забывайте пробовать свои силы в реальных задачах и получать подарки! Участие в событии бесплатное, но необходимо зарегистрироваться ➡️ Все [подробности здесь.](https://itmo.events/events/110349) 🔥 — чтобы выходные были солнечными",744,photo,2,True,"['https://itmo.events/events/110349', 'https://t.me/itmoru']",7325,22,46,,,,,,,,,,,4.0,,,,,13.0,,,,,,,29.0
Education_Yandex,Яндекс Образование,36000,1660,2025-07-11,06:46:11,2025-07-11 06:46:11+00:00,2025-12-01 02:50:15.797087,False,False,True,"Что общего у художника, учёного и программиста? ❓ Все они знают: креативность — это не про вдохновение, а про постоянную работу с опытом, ошибками и командой! В карточках Иван Бибилов, руководитель междисциплинарного направления в Яндекс Образовании, делится своими мыслями: как развивать креативность, использовать ошибки как точки роста и работать с технологиями так, чтобы они помогали, а не заменяли мозг 👌 А что для вас главный источник креативности? ❤️ — люди 🤓 — технологии ⚡️ — опыт и попытки",500,photo,0,False,[],5971,40,96,,42.0,,,,,,,6.0,,,,,,,2.0,,,14.0,1.0,,2.0,29.0
Education_Yandex,Яндекс Образование,36000,1654,2025-07-10,14:10:01,2025-07-10 14:10:01+00:00,2025-12-01 02:50:15.797087,False,True,True,"[ОПРОС] Какое минимальное количество бит нужно, чтобы закодировать 100 уникальных состояний системы?",100,other,0,False,[],6395,17,38,,,,,,,,,,,4.0,,6.0,,,2.0,,,2.0,19.0,,,9.0
Education_Yandex,Яндекс Образование,36000,1653,2025-07-10,14:10:01,2025-07-10 14:10:01+00:00,2025-12-01 02:50:15.797087,False,True,True,"[ОПРОС] У вас есть камера, которая делает 60 кадров в секунду. Какое минимальное количество кадров нужно, чтобы гарантированно отследить объект, движущийся со скоростью 10 м/c на экране длиной 2 м?",197,other,0,False,[],6046,20,49,,,,5.0,,,,,4.0,,,,,,,,,,13.0,25.0,,2.0,0.0
Education_Yandex,Яндекс Образование,36000,1652,2025-07-10,14:10:01,2025-07-10 14:10:01+00:00,2025-12-01 02:50:15.798351,False,True,True,[ОПРОС] В вашем проекте — 8 серверов. Один из них отвечает на запросы в два раза медленнее. Как найти его за минимальное количество проверок?,141,other,0,False,[],5668,19,27,,2.0,,,,,,,8.0,,,,,,,1.0,,,13.0,1.0,,1.0,1.0
Education_Yandex,Яндекс Образование,36000,1651,2025-07-10,14:10:01,2025-07-10 14:10:01+00:00,2025-12-01 02:50:15.798351,False,False,True,"**Прокачиваем IT-логику ⚙️** В мире разработки важно не только знать код, но и уметь быстро принимать нестандартные решения. Ниже — 3 задачи, которые помогут потренировать логику, внимательность и умение ориентироваться в технических ситуациях 👇",245,document,0,False,[],5568,11,30,,,,,,,,,,,,,,,,9.0,6.0,,,,13.0,,2.0
Education_Yandex,Яндекс Образование,36000,1650,2025-07-09,16:36:06,2025-07-09 16:36:06+00:00,2025-12-01 02:50:15.798351,False,False,True,"Дарья Золотухина и Никита Толстой cтали соведущими нового подкаста «Это моя работа», где говорят с лидерами Яндекса о лидерстве как о ежедневной работе со смыслами, сложными решениями, мотивацией и верой. Первый гость — Валерий Стромов, главный по Алисе и Умным устройствам. ✔️ Как стажировка стала отправной точкой для карьерного роста? ✔️ Почему решил перейти от роли CTO к позиции CEO и что это дало? ✔️ Какие главные технические вызовы, стоящие перед командой Алисы? ✔️ Как определить талантливого человека на собеседовании и что важно для того, чтобы попасть в команду Яндекса? Если интересно узнать ответы на эти вопросы и узнать многое другое о внутренней кухне Яндекса, включайте первый выпуск подкаста на стримингах 👇 [YouTube](https://youtu.be/nysz9lGEeBo) [Яндекс Музыка](https://music.yandex.ru/album/37306123) [Apple Podcasts](https://podcasts.apple.com/us/podcast/%D1%8D%D1%82%D0%BE-%D0%BC%D0%BE%D1%8F-%D1%80%D0%B0%D0%B1%D0%BE%D1%82%D0%B0/id1824648424)",966,photo,3,True,"['https://youtu.be/nysz9lGEeBo', 'https://podcasts.apple.com/us/podcast/%D1%8D%D1%82%D0%BE-%D0%BC%D0%BE%D1%8F-%D1%80%D0%B0%D0%B1%D0%BE%D1%82%D0%B0/id1824648424', 'https://music.yandex.ru/album/37306123']",6641,35,47,,10.0,,,,,,,,,,,,,,7.0,,,,5.0,,,29.0
Education_Yandex,Яндекс Образование,36000,1649,2025-07-08,14:46:27,2025-07-08 14:46:27+00:00,2025-12-01 02:50:15.799355,False,False,True,"Студкемп Яндекс Образования по безопасному генеративному ИИ 🙏 Готовы прокачать навыки в самом быстрорастущем направлении? В этот раз мы собираемся в Екатеринбурге — на базе ИРИТ-РТФ УрФУ — чтобы углубиться в информационную безопасность LLM-моделей: от prompt-injection до защиты данных. Вас ждёт совместная разработка защитных решений с ИИ-агентами и финальный Black Box Hackathon, где всё решит ваша стратегия атаки и защиты. Какие навыки вы освоите на кемпе? 🔵 Понимание уязвимостей базовых программных библиотек 🔵 Анализ рисков межагентного взаимодействия (MCP/A2A) 🔵 Управление рисками этических атак на LLM 🔵 Принципы безопасной архитектуры LLM: изоляция моделей, шифрование данных 🔵 Теория атак на LLM: моделирование, классификация и основные принципы 🔵 Основы защищённого дизайна LLM 🔵 Принципы безопасности ML-пайплайнов и конфигурации облачных платформ 🔵 Теория prompt-инжиниринга 🔵 Регулятивные требования и этические рамки работы с LLM в России Для участия в студкемпе необходимы знания Python, базовые навыки в NLP, понимание облачных платформ и контейнеризации, а также основы работы с HTTP/HTTPS и Websockets. Классный бонус: дорогу и проживание оплатит Яндекс Образование. Готовы зарядиться знаниями и защитить ИИ от угроз? Осталось только заполнить заявку на участие по [ссылке](https://education.yandex.ru/studcamp-urfu2025?utm_source=tg&utm_medium=internal&utm_campaign=studcampurfu-2025&utm_content=08.07) 👍",1426,photo,1,True,['https://education.yandex.ru/studcamp-urfu2025?utm_source=tg&utm_medium=internal&utm_campaign=studcampurfu-2025&utm_content=08.07'],7225,89,27,,,,,,,,3.0,,,,,,,,13.0,,,,,,,14.0
Education_Yandex,Яндекс Образование,36000,1648,2025-07-07,16:33:01,2025-07-07 16:33:01+00:00,2025-12-01 02:50:15.799355,False,True,True,[ОПРОС] Что вы сделаете?,24,other,0,False,[],6436,8,23,,,,,,,,,,,2.0,,,,,2.0,,,4.0,,,,26.0
Education_Yandex,Яндекс Образование,36000,1647,2025-07-07,16:33:01,2025-07-07 16:33:01+00:00,2025-12-01 02:50:15.799355,False,False,False,"А пока давайте проверим вашу способность выходить за рамки и находить свежие идеи в IT 🚀 **Как бы вы решили эту задачу?** У вас есть нейросеть, которая отлично обучается, но сильно замедляется из-за объёма данных и ограничений по памяти. Архитектуру модели поменять нельзя.",273,,0,False,[],6058,9,18,,,,,,,,,,,1.0,,,,,3.0,,,,,,,24.0
Education_Yandex,Яндекс Образование,36000,1646,2025-07-07,16:33:01,2025-07-07 16:33:01+00:00,2025-12-01 02:50:15.799355,False,False,True,"Напоминание дня: когда учеба превращается в набор готовых формул, легко потерять гибкость мышления ⚡ Когда вы учитесь, задачи часто имеют чёткий план: теория, алгоритм, готовое решение. Но что делать, если в реальных задачах привычные методы перестают работать? Именно креатив помогает выйти за рамки стандартных решений. Как его развивать? Например, вдохновляться реальными историями. Такими как раз делимся ⬇️ 👀 [Использование LEGO Serious Play для обучения алгоритмам](https://www.researchgate.net/publication/328986129_LEGO_Serious_Play_in_Computer_Science_Education) В Университете Техаса преподаватели внедрили метод LEGO Serious Play, где студенты визуально строили алгоритмы из кубиков конструктора. Это помогло улучшить понимание алгоритмов сортировки. Результаты: средний балл по курсу вырос на 15%. 👀 [HoloLens для изучения анатомии](https://translated.turbopages.org/proxy_u/en-ru.ru.e2bb789c-68663e61-83395bf5-74722d776562/https/bmcmededuc.biomedcentral.com/articles/10.1186/s12909-024-05403-4) В Case Western Reserve University студенты медицины используют Microsoft HoloLens — устройство дополненной реальности. Они могут рассматривать мышцы, кости и органы в объёме, вращать их, увеличивать, а также видеть, как разные системы взаимодействуют между собой. 👀[ Метод «Песочницы» для экспериментов в программировании](https://learn.microsoft.com/ru-ru/windows/security/application-security/application-isolation/windows-sandbox/) Платформы типа repl.it или Jupyter Notebooks позволяют студентам экспериментировать с кодом в интерактивной среде, мгновенно видеть результаты и придумывать свои решения. При этом все действия происходят в безопасном окружении, как в детской песочнице. А что, если учеба — это не путь по чужим следам, а территория для собственных открытий? На этой неделе мы разложим по полочкам, как креатив меняет обучение. Будет интересно 💡",1870,photo,3,True,"['https://www.researchgate.net/publication/328986129_LEGO_Serious_Play_in_Computer_Science_Education', 'https://learn.microsoft.com/ru-ru/windows/security/application-security/application-isolation/windows-sandbox/', 'https://translated.turbopages.org/proxy_u/en-ru.ru.e2bb789c-68663e61-83395bf5-74722d776562/https/bmcmededuc.biomedcentral.com/articles/10.1186/s12909-024-05403-4']",6589,32,31,,,,,,,,1.0,,,2.0,,,,,2.0,4.0,,,,,,29.0
Education_Yandex,Яндекс Образование,36000,1638,2025-07-04,15:20:01,2025-07-04 15:20:01+00:00,2025-12-01 02:50:16.802445,False,False,True,"Учёба в ШАДе — это как влиться в команду супергероев, где каждый день вы растёте и решаете задачи, которые раньше казались невозможными. Недавно прошел выпускной ШАДа — и мы поговорили с выпускником Цыбиковым Цырен-Доржем. В карточках он рассказывает, как проходит учеба в ШАД и как обучение изменило его подход к учёбе, работе и жизни ⬆️",338,photo,0,False,[],8640,70,93,,13.0,,,,,,,,,,,,,,57.0,,,,,,,43.0
Education_Yandex,Яндекс Образование,36000,1628,2025-07-03,15:35:01,2025-07-03 15:35:01+00:00,2025-12-01 02:50:16.802445,False,False,True,"**Ждать 11 класс, чтобы поступить в вуз? 🙅‍♂️ Начать путь в IT сразу после 9-го? ✅** Университет «Сириус» продолжает набор на ИТ-специалитет для выпускников 9-х классов. За 5 лет обучения студенты получают одновременно среднее общее и высшее образование, а их наставниками становятся топовые профессора и специалисты из ведущих IT-компаний, в том числе Яндекса. О программе рассказывали [тут.](https://t.me/Education_Yandex/1560) Пока вы изучали программу, мы пообщались с Егором Петряевым и Глебом Синявским. Ребята не только победители олимпиад и хакатонов, выпускники Яндекс Лицея, но и студенты «Сириуса». Собрали их впечатления в карточках 👆",646,photo,1,True,['https://t.me/Education_Yandex/1560'],7405,82,49,,,,,,,,,,,,,,,,28.0,,,,3.0,,,25.0
Education_Yandex,Яндекс Образование,36000,1617,2025-07-02,16:55:01,2025-07-02 16:55:01+00:00,2025-12-01 02:50:16.803448,False,False,True,"**Вчера разбирались, в какое направление двигаться. Сегодня поговорим о том, что поможет на карьерном пути ****⬇️**** ** Есть навыки, о которых редко говорят. Но именно они часто решают, пройдёте ли вы собеседование, поймут ли вашу идею, заметят ли ваше резюме. Собрали 5 бесплатных курсов [Яндекс Практикума,](https://t.me/yndx_practicum) которые помогут прокачать важные, но неочевидные умения. ⚡[ Эффектные презентации](https://practicum.yandex.com/design-presentation/?from=catalog) Научитесь делать презентации, которые хочется разглядывать, освоите фишки Google Slides и разберётесь, как создавать красивый и понятный визуал. Внутри курса — шаблоны, чек-листы, книги, стикерпак и другие подарки. ⚡[ ](https://practicum.yandex.com/design-presentation/?from=catalog)[Подготовка к алгоритмическому собеседованию](https://practicum.yandex.com/algorithms-interview/?from=catalog) Курс поможет понять структуру алгоритмических собеседований, требования и типовые задачи. Вы проверите свои знания, попрактикуетесь на реальных примерах и получите советы от авторов с опытом интервью в Big Tech. ⚡[ ](https://practicum.yandex.com/design-presentation/?from=catalog)[Составление сильного резюме](https://start.practicum.yandex/resume/?from=catalog) Разберётесь, как работает рынок найма, узнаете, что важно рекрутерам, и поймёте, как продвигать своё резюме. Получите шаблоны, шпаргалки и разберёте частые ошибки. Научитесь выделять сильные стороны и составите качественное резюме. ⚡[ ](https://practicum.yandex.com/design-presentation/?from=catalog)[Применение Yandex GPT в разных сферах](https://practicum.yandex.com/yandexgpt-beginner/?from=catalog) Курс от специалистов Яндекса поможет разобраться в YandexGPT и YandexART, научиться применять нейросети в рабочих задачах, создавать текст и визуал, учитывать ограничения моделей. В конце — сертификат, который можно добавить в резюме. ⚡[ ](https://practicum.yandex.com/design-presentation/?from=catalog)[Основы математики для цифровых профессий ](https://practicum.yandex.com/math-foundations/?from=catalog) Курс поможет подтянуть математику для новой профессии: более 1600 задач с автопроверкой, удобный формат и доступ ко всем темам сразу. Вы научитесь быстро считать, работать с логикой и абстракциями, которые нужны аналитикам и разработчикам. ❤️ — класс, проведу вечер с пользой!",2331,document,6,True,"['https://practicum.yandex.com/design-presentation/?from=catalog', 'https://practicum.yandex.com/algorithms-interview/?from=catalog', 'https://start.practicum.yandex/resume/?from=catalog', 'https://practicum.yandex.com/yandexgpt-beginner/?from=catalog', 'https://practicum.yandex.com/math-foundations/?from=catalog', 'https://t.me/yndx_practicum']",7624,246,61,,,,,,,,,,,2.0,,,,,7.0,,,,,,,81.0
Education_Yandex,Яндекс Образование,36000,1616,2025-07-01,15:45:01,2025-07-01 15:45:01+00:00,2025-12-01 02:50:16.804457,False,False,True,"**Пора построить маршрут в будущее! Включаем карьерный компас **👨‍💻 Хотите понять, где вам будет комфортно и интересно работать? Тогда ловите бесплатные тесты от [Яндекс Практикума.](https://t.me/yndx_practicum) Они подскажут, в какую сторону идти: код, данные, управление или дизайн. 1️⃣[ Какую профессию выбрать в программировании?](https://practicum.yandex.com/start-in-programming/?from=catalog) Определитесь, кем стать: разработчиком или тестировщиком. А ещё увидите, как устроен рынок труда в разработке и с какими задачами и проектами регулярно сталкиваются программисты. 2️⃣[ Какую профессию выбрать в анализе данных?](https://practicum.yandex.com/start-in-data/?from=catalog) Сможете выбрать направление: инженер данных, специалист по Data Science, системный, продуктовый или бизнес-аналитик. Увидите, чем они занимаются, к чему вам готовиться и на какую зарплату рассчитывать. 3️⃣[ Какую профессию выбрать в менеджменте?](https://practicum.yandex.com/start-in-management/?from=catalog) Узнаете, чем занимаются проджект- и продакт-менеджеры, в чём их сходства и различия, поймёте ключевые задачи каждой профессии. И даже разберётесь, в чём разница между проектом и продуктом. 4️⃣[ Какую профессию выбрать в дизайне?](https://start.practicum.yandex/start-in-design/?from=catalog) Познакомитесь с тем, какие направления сейчас востребованы и сколько времени нужно на их освоение. Опытные дизайнеры поделятся знаниями о типичных задачах, рынке труда и перспективах. А студенты расскажут свои истории успеха. Уже определились с направлением? На какой вы стороне? ❤️ — программирование 🤓 — анализ данных 🦄 — менеджмент ⚡️ — дизайн",1634,photo,5,True,"['https://practicum.yandex.com/start-in-data/?from=catalog', 'https://practicum.yandex.com/start-in-programming/?from=catalog', 'https://start.practicum.yandex/start-in-design/?from=catalog', 'https://practicum.yandex.com/start-in-management/?from=catalog', 'https://t.me/yndx_practicum']",7409,114,99,,7.0,,,,,,,,,,,,,,3.0,,,23.0,,,17.0,51.0
Education_Yandex,Яндекс Образование,36000,1615,2025-07-01,13:49:08,2025-07-01 13:49:08+00:00,2025-12-01 02:50:16.804457,False,False,True,"Стартует бесплатный курс по искусственному интеллекту для школьников и студентов СПО ⚡️ Рассказываем об онлайн-курсе «Основы искусственного интеллекта». Его разработали эксперты Яндекса в рамках проекта «Код будущего. Искусственный интеллект». Здесь школьники 8–11 классов и студенты СПО могут с нуля обучиться навыкам в области искусственного интеллекта. 👀 Что ждёт участников? На курсе вы: - овладеете основами Python и фундаментальными математическими знаниями, - научитесь создавать простые модели машинного обучения, - разберётесь в трендах развития ИИ, - прокачаете софт-скилы: от аналитического мышления до командной работы. 👀 Как учиться? Обучение проходит самостоятельно на цифровой образовательной платформе — всего 54 академических часа в течение четырёх месяцев. Учиться можно в комфортном темпе, уделяя занятиям свободное время из любой точки мира. 👀 Что потом? После успешного прохождения каждый участник получит сертификат. Подать заявку можно [тут.](https://ai-for-teens.yandex.ru/promo?utm_source=tg&utm_medium=internal&utm_campaign=education&utm_content=01.07) ❤️, если хотите стать профи в технологиях будущего!",1130,photo,1,True,['https://ai-for-teens.yandex.ru/promo?utm_source=tg&utm_medium=internal&utm_campaign=education&utm_content=01.07'],9530,310,50,,,,,,,,,,,,6.0,,,,11.0,,,,1.0,,,34.0
Education_Yandex,Яндекс Образование,36000,1613,2025-06-30,16:48:01,2025-06-30 16:48:01+00:00,2025-12-01 02:50:16.804457,False,False,True,"**Можно ли за неделю научиться правильно проводить А/В‑тесты, точно анализировать результаты и объективно формулировать бизнес‑решения?** Смело говорим: «Да» 🙂‍↕️ Потому что стартует A/B Week — интенсив от ШАДа и Яндекса! Это неделя мощного погружения в практику A/B тестирования, где вы изучите бутстрап, линеаризацию, дельта-метод, стратификацию и CUPED. Разберёте, как работают эксперименты через симуляции и практические кейсы. И всё это с готовыми скриптами для Jupyter Notebook, которые можно сразу применять в работе. __Для практических заданий пригодятся знания математической статистики и теории вероятностей, а также Python и Jupyter Notebook.__ __ __ **В каком формате проходит интенсив?** ▫️ 5 лекций по 1–2 часа в записи, доступны только после регистрации ▫️ Чат и поддержка в процессе обучения ▫️ Итоговое задание с проверкой ▫️ Вручение сертификата успешным участникам **Развернуть программу ⤵️** 21.07 — Основы A/B тестирования и проверка гипотез 22.07 — Сравнение статистических критериев 23.07 — Метрики отношения: бутстрап, линеаризация, дельта-метод 24.07 — Доверительные интервалы и перцентили 25.07 — Методы повышения чувствительности тестов: стратификация, CUPED **Как участвовать?** 1️⃣ Зарегистрироваться [на ](https://shad.yandex.ru/abweek)[сайте](https://shad.yandex.ru/abweek?utm_source=tg&utm_medium=internal&utm_campaign=abweek2025&utm_content=30.06) до 25 июля 2️⃣ Пройти отборочные задания 3️⃣ Сдать итоговое задание 4️⃣ Получить заветный сертификат Ну что, запускаем первое A/B-тестирование? 👇 ❤️ — пойду на интенсив 🥸 — ещё думаю, но кажется, уже знаю ответ",1591,photo,2,True,"['https://shad.yandex.ru/abweek', 'https://shad.yandex.ru/abweek?utm_source=tg&utm_medium=internal&utm_campaign=abweek2025&utm_content=30.06']",13682,425,151,,,,,,,1.0,,,,1.0,,,,,29.0,,,25.0,3.0,,,92.0
Education_Yandex,Яндекс Образование,36000,1612,2025-06-27,15:05:01,2025-06-27 15:05:01+00:00,2025-12-01 02:50:16.805464,False,False,True,"**На страже будущего технологий 🛡 ** Спасать мир можно не только в киберпространстве, но и в лабораториях и учебных аудиториях. Магистратуры с сервисами Яндекса — это классная возможность погрузиться в передовые проекты вместе с практикующими разработчиками! **1️⃣**** Аппаратная разработка умных устройств в НИУ ВШЭ и МФТИ** Учёба построена на пересечении программной инженерии, машинного обучения и hardware-разработки. Чему вы научитесь? ▫️ Проектировать аналоговые и цифровые схемы ▫️ Работать с радиочастотными системами и конструированием узлов На программе студенты участвуют в проектах команды Умных устройств Яндекса, де решают актуальные задачи и получают опыт командной разработки и осваиваивают реальные процессы создания продуктов: от первых чертежей до запуска в массовое производство. Подать заявку на поступление в МФТИ можно [тут](https://mipt.ru/education/basic-departments/tsentr-praktik-i-stazhirovok-fpmi/master/apparatnaya-razrabotka-umnykh-ustroystv), а в НИУ ВШЭ — [тут.](https://www.hse.ru/ma/mcs/specializations2) **2️⃣**** AI Robotics в Сколтехе** Здесь вы изучите стек технологий ML Gen2 и ML Gen3 научитесь применять методы и алгоритмы ML и ИИ в робототехнике. Как проходит обучение? ▫️ Студенты решают реальные задачи по мобильной и промышленной робототехнике, проходят стажировки и пишут дипломы на основе проектов Яндекса. ▫️ Работают с тем же оборудованием и ПО, что и инженеры, улучшая алгоритмы для беспилотников и создавая модули для умных фабрик. Приём заявок в магистратуру[ уже открыт](https://msc.skoltech.ru/ai_robotics_ru). ❤️ — если захотелось подать заявку!",1601,photo,3,True,"['https://mipt.ru/education/basic-departments/tsentr-praktik-i-stazhirovok-fpmi/master/apparatnaya-razrabotka-umnykh-ustroystv', 'https://www.hse.ru/ma/mcs/specializations2', 'https://msc.skoltech.ru/ai_robotics_ru']",7807,23,41,,,,,,,,,,,,,,,,2.0,,,,5.0,,6.0,28.0
Education_Yandex,Яндекс Образование,36000,1611,2025-06-26,15:56:01,2025-06-26 15:56:01+00:00,2025-12-01 02:50:16.805464,False,True,True,"[ОПРОС] Как думаете, сколько медалей у российских участников олимпиады за всё время?",84,other,0,False,[],7009,1,43,,,,,,,9.0,,,,,,,,,27.0,5.0,,,,,,2.0
Education_Yandex,Яндекс Образование,36000,1610,2025-06-26,15:56:01,2025-06-26 15:56:01+00:00,2025-12-01 02:50:16.805970,False,False,True,"В мире, где киберспорт уже догоняет по популярности хоккей и лёгкую атлетику, программирование тоже стало ареной для настоящих сражений. Здесь важно разбираться в структурах данных и алгоритмах и уметь быстро решать задачи. Путь непростой, но очень захватывающий: от школьных этапов, где соревнуются сотни тысяч ребят, до международных олимпиад, где страну представляет четвёрка лучших. Спортпрограммирование учит стратегическому мышлению и упорству. Вот что говорят ребята, которые в прошлом году привезли из Александрии сразу четыре золота 🏅 **Гимран Абдуллин, 11-й класс, Казанский лицей-интернат №2** Главное, что дают олимпиады, — умение думать. Это уникальный навык: умение сконцентрировано думать, дисциплинировать себя. Он пригодится в любой профессии. **Пётр Лосев, 11-й класс, Московская школа № 57** Олимпиады хорошо качают навыки программирования. Хотя бы потому, что учат писать код быстро. Нужно постоянно и активно думать, автоматизма в этом мало. А после код нужно отлаживать. Всё как в рабочих задачах! **Андрей Станкевич, тренер** Сейчас любой может попробовать себя на онлайн-платформах или на школьном этапе всероссийской олимпиады. Если начинает получаться, по развитию можно дать такой совет: найти кружок в своём городе или онлайн, например кружок Яндекса, и учиться там. После начального уровня можно уже пробовать попасть в летние школы или смены в Сириусе.",1382,photo,0,False,[],7002,15,18,,,,,,,,,,,,2.0,,,,9.0,,,,,,,10.0
Education_Yandex,Яндекс Образование,36000,1609,2025-06-25,11:46:26,2025-06-25 11:46:26+00:00,2025-12-01 02:50:16.805970,False,False,True,"От рабочих митапов — к командным сражениям. Истории яндексоидов о том, как игры превращаются в совместное хобби ✌️ Что крутого в киберспорте Яндекса? Я вырос в окружении спортсменов и всегда любил соревнования, но с обычным спортом не сложилось. Тогда я перенаправил страсть к соперничеству в компьютерные игры. Здесь нужно регулярно тренироваться, развивать скорость реакции и стратегическое мышление. А ещё призы мотивируют выкладываться на полную и становиться лучше. __🚕 Артём Ашрафулин, капитан команды Yandex Team в дисциплине «Лига легенд»__ Как команды Яндекса собираются на турниры? Я организую внутренние отборочные, прописываю регламент под каждую дисциплину: от формата матчей до правил техники в «Танках». Кто-то подаёт заявку командой, кто-то — один. Выкладываем файл для поиска тиммейтов. У нас есть ребята, которые так увидели анкеты друг друга, объединились и вот уже второй год вместе выступают в Лиге Чемпионов Бизнеса. __❤️ Ян Косинский, организатор киберспортивных турниров__ Во что чаще играете с коллегами? С частью коллег я играю в «Майнкрафт», с другими — в «Доту». Для меня «Дота» — как медитация: хотя это и нервная игра, в ней я расслабляюсь и общаюсь с игроками. Также я развиваю сервер Яндекса в «Майнкрафте». В новогодние праздники начала строить там офис «Красная роза»: взяла наши карты, сделала схему в Фигме и перенесла её в игру. Вместе со мной тогда играл мой руководитель — он строил своё и иногда проверял, не умерла ли я в игре. __☁️ Анастасия Берия, участница внутренних турниров по «Доте»__ Во что бы вы сыграли с командой Яндекса? ❤️ — Дота ⚡️ — Лига Легенд 🦄 — Мир Танков 🤓 — Майнкрафт",1629,photo,0,False,[],6678,12,160,,10.0,,,,,,1.0,10.0,,,,,,,1.0,,,89.0,,,16.0,33.0
Education_Yandex,Яндекс Образование,36000,1608,2025-06-24,17:26:45,2025-06-24 17:26:45+00:00,2025-12-01 02:50:16.805970,False,False,True,"Следующий шаг для развития карьеры в IT — перенять опыт экспертов Яндекса и преподавателей ведущих вузов 🎯 Стартовала приёмная кампания в онлайн-магистратуру Практикума. Вас будут обучать эксперты Яндекса и преподаватели из МФТИ, ИТМО и НИЯУ МИФИ. Учёба подойдёт как новичкам, так и тем, кто уже работает в IT. А главное — с дипломом магистра можно претендовать на более высокую зарплату и вакансии в крупных компаниях. В чём преимущества обучения на программах Практикума? 1️⃣ Учёба полностью онлайн 2️⃣ Дедлайны известны заранее — 80% студентов совмещают учёбу с работой 3️⃣ Регулируемая нагрузка: можно брать дополнительные дисциплины и углубляться в то, что интересно 4️⃣ Система перезачётов: если вы учились на курсах ДПО, часть предметов можно будет перезачесть 5️⃣ Учёба занимает ~25 часов в неделю: лекции по вечерам, а остальное в удобное время **Программы для карьерного роста и новых вызовов ⤵️** ▫️ [Фронтенд- и бэкенд-разработка](https://practicum.yandex.ru/high-education/higher-front-back-dev/?utm_source=tg&utm_medium=smm&utm_campaign=tg_smm_RF_HighEd_highFrBaDe_b2c_Post_None_yao&utm_content=yao&utm_term=june) ▫️ [Специалист по работе с данными и ИИ](https://practicum.yandex.ru/high-education/higher-data-analytics/?utm_source=tg&utm_medium=smm&utm_campaign=tg_smm_RF_HighEd_highDaAn_b2c_Post_None_yao&utm_content=yao&utm_term=june) ▫️ [DevOps-инженер облачных сервисов](https://practicum.yandex.ru/high-education/cloud-services-engineer/?utm_source=tg&utm_medium=smm&utm_campaign=tg_smm_RF_HighEd_clouSeEn_b2c_Post_None_yao&utm_content=yao&utm_term=june) ▫️ [Кибербезопасность](https://practicum.yandex.ru/high-education/higher-info-security/?utm_source=tg&utm_medium=smm&utm_campaign=tg_smm_RF_HighEd_highInSe_b2c_Post_None_yao&utm_content=yao&utm_term=june) ▫️[ Управление IT‑продуктами](https://practicum.yandex.ru/high-education/higher-it-product-mgmt/?utm_source=tg&utm_medium=smm&utm_campaign=tg_smm_RF_HighEd_highItPrMg_b2c_Post_None_yao&utm_content=yao&utm_term=june) Узнать о каждой специальности и требованиях для поступления можно [в гайде для подготовки к вступительным испытаниям. ](https://practicum.yandex.ru/profile/higher-guide/) Как поступить? ⏬ Оставить заявку на [сайте](https://practicum.yandex.ru/high-education/?utm_source=tg&utm_medium=smm&utm_campaign=tg_smm_RF_HighEd_Unde_b2c_Post_None_yao&utm_content=yao&utm_term=june) ⏬ Подать документы в понравившийся вуз ⏬ Пройти вступительные испытания ⏬ Наслаждаться учёбой Готовы сделать шаг к карьере мечты? ❤️ — хочу подать заявку 🤓 — ещё изучаю программы",2546,photo,7,True,"['https://practicum.yandex.ru/high-education/higher-it-product-mgmt/?utm_source=tg&utm_medium=smm&utm_campaign=tg_smm_RF_HighEd_highItPrMg_b2c_Post_None_yao&utm_content=yao&utm_term=june', 'https://practicum.yandex.ru/high-education/higher-info-security/?utm_source=tg&utm_medium=smm&utm_campaign=tg_smm_RF_HighEd_highInSe_b2c_Post_None_yao&utm_content=yao&utm_term=june', 'https://practicum.yandex.ru/high-education/higher-front-back-dev/?utm_source=tg&utm_medium=smm&utm_campaign=tg_smm_RF_HighEd_highFrBaDe_b2c_Post_None_yao&utm_content=yao&utm_term=june', 'https://practicum.yandex.ru/high-education/higher-data-analytics/?utm_source=tg&utm_medium=smm&utm_campaign=tg_smm_RF_HighEd_highDaAn_b2c_Post_None_yao&utm_content=yao&utm_term=june', 'https://practicum.yandex.ru/high-education/cloud-services-engineer/?utm_source=tg&utm_medium=smm&utm_campaign=tg_smm_RF_HighEd_clouSeEn_b2c_Post_None_yao&utm_content=yao&utm_term=june', 'https://practicum.yandex.ru/profile/higher-guide/', 'https://practicum.yandex.ru/high-education/?utm_source=tg&utm_medium=smm&utm_campaign=tg_smm_RF_HighEd_Unde_b2c_Post_None_yao&utm_content=yao&utm_term=june']",6547,49,40,,,,,,,,,,,,,,,,9.0,,,13.0,4.0,,3.0,13.0
Education_Yandex,Яндекс Образование,36000,1602,2025-06-24,16:53:25,2025-06-24 16:53:25+00:00,2025-12-01 02:50:16.806994,False,False,True,"Киберспорт или образование? Там, где можно совмещать, выбирать не приходится 🧑‍🎓 В карточках рассказываем, как игры могут прокачать ваши софт и хард скилы.",155,photo,0,False,[],5597,26,17,,,,,,,,,,,,,,,,1.0,,,,2.0,2.0,,21.0
Education_Yandex,Яндекс Образование,36000,1601,2025-06-23,16:16:17,2025-06-23 16:16:17+00:00,2025-12-01 02:50:16.806994,False,False,True,"Помните детскую мечту, чтобы игры стали работой? Мы решили пойти дальше и создали свою команду по DOTA 2 — @team_yandex_dota2 🎮 В состав вошли Solo, TA2000, Noticed, CHIRA_JUNIOR и prblms. Наши гуси не шипят, а приходят и побеждают. А помогает им в этом главный спонсор — Яндекс Маркет 🔴 Скоро начнутся турниры, и лучший способ поддержать игроков — посмотреть их игру. Присоединяйтесь, чтобы быть с командой в каждый момент — от драфта до GG. Мы вам — анонсы, розыгрыши и спецпроекты в Яндекс Музыке, Лавке и не только. Вы нам — """"ой, спасибки"""" подписку на Team Yandex в VK и TG. 🏆 — если поддерживаете нашу команду на турнире",627,document,0,False,[],8102,54,60,,4.0,,,,,,41.0,,,,1.0,,,,6.0,,,,6.0,,,2.0
Education_Yandex,Яндекс Образование,36000,1600,2025-06-21,13:38:34,2025-06-21 13:38:34+00:00,2025-12-01 02:50:16.806994,False,False,True,,0,document,0,False,[],7589,7,22,,,,,,,,,,,,,,,,,,,,,,,22.0
Education_Yandex,Яндекс Образование,36000,1599,2025-06-21,13:37:53,2025-06-21 13:37:53+00:00,2025-12-01 02:50:16.806994,False,False,True,"В каждом супергеройском фильме есть человек, который придумывает технологии будущего. В Яндексе эту роль взял на себя Кирилл Хрыльченко 🦸 Преподаватель ШАДа и руководитель группы исследования перспективных рекомендательных технологий. Кирилл и его команда первыми в России внедрили рекомендации на базе генеративных моделей. Сервисы теперь не просто показывают похожие товары, а формируют персонализированные советы для каждого пользователя. Такие модели быстрее обучаются, распознают скрытые связи между действиями и предугадывают желания. Например, после покупки пылесоса подскажут вам заказать мешки для него или подкинут плейлист, который идеально подойдёт для уборки 🎶 Рекомендации на базе генеративных моделей уже внедрили в Музыку, Алису, Маркет и Лавку. Создавать сервисы, которыми пользуются миллионы, и разрабатывать инновационные решения — вот чем могут заниматься выпускники ШАДа. Возможно, следующий большой проект будет ваш? 🚀 Познакомиться с совместными программами ШАДа можно [по ссылке.](https://education.yandex.ru/university2025?utm_source=tg&utm_medium=internar&utm_campaign=education&utm_term=21.06)",1120,photo,1,True,['https://education.yandex.ru/university2025?utm_source=tg&utm_medium=internar&utm_campaign=education&utm_term=21.06'],7637,17,33,,,,,,,,,,,,,,,,3.0,,,5.0,,,,25.0
Education_Yandex,Яндекс Образование,36000,1598,2025-06-20,15:51:08,2025-06-20 15:51:08+00:00,2025-12-01 02:50:16.808001,False,False,True,"Можно ли после выпуска из ШАДа успешно совмещать исследовательскую работу, создание продуктов и преподавание? Анастасия Янина смело говорит: «Да, можно» 🚀 Она — обладательница PhD по специальности Computer Science, лауреат Yandex ML Prize и автор десятков публикаций на топовых конференциях по ИИ, где выступают специалисты из Google и Microsoft. Сейчас Анастасия руководит направлением LLM в Wildberries & Russ. Её команда развивает большие языковые модели, которые отвечают на отзывы, подсказывают пользователям нужные товары и предлагают продавцам эффективные стратегии продвижения. Параллельно преподаёт в МФТИ и Harbour.Space University, испанском университете с кампусами в Барселоне и Бангкоке. 9 июня Анастасия стала частью [A-List SETTERS Media](https://www.setters.media/setters-a-list-2025/yanina?utm_source=tg&utm_medium=internar&utm_campaign=education&utm_term=20.06)[ ](https://www.setters.media/setters-a-list-2025/yanina) — сообщества лидеров креативных индустрий, которые добились признания в своей сфере и продолжают открывать новое, вдохновляя своим примером других. Но с чего начать, чтобы построить свою историю открытий? Вот подсказка от Анастасии 🙊 «ШАД — уникальное место. Тебя учат не только математике или программированию, но и буквально учат учиться. За два года понимаешь, что невыполнимых задач не существует. Плотное погружение в настоящие проекты позволяет быстрее сфокусироваться на интересующей предметной области и выстроить карьерные планы» Получается, первый шаг к большой карьере можно [сделать уже сегодня](https://education.yandex.ru/university2025?utm_source=tg&utm_medium=internar&utm_campaign=education&utm_term=20.06)!",1662,photo,3,True,"['https://www.setters.media/setters-a-list-2025/yanina', 'https://www.setters.media/setters-a-list-2025/yanina?utm_source=tg&utm_medium=internar&utm_campaign=education&utm_term=20.06', 'https://education.yandex.ru/university2025?utm_source=tg&utm_medium=internar&utm_campaign=education&utm_term=20.06']",7149,27,47,,,,,,,,,,,,,,,,33.0,2.0,,1.0,,,,11.0
Education_Yandex,Яндекс Образование,36000,1597,2025-06-19,16:41:52,2025-06-19 16:41:52+00:00,2025-12-01 02:50:16.808001,False,False,True,,0,document,0,False,[],6731,7,26,,,,,,,,,,,2.0,,,,,,,,,,,3.0,21.0
Education_Yandex,Яндекс Образование,36000,1596,2025-06-19,16:41:52,2025-06-19 16:41:52+00:00,2025-12-01 02:50:16.808001,False,False,True,,0,document,0,False,[],7033,7,14,,,,,,,,,,,,,,,,,,,,,,,14.0
Education_Yandex,Яндекс Образование,36000,1595,2025-06-19,16:41:52,2025-06-19 16:41:52+00:00,2025-12-01 02:50:16.808001,False,False,False,"7. Какие рекомендации вы могли бы дать студентам, желающим принять участие в программе с ШАДа? и чем должен обладать потенциальный участник п",141,,0,False,[],6316,4,12,,,,,,,,,,,,,,,,,,,,,,,12.0
Education_Yandex,Яндекс Образование,36000,1594,2025-06-19,16:41:52,2025-06-19 16:41:52+00:00,2025-12-01 02:50:16.808001,False,False,True,,0,document,0,False,[],5963,5,13,,,,,,,,,,,,,,,,,,,,,,,13.0
Education_Yandex,Яндекс Образование,36000,1593,2025-06-19,16:41:52,2025-06-19 16:41:52+00:00,2025-12-01 02:50:16.808001,False,False,False,6. Какую часть программы занимает практика и что она включает?,62,,0,False,[],5833,4,0,,,,,,,,,,,,,,,,,,,,,,,0.0
Education_Yandex,Яндекс Образование,36000,1592,2025-06-19,16:41:52,2025-06-19 16:41:52+00:00,2025-12-01 02:50:16.808001,False,False,True,,0,document,0,False,[],5880,5,9,,,,,,,,,,,,,,,,,,,,,,,9.0
Education_Yandex,Яндекс Образование,36000,1591,2025-06-19,16:41:52,2025-06-19 16:41:52+00:00,2025-12-01 02:50:16.808001,False,False,False,"5. Какую роль играют менторы в рамках программ с ШАДа, и как они помогают студентам?",84,,0,False,[],5313,4,0,,,,,,,,,,,,,,,,,,,,,,,0.0
Education_Yandex,Яндекс Образование,36000,1590,2025-06-19,16:41:52,2025-06-19 16:41:52+00:00,2025-12-01 02:50:16.808001,False,False,True,,0,document,0,False,[],5706,5,7,,,,,,,,,,,,,,,,,,,,,,,7.0
Education_Yandex,Яндекс Образование,36000,1589,2025-06-19,16:41:52,2025-06-19 16:41:52+00:00,2025-12-01 02:50:16.808001,False,False,False,4. Какие успешные кейсы применения навыков после прохождения программ?,70,,0,False,[],5708,4,0,,,,,,,,,,,,,,,,,,,,,,,0.0
Education_Yandex,Яндекс Образование,36000,1588,2025-06-19,16:41:52,2025-06-19 16:41:52+00:00,2025-12-01 02:50:16.808001,False,False,True,,0,document,0,False,[],5473,5,9,,,,,,,,,,,,,,,,,,,,,,,9.0
Education_Yandex,Яндекс Образование,36000,1587,2025-06-19,16:41:52,2025-06-19 16:41:52+00:00,2025-12-01 02:50:16.808001,False,False,False,3. Как проходит процесс обучения студентов?,43,,0,False,[],5026,4,0,,,,,,,,,,,,,,,,,,,,,,,0.0
Education_Yandex,Яндекс Образование,36000,1586,2025-06-19,16:41:52,2025-06-19 16:41:52+00:00,2025-12-01 02:50:16.808001,False,False,True,,0,document,0,False,[],4891,6,10,,,,,,,,,,,,,,,,,,,,,,,10.0
Education_Yandex,Яндекс Образование,36000,1585,2025-06-19,16:41:52,2025-06-19 16:41:52+00:00,2025-12-01 02:50:16.808001,False,False,False,2. Как программы помогают студентам лучше понять специфику профессии в реальной жизни?,86,,0,False,[],4858,7,0,,,,,,,,,,,,,,,,,,,,,,,0.0
Education_Yandex,Яндекс Образование,36000,1584,2025-06-19,16:41:52,2025-06-19 16:41:52+00:00,2025-12-01 02:50:16.808001,False,False,True,,0,document,0,False,[],4796,8,16,,,,,,,,,,,,,,,,9.0,,,,,,,7.0
Education_Yandex,Яндекс Образование,36000,1583,2025-06-19,16:41:52,2025-06-19 16:41:52+00:00,2025-12-01 02:50:16.808001,False,False,True,,0,document,0,False,[],4859,8,9,,,,,,,,,,,,,,,,,,,,,,,9.0
Education_Yandex,Яндекс Образование,36000,1582,2025-06-19,16:41:51,2025-06-19 16:41:51+00:00,2025-12-01 02:50:16.808001,False,False,False,1. Какие основные преимущества программ ШАДа для студентов в ВУЗах?,67,,0,False,[],4721,7,10,,,,,,,,,,,,,,,,10.0,,,,,,,0.0
Education_Yandex,Яндекс Образование,36000,1581,2025-06-19,16:41:51,2025-06-19 16:41:51+00:00,2025-12-01 02:50:16.808001,False,False,True,,0,document,0,False,[],5125,8,7,,,,,,,,,,,,,,,,,,,,,,,7.0
Education_Yandex,Яндекс Образование,36000,1580,2025-06-19,16:38:45,2025-06-19 16:38:45+00:00,2025-12-01 02:50:16.808001,False,False,True,"Задача со 00101010 — выбрать программу для обучения. Сегодня попробуем её решить. Поговорили с Лёшей Толстиковым — академическим руководителем Школы анализа данных — о [программах, реализуемых совместно с ШАДом. ](https://education.yandex.ru/university2025?utm_source=tg&utm_medium=internar&utm_campaign=education&utm_term=19.06) ❤️ — будете ШАДовцем 🔥 — уже ШАДовец",366,photo,1,True,['https://education.yandex.ru/university2025?utm_source=tg&utm_medium=internar&utm_campaign=education&utm_term=19.06'],5372,22,73,,,,,,,,,,,4.0,,,,,8.0,,,,,,12.0,49.0
Education_Yandex,Яндекс Образование,36000,1579,2025-06-18,19:22:31,2025-06-18 19:22:31+00:00,2025-12-01 02:50:16.809006,False,False,True,"Неочевидные фичи как софт-скиллы технологий ❤️ Наши коллеги со всего Яндекса собрались — и подготовили отчёт о шести стримах, за каждым из которых стоит что-то важное. [Посмотреть и послушать](https://help.yandex.ru/sp/sustainability-2024-creative) о том, как мы меняем среду к лучшему, можно в исполнении Владимира Канухина, BEARWOLF, Cream Soda, Стаси Милославской, Софии Лебедевой и Андрея Максимова. Просто и с пользой: итоги, которыми Яндекс Образование может гордиться ⬇️ ➕ Предоставили бесплатные возможности для обучения и развития 5 миллионам учеников и преподавателей в сфере IT. ➕ Реализовали образовательные IT-программы в 12 регионах России с 33 вузами-партнёрами. ➕ Создали AI360 — первую в России программу высшего образования для будущих архитекторов и исследователей ИИ. ➕ Помогли более 100 тысячам школьников сдать ЕГЭ по информатике с помощью тренажёра Учебника. Хотите подсчитать и свои карма-поинты? Запускайте[ ](https://help.yandex.ru/sp/sustainability-2024-creative)[Трекер добрых дел](https://help.yandex.ru/sp/sustainability-2024-creative?utm_source=tg&utm_medium=internar&utm_campaign=esg_report_edu&utm_term=18.06) — и узнавайте, какие ещё технологии Яндекса помогают делать мир лучше, и сколько полезных фич вы уже используете сами.",1261,photo,2,True,"['https://help.yandex.ru/sp/sustainability-2024-creative', 'https://help.yandex.ru/sp/sustainability-2024-creative?utm_source=tg&utm_medium=internar&utm_campaign=esg_report_edu&utm_term=18.06']",6550,17,21,,,,,,,,,,,,3.0,,,,5.0,,,,,,,19.0
Education_Yandex,Яндекс Образование,36000,1578,2025-06-18,15:33:59,2025-06-18 15:33:59+00:00,2025-12-01 02:50:16.809006,False,True,True,[ОПРОС] Что посмотрите первым? 👀,32,other,0,False,[],6397,16,19,,,,,,,,,,,4.0,,,,,1.0,2.0,,,,10.0,,4.0
Education_Yandex,Яндекс Образование,36000,1577,2025-06-18,15:31:32,2025-06-18 15:31:32+00:00,2025-12-01 02:50:16.809006,False,False,True,"Хакеры, взломы и шифры — всё это в нашей подборке фильмов и сериалов о кибербезопасности🛡 🎥 Сериалы Мистер Робот Киберпанк без неона, где главный герой — депрессивный хакер, который сражается с мировой финансовой системой. И ломает не только её, но и четвертую стену. Силиконовая долина Гик-комедия о стартаперах Кремниевой долины. Это весело, остроумно и актуально. Особенно: если вам интересно, как рождаются технологии и почему безопасность — это не только пароли, но и идеи. Мир на проводе Классика киберпанка, которая вдохновила создателей «Матрицы» и других культовых фильмов. Одна из первых работ в жанре, которая предвосхитила будущие тенденции. 🎬 Фильмы Хакеры Культовый стиль 90-х, где хакеры были подростками в кожанках, а кибербезопасность — поводом для дискотеки. Анджелина Джоли, скейтборды и уверенность в том, что интернет — это свобода. Пароль «Рыба-меч» Кибербезопасность на фоне триллера-боевика. Не претендует на высшую интеллектуальность, но держит зрителя в напряжении. Пи Триллер о математике, данных и паранойе. Главный герой ищет код вселенной и теряет связь с реальностью. Математика как инструмент в мире, где нет границ контроля. Сноуден Реальная история цифрового разоблачителя, который показал миру, как работает слежка. Это фильм, который навсегда изменил наше восприятие безопасности.",1316,photo,0,False,[],6630,80,23,,,,,,,,,,,,12.0,,,,6.0,,,,,,,10.0
Education_Yandex,Яндекс Образование,36000,1576,2025-06-17,15:34:01,2025-06-17 15:34:01+00:00,2025-12-01 02:50:16.810090,False,False,True,"Павел Черемушкин не только учит студентов ШАДа информационной безопасности, но и защищает внутреннюю инфраструктуру в Яндексе. Описать эту работу можно так: «Если злоумышленнику нужно победить нас только один раз, чтобы провести успешную атаку, то нам нужно побеждать каждый день». Поговорили с преподавателем о курсе, важности этики в профессии и том, как самому стать более защищённым в цифровом мире. **О чём ваш курс в ШАДе и чему вы учите студентов?** Курс охватывает широкий спектр областей информационной безопасности: от веба и мобильных приложений до облаков и IoT. У студентов в ШАДе высокая мотивация и хорошая база, так что мы даём глубокий материал и задачи повышенной сложности без вводных лекций. **Обсуждаете ли на занятиях этику в цифровом мире?** Этика — важная, но сложная тема, во многом зависящая от мировоззрения. Я считаю, что действовать нужно строго в рамках закона той страны, где вы живёте. Если хочется попробовать себя в роли «хакера», можно заниматься пентестами (с разрешением заказчика) или участвовать в программах багбаунти. «Белые хакеры» помогают находить уязвимости и получают за это награды. **Какие практические задачи решают студенты и кем идут работать после выпуска?** Мы используем формат Capture The Flag. В таких задачах заложены уязвимости, и задача студента — найти их, «взломать» сервис и получить «флаг», или строку определённого формата. Это позволяет безопасно попробовать себя в роли хакера и понять, от чего и как защищать системы. Даже если кто-то не пойдёт в информационную безопасность, понимание того, как и почему ломаются системы, пригодится в любой IT-специальности. **Что нас ждёт в информационной безопасности через 5 лет?** На мой взгляд, эта индустрия переживает свой лучший период. В связи с ростом популярности генеративных сетей можно предсказать заметный рост количества успешных кибератак в международном сегменте в ближайшие пять лет по сравнению с предыдущими. **Какие 3 совета вы бы дали тем, кто уже использует сложные пароли, но хочет ещё повысить свою безопасность?** 1. Включите двухфакторную аутентификацию. 2. Помогите настроить двухфакторную аутентификацию своим друзьям и близким. 3. С осторожностью относитесь к ссылкам в почте и мессенджерах, а также к исполняемым файлам, которые запускаете на своих устройствах.",2295,photo,0,False,[],6937,30,31,,3.0,,,,,,,,,,,,,,2.0,,,,,,,46.0
Education_Yandex,Яндекс Образование,36000,1575,2025-06-16,17:08:19,2025-06-16 17:08:19+00:00,2025-12-01 02:50:16.810090,False,True,True,[ОПРОС] Сайт орёт «Скидка 90%! Осталось 5 минут!» и подмигивает таймером. Что делаете?,86,other,0,False,[],6824,9,39,,,,,,,,,,,,,,,,,,,29.0,7.0,,,3.0
Education_Yandex,Яндекс Образование,36000,1574,2025-06-16,17:07:06,2025-06-16 17:07:06+00:00,2025-12-01 02:50:16.810090,False,True,True,"[ОПРОС] Стриминг присылает СМС с кодом, но вы ничего не запрашивали. Действия?",78,other,0,False,[],6759,7,37,,,,,,,,,,,,,,,,,,,29.0,7.0,,,1.0
Education_Yandex,Яндекс Образование,36000,1573,2025-06-16,17:06:06,2025-06-16 17:06:06+00:00,2025-12-01 02:50:16.810090,False,True,True,[ОПРОС] Новое приложение для заметок внезапно просит доступ ко всему: от фото до микрофона. Вы...,97,other,0,False,[],6522,12,41,,,,,,,,,,,,,,,,,,,32.0,6.0,,,3.0
Education_Yandex,Яндекс Образование,36000,1572,2025-06-16,17:06:06,2025-06-16 17:06:06+00:00,2025-12-01 02:50:16.810090,False,False,True,"Как вы оцениваете свои знания в области кибербезопасности? 🔐 Проверьте их прямо сейчас. Ниже три вопроса, которые помогут понять, насколько вы готовы противостоять реальным угрозам в цифровом мире.",197,photo,0,False,[],6394,8,14,,,,,,,,,,,,,,,,3.0,,,,,,,11.0
Education_Yandex,Яндекс Образование,36000,1563,2025-06-13,13:50:50,2025-06-13 13:50:50+00:00,2025-12-01 02:50:16.810090,False,False,True,"В [прошлом посте](https://t.me/Education_Yandex/1488) мы рассказали, что такое AI360: пять ведущих вузов, Яндекс, Сбер, передовые технологии и карьерные возможности — всё, чтобы стать высококвалифицированным специалистом в области ИИ. Сегодня даём слово тем, кто уже внутри программы 👋 В карточках студенты AI360 рассказывают о своём опыте: от первых шагов в машинном обучении до уверенности в том, что готовы решать реальные задачи. ⚡️ — если вдохновились и готовы знакомиться с программами [тут](https://360-ai.ru/?utm_source=tg&utm_medium=internal&utm_campaign=ai360_2025&utm_content=28.04).",594,photo,2,True,"['https://t.me/Education_Yandex/1488', 'https://360-ai.ru/?utm_source=tg&utm_medium=internal&utm_campaign=ai360_2025&utm_content=28.04']",9743,52,40,,8.0,,,,,,,,,,,,,,1.0,,,3.0,,,,49.0
Education_Yandex,Яндекс Образование,36000,1562,2025-06-12,16:00:31,2025-06-12 16:00:31+00:00,2025-12-01 02:50:16.810090,False,False,True,"Как выглядит работа в Яндексе? [Магазин Яндекса](https://t.me/magazin_yandex) задал этот вопрос детям и получил не просто рисунки, а целые маленькие миры: дождь из денег, роботы и необычные люди. Всё без правок — как видят это дети: немного криво, но искренне. **Футболки «Детские рисунки 2.0»** — коллекция из мягкого хлопка, который трогает своей простотой. В новой коллекции четыре профессии глазами детей: [эйчар](https://store.yandex.ru/product/2015t?utm_source=education&utm_medium=magazin_yandex&utm_campaign=ya_kids&utm_content=post), [тестировщик](https://store.yandex.ru/product/2016t?utm_source=education&utm_medium=magazin_yandex&utm_campaign=ya_kids&utm_content=post), [редактор](https://store.yandex.ru/product/2013t?utm_source=education&utm_medium=magazin_yandex&utm_campaign=ya_kids&utm_content=post) и [финансист](https://store.yandex.ru/product/2014t?utm_source=education&utm_medium=magazin_yandex&utm_campaign=ya_kids&utm_content=post). Эти и другие футболки можно найти в [онлайн-галерее](https://yandex.ru/project/museum/kids), где собраны все рисунки проекта. Загляните, чтобы найти свою будущую профессию и узнать имена юных авторов. Футболки можно купить в Магазине Яндекса, в [Москве и Санкт-Петербурге,](https://museum.yandex.ru/addresses) а также онлайн в Яндекс Маркете. Может, пора обновить гардероб? 👕",1331,photo,7,True,"['https://store.yandex.ru/product/2014t?utm_source=education&utm_medium=magazin_yandex&utm_campaign=ya_kids&utm_content=post', 'https://museum.yandex.ru/addresses', 'https://store.yandex.ru/product/2016t?utm_source=education&utm_medium=magazin_yandex&utm_campaign=ya_kids&utm_content=post', 'https://t.me/magazin_yandex', 'https://store.yandex.ru/product/2013t?utm_source=education&utm_medium=magazin_yandex&utm_campaign=ya_kids&utm_content=post', 'https://store.yandex.ru/product/2015t?utm_source=education&utm_medium=magazin_yandex&utm_campaign=ya_kids&utm_content=post', 'https://yandex.ru/project/museum/kids']",8960,16,36,,,,,,,,,1.0,,,,,,,7.0,20.0,,,,,,8.0
Education_Yandex,Яндекс Образование,36000,1561,2025-06-10,17:18:41,2025-06-10 17:18:41+00:00,2025-12-01 02:50:16.810090,False,False,True,"Просто залипать в экран? 🙅‍♀️ Смотреть сериал про Яндекс? ✅ «Истории Яндекса» — это сериал о тех, кто стоит за технологиями, которыми мы пользуемся ежедневно. В каждой серии — новый герой, новая команда, новый взгляд изнутри. Все персонажи не являются вымышленными или созданными ИИ. Это реальные люди, которых объединяет тяга к обучению и созданию технологий. Раньше записи были доступны только внутри компании, а теперь [первые серии](https://www.kinopoisk.ru/series/5089357/?ysclid=mbqsrl2287890108223&utm_source=tg) можно смотреть на Кинопоиске. Уже выпущено десять эпизодов — и это только начало. ❤️ — если смотрите и вдохновляетесь 🔥 — если уже пошли искать стажировки в Яндексе",684,document,1,True,['https://www.kinopoisk.ru/series/5089357/?ysclid=mbqsrl2287890108223&utm_source=tg'],9021,38,79,,,,,,,4.0,,6.0,,2.0,,,,,22.0,,,,,4.0,,41.0
Education_Yandex,Яндекс Образование,36000,1560,2025-06-06,14:46:29,2025-06-06 14:46:29+00:00,2025-12-01 02:50:16.811140,False,False,True,"Возможно ли начать карьеру в IT после 9 класса? Если поступить в Университет «Сириус», то конечно 🚀 Для выпускников 9-х классов стартовал приём заявок на экспериментальный ИТ-специалитет в [«Сириусе»](https://t.me/wearesiriusuniversity). Учёба длится 5 лет и объединяет 2 уровня образования: среднее общее и высшее. Уникальную программу по анализу данных разработали эксперты ШАДа, а обучать на ней будут лучшие преподаватели «Сириуса» и эксперты из ведущих IT-компаний, в том числе из Яндекса.",494,photo,1,True,['https://t.me/wearesiriusuniversity'],13293,145,90,,,,,,,,,3.0,,,,37.0,,,22.0,,,7.0,4.0,,,19.0
Education_Yandex,Яндекс Образование,36000,1559,2025-06-05,14:47:32,2025-06-05 14:47:32+00:00,2025-12-01 02:50:16.811140,False,False,True,"Вопрос на засыпку: учёба или игра? Мы уверены: можно не выбирать, а совмещать! Принесли подборку компьютерных игр, которые помогут прокачать IT-навыки 🕹 1️⃣ [Академия Техномагии Яндекса](https://www.roblox.com/games/140495779507958/Academy-of-Technomagic-by-Yandex?utm_source=tg&utm_medium=internal&utm_campaign=universities2025&utm_content=04.06#!/about) — управляем роверами, исследуем загадочные локации, населённые таинственными существами 2️⃣ [Flexbox Froggy](https://flexboxfroggy.com/#ru) — учим CSS, расставляя лягушат по сетке 3️⃣ [Flexbox Zombies](https://mastery.games/flexboxzombies/) — спасаем мир, управляя зомби с помощью CSS 4️⃣ [CodeCombat](https://codecombat.com/) — программируем героев на Python и JavaScript 5️⃣ [Screeps](https://screeps.com/) — пишем код для управления ботами в MMO-стратегии 6️⃣ [CheckiO](https://checkio.org/) — соревнуемся в решении Python-головоломок 7️⃣ [Hack The Box](https://www.hackthebox.com/?utm_source...) — погружаемся в мир кибербезопасности и этичного хакинга Играть не только ради удовольствия, а чтобы учиться и расти. А вы на какой стороне? 🦄 — игры только для отдыха! 🐳 — для получения знаний все способы хороши!",1169,document,7,True,"['https://mastery.games/flexboxzombies/', 'https://checkio.org/', 'https://www.hackthebox.com/?utm_source...', 'https://codecombat.com/', 'https://screeps.com/', 'https://www.roblox.com/games/140495779507958/Academy-of-Technomagic-by-Yandex?utm_source=tg&utm_medium=internal&utm_campaign=universities2025&utm_content=04.06#!/about', 'https://flexboxfroggy.com/#ru']",11674,226,65,,,,,,,,,36.0,,,,,,,7.0,,,,,,7.0,18.0
Education_Yandex,Яндекс Образование,36000,1558,2025-06-04,17:14:09,2025-06-04 17:14:09+00:00,2025-12-01 02:50:16.811140,False,False,True,,0,document,0,False,[],9277,6,16,,,,,,,,,,,,,,,,4.0,,,7.0,,,5.0,0.0
Education_Yandex,Яндекс Образование,36000,1557,2025-06-04,17:11:34,2025-06-04 17:11:34+00:00,2025-12-01 02:50:16.811140,False,False,True,"Вчера рассказывали, как составить планы на лето, а сегодня делимся подборкой сервисов для комфортного перехода от идей к действиям ⬇️ 1️⃣ [«Как научиться учиться?» —](https://education.yandex.ru/learningcheckup?utm_source=tg&utm_medium=internal&utm_campaign=universities2025&utm_content=04.06) тест, который поможет вернуть любовь учёбе и покажет, как узнавать новое, не перегружаясь 2️⃣ [«Таинственная кража»](https://education.yandex.ru/classroom/public-lesson/77035362/run/?utm_source=tg&utm_medium=internal&utm_campaign=universities2025&utm_content=04.06) — онлайн-квест из 11 карточек с заданиями, которые прокачают логику, внимательность и умение работать с информацией 3️⃣ [CodeRun](https://coderun.yandex.ru/?utm_source=tg&utm_medium=internal&utm_campaign=universities2025&utm_content=04.06) — тренажёр с подборкой задач для разработчиков. Он поможет усилить скилы в аналитике, бэкенд, фронтенд и ML А если университет закончен, но жажда новых знаний осталась, Дима Еременко — академический руководитель магистерской программы «ИИ в маркетинге и управлении продуктом» на связи с рекомендацией. Здесь учат работать с данными, находить тренды, прогнозировать аудитории, запускать кампании и управлять цифровыми продуктами. Отзыв Димы в кружочке, а больше информации [здесь.](https://education.yandex.ru/university2025?utm_source=tg&utm_medium=internal&utm_campaign=universities2025&utm_content=04.06#aimarketing)",1418,photo,4,True,"['https://education.yandex.ru/learningcheckup?utm_source=tg&utm_medium=internal&utm_campaign=universities2025&utm_content=04.06', 'https://education.yandex.ru/classroom/public-lesson/77035362/run/?utm_source=tg&utm_medium=internal&utm_campaign=universities2025&utm_content=04.06', 'https://coderun.yandex.ru/?utm_source=tg&utm_medium=internal&utm_campaign=universities2025&utm_content=04.06', 'https://education.yandex.ru/university2025?utm_source=tg&utm_medium=internal&utm_campaign=universities2025&utm_content=04.06#aimarketing']",9570,117,26,,2.0,,,,,,,,,,,,,,6.0,,,,,3.0,,15.0
Education_Yandex,Яндекс Образование,36000,1551,2025-06-03,16:23:39,2025-06-03 16:23:39+00:00,2025-12-01 02:50:16.811140,False,False,True,"Как и лето сделать незабываемым, и навыки не растерять? Началась пора приключений, спонтанных планов и тёплых вечеров с друзьями. Но чтобы к сентябрю легко вернуться в учебный ритм, стоит внедрить всего одну привычку — вести дневник прогресса 📔 Это простой способ фиксировать развлечения, время наедине с собой и короткие учебные сессии. Записывая даже небольшие достижения, вы станете замечать больше успехов и сохраните интерес к процессу. А планирование поможет структурировать день: учёба не будет мешать отдыху, а отдых — отвлекать от важных дел. В карточках делимся шаблонами, как легко взять под контроль все дела и идеи этим летом 👆 А вы как предпочитаете проводить каникулы? ⚡️ — Люблю планировать 🦄 — Живу как чувствую",728,photo,0,False,[],7452,80,84,,39.0,,,,,,6.0,,,,,2.0,,,1.0,,,6.0,,,26.0,4.0
Education_Yandex,Яндекс Образование,36000,1545,2025-06-03,15:10:18,2025-06-03 15:10:18+00:00,2025-12-01 02:50:16.811140,False,False,True,"Лето — время каникул, прогулок и идей! Кажется, что именно в этот момент открывается второе дыхание. Почему? За этим стоят мощные биологические системы, которые совершенствуют работу мозга, пока вы просто гуляете или отдыхаете. Как помочь себе быть креативнее, причём тут микробиом и почему стоит поучиться в парке — рассказываем в карточках 💖",343,photo,0,False,[],7102,70,59,,,,,,,1.0,9.0,,,,,,,,3.0,28.0,,,,,7.0,14.0
Education_Yandex,Яндекс Образование,36000,1544,2025-06-03,09:00:26,2025-06-03 09:00:26+00:00,2025-12-01 02:50:16.811140,False,False,False,Раскроем тайну: судья Рандомайзер определил победителей розыгрыша. Ники — [в описании](https://t.me/Education_Yandex/1494) ✳️,125,,1,True,['https://t.me/Education_Yandex/1494'],8730,7,39,,,,,,,,1.0,,,4.0,,23.0,,,,,,,,,,11.0
Education_Yandex,Яндекс Образование,36000,1543,2025-05-31,12:48:41,2025-05-31 12:48:41+00:00,2025-12-01 02:50:16.812418,False,False,True,"Джун-набор для первых шагов в IT 1️⃣ [Хендбуки](https://education.yandex.ru/handbook?utm_source=tg&utm_medium=internal&utm_campaign=universities2025&utm_content=31.05) по ключевым IT‑дисциплинам — это 7 онлайн-учебников по Python, С++, ML, алгоритмам, математике, анализу данных и flutter. Теоретические материалы дополняются практикой: можно решать задачи и следить за своим прогрессом. 2️⃣ [Курсы Яндекс Лицея](https://lyceum.yandex.ru/?utm_source=tg&utm_medium=internal&utm_campaign=universities2025&utm_content=31.05) для будущих junior‑разработчиков — это пространство, где школьники изучают Python, С++, ML, Go, Django, промышленное программирование и большие данные. В Лицее есть 3 формата обучения: самостоятельный без дедлайнов, курс на 3 месяца и на 1 год. Каждая решённая задача и просмотренный урок приближают вас к большому результату и работе мечты. Главное — не останавливаться. А если вы ещё не определились с направлением, в этом [посте](https://t.me/Education_Yandex/1374) мы рассказывали, как найти свою суперсилу ⚡",1034,photo,3,True,"['https://lyceum.yandex.ru/?utm_source=tg&utm_medium=internal&utm_campaign=universities2025&utm_content=31.05', 'https://t.me/Education_Yandex/1374', 'https://education.yandex.ru/handbook?utm_source=tg&utm_medium=internal&utm_campaign=universities2025&utm_content=31.05']",12347,378,52,,,,,,,7.0,,,,3.0,,,,,5.0,,,,,4.0,,33.0
Education_Yandex,Яндекс Образование,36000,1534,2025-05-30,15:40:06,2025-05-30 15:40:06+00:00,2025-12-01 02:50:16.813472,False,False,True,"Заканчиваете ВУЗ и думаете над следующим шагом в карьере? В карточках собрали простые причины, [почему магистерские программы](https://education.yandex.ru/university2025?utm_source=tg&utm_medium=internal&utm_campaign=universities2025&utm_content=30.05#newmasters) «Аппаратная разработка умных устройств» от МФТИ и «Современные компьютерные науки» от ВШЭ — это круто и понятно. ❤️ — чтобы учёба была только в кайф",412,photo,1,True,['https://education.yandex.ru/university2025?utm_source=tg&utm_medium=internal&utm_campaign=universities2025&utm_content=30.05#newmasters'],8727,29,43,,3.0,,,,,,,,,,,,,,1.0,,,,,,4.0,35.0
Education_Yandex,Яндекс Образование,36000,1527,2025-05-29,15:45:01,2025-05-29 15:45:01+00:00,2025-12-01 02:50:17.937302,False,False,True,"✍🏻 Цель на лето: прокачать скиллы с помощью технологий Учиться новому проще, чем кажется! Цифровые платформы готовы помочь — просто открывайте карточки и вдохновляйтесь на свой следующий шаг.",191,photo,0,False,[],7856,64,53,,,,,,,,,1.0,,1.0,,,,,6.0,,,,,,,56.0
Education_Yandex,Яндекс Образование,36000,1526,2025-05-29,06:57:50,2025-05-29 06:57:50+00:00,2025-12-01 02:50:17.937302,False,True,True,"[ОПРОС] В числовом ряду 10, 9, 60, 90, 70, 66 какое число должно быть следующим?",80,other,0,False,[],8278,60,200,,3.0,,,,,,,7.0,,,,,,,,,,36.0,132.0,5.0,3.0,27.0
Education_Yandex,Яндекс Образование,36000,1525,2025-05-29,06:54:05,2025-05-29 06:54:05+00:00,2025-12-01 02:50:17.937302,False,False,True,"Программирование — это не просто код, а умение мыслить нестандартно. Хотите проверить себя? Вот пример задачи от Google, которая доказывает: логика и смекалка доступны каждому. Подсказка: чтобы решить задачу, пригодится знание английского 💘",240,document,0,False,[],7682,45,38,,,,,,,,,,,,,,,,3.0,,,,23.0,,,12.0
Education_Yandex,Яндекс Образование,36000,1524,2025-05-28,17:11:49,2025-05-28 17:11:49+00:00,2025-12-01 02:50:17.937302,False,False,True,,0,document,0,False,[],8414,9,34,,,,,,,,,,,5.0,,,,,11.0,18.0,,,,,,0.0
Education_Yandex,Яндекс Образование,36000,1523,2025-05-28,17:11:49,2025-05-28 17:11:49+00:00,2025-12-01 02:50:17.938324,False,False,True,"**Открыт приём заявок на Yandex ML Prize 2025 🏆** Это ежегодная премия, которую Яндекс присуждает за развитие машинного обучения и искусственного интеллекта. В ноябре мы много [рассказывали](https://t.me/Education_Yandex/1210) о лауреатах 2024 года, а сейчас поделимся ключевыми особенностями Yandex ML Prize 2025. В этом году премия будет вручаться преподавателям и руководителям образовательных программ за их вклад в подготовку высококвалифицированных ML-специалистов и развитие технологий в России. Лауреаты получат денежные призы и гранты на использование Yandex Cloud для собственных курсов, исследований и хакатонов. **Премия пройдёт в трёх номинациях:** ✔️ преподаватели (от 3 лет опыта), ✔️ начинающие преподаватели (от 1 года стажа), ✔️ руководители образовательных программ (минимум один выпуск). Работы оценивает совет экспертов Яндекса и Школы анализа данных. Подать заявку можно с 28 мая по 22 июня. Все детали сохранили [здесь.](https://yandex.ru/scholarships?utm_source=tg&utm_medium=internal&utm_campaign=smm_yandex_education&utm_content=28.05) А как премия влияет на профессиональное сообщество — комментирует Валя Бронер, академический руководитель ШАД по ML ⬇️",1180,photo,2,True,"['https://t.me/Education_Yandex/1210', 'https://yandex.ru/scholarships?utm_source=tg&utm_medium=internal&utm_campaign=smm_yandex_education&utm_content=28.05']",8720,27,20,,,,,,,,,,,,,,,,13.0,,,,,,,7.0
Education_Yandex,Яндекс Образование,36000,1522,2025-05-27,16:56:24,2025-05-27 16:56:24+00:00,2025-12-01 02:50:17.938324,False,False,True,"Как устроен искусственный интеллект в видеоиграх? Почему математика так важна для того, чтобы персонажи двигались правдоподобно? Об этом расскажет Ольга Максименкова — доцент, заместитель руководителя департамента программной инженерии и руководитель проектной группы «Программная инженерия компьютерных игр» факультета компьютерных наук НИУ ВШЭ на [офлайн-лекции](https://museum.yandex.ru/event/maksimenkova?utm_source=tg&utm_medium=yandexmuseum&utm_campaign=yamuseum_site&utm_content=post) 28 мая в Яндекс Музее 🌞 Яндекс Образование и ФКН приглашают вас заглянуть внутрь игровых миров и понять, как всё работает на самом деле. Не забудьте [зарегистрироваться.](https://museum.yandex.ru/event/maksimenkova?utm_source=tg&utm_medium=yandexmuseum&utm_campaign=yamuseum_site&utm_content=post) ⚡️ — планирую прийти 🏆— уже регистрируюсь!",832,photo,1,True,['https://museum.yandex.ru/event/maksimenkova?utm_source=tg&utm_medium=yandexmuseum&utm_campaign=yamuseum_site&utm_content=post'],8031,26,53,,5.0,,,,,,11.0,,,25.0,,7.0,,,3.0,,,,2.0,,,0.0
Education_Yandex,Яндекс Образование,36000,1519,2025-05-26,17:59:11,2025-05-26 17:59:11+00:00,2025-12-01 02:50:17.938324,False,False,True,,0,document,0,False,[],8061,3,24,,1.0,,,,,,,,,,11.0,,,,,,,,,,,12.0
Education_Yandex,Яндекс Образование,36000,1518,2025-05-26,17:59:11,2025-05-26 17:59:11+00:00,2025-12-01 02:50:17.938324,False,False,True,"**Кто в детстве играл с роботами, а кто мечтал их создавать? Это казалось чем-то недосягаемым** 🤖 Сейчас в Сколтехе учат разрабатывать модули для умных фабрик и создавать интеллектуальные системы на стыке софта и железа. Такие навыки могут освоить студенты совместной программы с Яндекс Роботикс «ИИ в робототехнике». Здесь студенты работают с тем же оборудованием и ПО, что и инженеры Яндекса, внедряя решения в реальные проекты. **Что в программе?** ✳️ Разработка софта (C++ / Python) ✳️ ML-разработка и создание инфраструктуры ✳️ Разработка Embedded-систем и электроники ✳️ Проектирование механики и интеграция роботов с системами заказчиков ✳️ Применение CV и ML в робототехнике ✳️ Реализация систем навигации для роботов на целевых площадках **Что нужно, чтобы поступить?** 1️⃣ Степень бакалавра по математике, компьютерным наукам, информационным и коммуникационным технологиям, прикладной физике и другим техническим дисциплинам 2️⃣ Английский язык 3️⃣ Подать заявку на конкурсный отбор до 7 июля 🚀 Узнать о магистратуре и подать заявку онлайн можно на [сайте.](https://education.yandex.ru/university2025?utm_source=tg&utm_medium=internal&utm_campaign=university2025&utm_content=26.05#newmasters) А пока смотри кружок с прямым включением прямо из роболаборатории от [Вани Калинова,](https://t.me/papa_robotov) СЕО Яндекс Роботикс ⬇️",1338,photo,2,True,"['https://education.yandex.ru/university2025?utm_source=tg&utm_medium=internal&utm_campaign=university2025&utm_content=26.05#newmasters', 'https://t.me/papa_robotov']",8033,41,36,,6.0,,,,,,,,,2.0,,,,,10.0,,,,,,,36.0
Education_Yandex,Яндекс Образование,36000,1513,2025-05-24,17:44:00,2025-05-24 17:44:00+00:00,2025-12-01 02:50:17.938324,False,False,True,"Если гора технологий не идёт к нам, мы покорим её сами! Как по пути прокачаться в решении прикладных IT-задач? С помощью самостоятельных курсов Яндекс Лицея. Да, мы запускаем их впервые 🤩 Python, Go и C++ — выбрать можно любое из трёх направлений. А самое приятное, что доступ к курсам открывается бесплатно сразу после [регистрации](https://lyceum.yandex.ru/index?utm_source=tg&utm_medium=internal&utm_campaign=selfpaced2025&utm_content=24.05#selfpaced_courses)[. ](https://lyceum.yandex.ru/index#selfpaced_courses?utm_source=tg&utm_medium=internal&utm_campaign=selfpaced2025&utm_content=24.05) Любителей какого направления у нас тут больше? ❤️ — за Python ⚡️ — за Go 🔥 — за C++",679,photo,2,True,"['https://lyceum.yandex.ru/index#selfpaced_courses?utm_source=tg&utm_medium=internal&utm_campaign=selfpaced2025&utm_content=24.05', 'https://lyceum.yandex.ru/index?utm_source=tg&utm_medium=internal&utm_campaign=selfpaced2025&utm_content=24.05#selfpaced_courses']",9023,154,288,,60.0,,,,,,,,,3.0,,6.0,,,96.0,,,,,,,123.0
Education_Yandex,Яндекс Образование,36000,1512,2025-05-22,15:46:40,2025-05-22 15:46:40+00:00,2025-12-01 02:50:17.938324,False,False,True,,0,document,0,False,[],10687,2,19,,4.0,,,,,,,,,,,,,,,,,,,,1.0,26.0
Education_Yandex,Яндекс Образование,36000,1511,2025-05-22,15:46:40,2025-05-22 15:46:40+00:00,2025-12-01 02:50:17.939329,False,False,True,"**Задача на сегодня:** прокачать софт скиллы ⚡️ Рассказываем, как это сделать в метавселенной, а пользу получить в реальном мире. 1️⃣ **Публичные выступления** IT-компания Modum Lab разработала VR-тренажёр для публичных выступлений перед виртуальной аудиторией. Система анализирует темп речи, использование слов-паразитов и зрительный контакт. Эффект реальности создают случайные раздражители: звонок телефона или неполадки с микрофоном. 2️⃣ **Лидерство и управление командой** Платформа ENGAGE помогает тренировать лидерские навыки, решая конфликты в команде. Симуляция моделирует ситуацию, в которой два участника не согласны в подходе к задаче, а вам нужно найти решение и обеспечить эффективность работы. 3️⃣ **Развитие эмоционального интеллекта** В тренажёре VirtualSpeech вы можете работать над контролем эмоций и стрессоустойчивостью. Одна из симуляций — разговор с агрессивным коллегой, где необходимо сохранить спокойствие и эффективно урегулировать напряжённую ситуацию. Софты прокачаны. Теперь добавим стикеры для максимального выражения эмоций. Ловите наш новый стикерпак, который поможет сохранять спокойствие в учебные дни 🙌",1138,photo,0,False,[],10844,68,52,,,,,,,,10.0,,,8.0,,,,,1.0,,,,,18.0,,15.0
Education_Yandex,Яндекс Образование,36000,1503,2025-05-21,17:04:57,2025-05-21 17:04:57+00:00,2025-12-01 02:50:17.939329,False,False,True,"Вместе с Ярославом Кравцовым, который руководит студией разработки игр «Мастерская 15», и Анастасией Тмур, менеджером проектов Яндекс Образования, погрузились в виртуальные миры. В карточках рассказываем, какие технологии делают их по-настоящему нереальными 🚀",259,photo,0,False,[],7754,27,50,,,,,,,,9.0,,,,,7.0,,,28.0,,,,,,4.0,2.0
Education_Yandex,Яндекс Образование,36000,1497,2025-05-20,16:12:44,2025-05-20 16:12:44+00:00,2025-12-01 02:50:17.939329,False,False,True,"**Те, кто не боятся думать иначе и менять мир** 🌍 Это мы про сборную России на Международную олимпиаду по ИИ. Позади — 4 месяца изучения ML, решения задач по CV и языковым моделям. Впереди — долгожданная встреча в Пекине, куда отправятся 8 сильнейших, 5 из которых — студенты Яндекс Лицея. Ребята поделились своими мыслями в карточках ⬆️ Сейчас ребят ждут очные сборы с экспертами в области искусственного интеллекта и углубленная онлайн-подготовка. 🏆 — на удачу нашим лицеистам!",479,photo,0,False,[],8921,75,174,,,,,,,,116.0,1.0,,,,,,,31.0,,,1.0,,,1.0,43.0
Education_Yandex,Яндекс Образование,36000,1496,2025-05-20,12:20:59,2025-05-20 12:20:59+00:00,2025-12-01 02:50:17.939329,False,False,True,"**Можно ли побывать там, где прежде не удавалось, и возглавить лабораторию ИИ? Легко, если вы в метавселенной.** «Метавселенные — это трёхмерный интернет, в котором мы не потребляем контент, а находимся внутри него», — говорят ребята из Яндекса. Сейчас «новые миры» представлены в основном в видеоиграх. Но компании уже начинают использовать их для работы и обучения. Horizon Workrooms предлагает виртуальные рабочие комнаты, Яндекс Образование воссоздал офис компании в Roblox. Здесь можно не только прогуляться по зданию, но и решить интеллектуальные задачи. Среди активностей — тесты с кнопками и возможность поиграть за ровер Яндекса, доставляющий заказы в Москве и Иннополисе. Попасть в метавселенные на уютных встречах с друзьями пока не получится. Но поиграть в будущее, возглавив ИИ-лабораторию, вы точно сможете. Для этого надо открыть **настольную игру «Визионеры: соверши прорыв в ИИ»** от Яндекс Образования. Каждый игрок возглавляет лабораторию, работающую в области компьютерного зрения, обработки данных, нейронных сетей и других перспективных технологий. Главная цель — совершить открытия, которые могут изменить будущее человечества. Каждая партия как запуск стартапа: успех зависит от вашего выбора, логики и удачи. Найти настолку можно в [Яндекс Музее](https://museum.yandex.ru/product/1972o?utm_source=tg&utm_medium=internal&utm_campaign=visioners&utm_content=19.05) и на маркетплейсах: Ozon, Wildberries и Яндекс Маркет. Хотели бы попробовать себя в роли визионера? ❤️ — Класс, обязательно поиграем с друзьями 🤓 — А как возглавить ИИ-лабораторию в реальности?",1580,photo,1,True,['https://museum.yandex.ru/product/1972o?utm_source=tg&utm_medium=internal&utm_campaign=visioners&utm_content=19.05'],8639,18,50,,3.0,,,,,,,,,,,,,,2.0,8.0,,24.0,,,,13.0
Education_Yandex,Яндекс Образование,36000,1494,2025-05-19,12:26:39,2025-05-19 12:26:39+00:00,2025-12-01 02:50:17.940333,False,False,True,"**Ищем владельца для настольной игры «Визионеры: соверши прорыв в ИИ» **🙏 Мы в Яндекс Образовании выпустили первую игру, где каждый сможет почувствовать себя настоящим создателем лабораторий ИИ. Каждая партия — это симулятор стартапа, где успех зависит от выбора, логики и немного везения. Собирайте «Знания», запускайте «Эксперименты» и делайте «Открытия», стараясь опередить соперников. **Как выиграть?** • Подписаться на каналы @Education_Yandex, @yandexmuseum и @magazin_yandex; • Поделиться публикацией с друзьями; • Нажать «Участвовать» под этим постом. Список победителей: @meowrina @Julia_Ru_77 @tehnopositivist @ambiguous_word @imjoju 🏆 — поздравляем!",660,photo,0,False,[],14891,138,127,,14.0,,,,,,89.0,,,3.0,,,,,5.0,,,,4.0,,10.0,2.0
Education_Yandex,Яндекс Образование,36000,1490,2025-05-18,11:29:17,2025-05-18 11:29:17+00:00,2025-12-01 02:50:17.940333,False,False,True,,0,document,0,False,[],10100,7,126,,,,6.0,,,2.0,,13.0,,,,,,,7.0,,,11.0,84.0,,1.0,2.0
Education_Yandex,Яндекс Образование,36000,1489,2025-05-17,09:04:56,2025-05-17 09:04:56+00:00,2025-12-01 02:50:17.940333,False,False,True,"**Бум 💥 И это премьера 8БИТ на Кинопоиске!** Роботы, Алиса и умный дом — эпизоды легендарного феста о том, где и чему учиться, чтобы присоединиться к созданию технологий. Берите попкорн, друзей и включайте [сериал о будущем](https://www.kinopoisk.ru/series/7666585/).",267,document,1,True,['https://www.kinopoisk.ru/series/7666585/'],10657,19,54,,,,,,,,,,,16.0,,,,,4.0,,,,,,,40.0
Education_Yandex,Яндекс Образование,36000,1488,2025-05-16,15:16:03,2025-05-16 15:16:03+00:00,2025-12-01 02:50:17.940333,False,False,True,"Эксперты из бигтеха, мировое научное сообщество и доступ к передовым технологиям — на AI360 собрали всё, чтобы студенты могли построить карьеру мечты. И главное — абсолютно бесплатно. Яндекс, Сбер, ИТМО, НИУ ВШЭ, МФТИ, СПбГУ и Университет Иннополис объединились и создали AI360 — пять образовательных программ, ориентированных на подготовку специалистов нового поколения. Здесь соединены фундаментальная академическая глубина и передовая индустриальная практика, чтобы выпускники смогли разрабатывать современные подходы в области искусственного интеллекта. На каждой образовательной программе ждут: ✨ стипендии и гранты на инфраструктурные и вычислительные мощности; ✨ оплачиваемые стажировки и участие в международных конференциях уровня A и A*; ✨ командная работа над реальными задачами от Яндекса и Сбера; ✨ межвузовские модули и научно-исследовательские семинары в 5 ведущих вузах и 2 крупнейших IT-корпорациях страны. Если хотите стать частью большого IT-комьюнити, изучить программы можно по [ссылке.](https://360-ai.ru/?utm_source=tg&utm_medium=internal&utm_campaign=ai360_2025&utm_content=16.05) 🏆 — если уже представили себя среди студентов!",1151,photo,1,True,['https://360-ai.ru/?utm_source=tg&utm_medium=internal&utm_campaign=ai360_2025&utm_content=16.05'],10593,78,65,,,,,,,,34.0,,,2.0,,3.0,,,3.0,,,4.0,,,10.0,9.0
Education_Yandex,Яндекс Образование,36000,1487,2025-05-15,16:06:26,2025-05-15 16:06:26+00:00,2025-12-01 02:50:17.941338,False,False,True,"**Когда всё** **напоминает о студкемпе** ⬆️ Уже в июле мы встретимся в Новосибирске на [Студкемпе по NLP,](https://education.yandex.ru/studcamp-ngu?utm_source=tg&utm_medium=internal&utm_campaign=studcampngu-2025&utm_content=15.05) чтобы погрузиться в технологии с классным комьюнити. **Что будет?** От развития методов на базе трансформеров до свёрточных сетей — вас ждут лекции от ведущих разработчиков NLP-систем и академических исследователей. А ещё, много практики, активности и беседы в кругу единомышленников 🙏 **Как попасть? ** Принять участие могут студенты старших курсов российских вузов: нужно зарегистрироваться на сайте, пройти отбор и собеседование. Двухнедельный интенсив бесплатный, а проезд и проживание — за счёт Яндекса. Узнать подробнее о летнем кемпе мечты можно по [ссылке.](https://education.yandex.ru/studcamp-ngu?utm_source=tg&utm_medium=internal&utm_campaign=studcampngu-2025&utm_content=15.05) 🦄 — если загорелись целью попасть на студкемп",966,document,1,True,['https://education.yandex.ru/studcamp-ngu?utm_source=tg&utm_medium=internal&utm_campaign=studcampngu-2025&utm_content=15.05'],10840,32,65,,,,,,,,,9.0,,1.0,,1.0,,,3.0,,,,,,36.0,27.0
Education_Yandex,Яндекс Образование,36000,1486,2025-05-12,16:12:52,2025-05-12 16:12:52+00:00,2025-12-01 02:50:17.941338,False,False,True,,0,document,0,False,[],12054,5,20,,,,,,,,,3.0,,,,,,,4.0,,,1.0,9.0,3.0,,0.0
Education_Yandex,Яндекс Образование,36000,1484,2025-05-12,15:45:03,2025-05-12 15:45:03+00:00,2025-12-01 02:50:17.941338,False,False,True,,0,document,0,False,[],12269,4,17,,,,,,,,,4.0,,,,,,,13.0,,,,,,,0.0
Education_Yandex,Яндекс Образование,36000,1483,2025-05-12,15:45:03,2025-05-12 15:45:03+00:00,2025-12-01 02:50:17.941338,False,False,True,,0,document,0,False,[],11893,5,22,,,,2.0,,,,,3.0,,1.0,,,,,16.0,,,,,,,0.0
Education_Yandex,Яндекс Образование,36000,1482,2025-05-12,15:45:03,2025-05-12 15:45:03+00:00,2025-12-01 02:50:17.941338,False,False,False,"Представьте: вам дали домашнее задание создать игру про взятие Бастилии в метавселенной. Звучит круто, правда? А для Ярослава Кравцова, СЕО студии разработки игр на Роблокс «Мастерская 15», это обычные будни! Поговорили с ним о том, какие задачи можно решать в метавселенных, кто теперь выступает в роли преподавателя и что за новые вызовы ждут студентов. Смотрим и шлём огонёчки Ярославу 🔥",390,,0,False,[],11275,10,22,,,,,,,,,,,3.0,,,,,16.0,,,,,,,3.0
Education_Yandex,Яндекс Образование,36000,1481,2025-05-12,14:57:23,2025-05-12 14:57:23+00:00,2025-12-01 02:50:17.941844,False,False,True,"**Баттл вузов через два дня ****⚡** Готовы проверить свои силы и показать, на что способны? Подключайтесь к первому онлайн-этапу: решайте задачи, набирайте баллы и проходите в следующий тур! **Напомним, что на кону** 💫 1 000 000 рублей, 💫 кубок Young&&Yandex, 💫 умные устройства для 30 лучших участников. Зарегистрироваться и стать легендой вуза можно по [ссылке](https://yandex.ru/yaintern/universitybattle?utm_source=tg&utm_medium=internal&utm_campaign=unibattle&utm_content=12.05) до 20 мая. Познакомиться с условиями турнира — [здесь](https://t.me/Education_Yandex/1449).",575,photo,2,True,"['https://t.me/Education_Yandex/1449', 'https://yandex.ru/yaintern/universitybattle?utm_source=tg&utm_medium=internal&utm_campaign=unibattle&utm_content=12.05']",11070,27,41,,,,,,,,,,,10.0,,,,,22.0,,,,,,,9.0
Education_Yandex,Яндекс Образование,36000,1480,2025-05-11,17:32:50,2025-05-11 17:32:50+00:00,2025-12-01 02:50:17.941844,False,False,True,"**В чём правда: в алгоритмах или в чувствах?** Об этом поговорим на паблик-токе 🔍 Мы создаём нейросети — они меняют нас, влияют на то, как мы учимся, творим и думаем. Инструменты или соавторы? Это исследовали 11 художников арт-лаборатории Яндекса и Третьяковской галереи. [Выставка](https://ya.ru/project/humanai) «Человек и нейросети: кто кого создаёт?» — результат их поиска. В рамках этой экспозиции эксперты в психологии, нейробиологии, искусстве и технологиях обсудят, как ИИ трансформирует наше восприятие и открывает новые горизонты в обучении и творчестве. А студенты Яндекс Образования проведут экскурсию по выставке для участников программы лояльности «Друзья Третьяковской галереи» и расскажут о нейросетях. **О чём будем говорить?** 1️⃣ Что происходит с нашими когнитивными процессами, когда мы сталкиваемся с ИИ-продуктом? 2️⃣ Как меняется искусство под влиянием нейросетей? 3️⃣ Что под собой подразумевает «боязнь ИИ»? Встречу будет модерировать **Андрей Себрант**, директор по стратегическому маркетингу в Яндексе и настоящий технооптимист. **Собираемся 15 мая, в 19:30 в Третьяковской галерее на Крымском Валу.** А на встречу регистрируемся [по ссылке](https://forms.yandex.ru/surveys/13747633.41ef70ba9cc687ae67be28ca2e21e4127d314966/?utm_campaign=humanai&utm_content=11.05&utm_medium=internal&utm_source=instagram)[.](https://ya.ru/project/humanai) ⚡️ — если уже знаете, с кем придёте к нам на паблик-ток",1422,photo,2,True,"['https://ya.ru/project/humanai', 'https://forms.yandex.ru/surveys/13747633.41ef70ba9cc687ae67be28ca2e21e4127d314966/?utm_campaign=humanai&utm_content=11.05&utm_medium=internal&utm_source=instagram']",12443,55,46,,10.0,,,,,1.0,,,,2.0,,,,,1.0,6.0,,,,1.0,1.0,24.0
Education_Yandex,Яндекс Образование,36000,1475,2025-05-10,18:35:26,2025-05-10 18:35:26+00:00,2025-12-01 02:50:17.941844,False,False,True,"**Alisa, how do I make shashlik? ** От разговоров на английском до режима «Рассуждать» — в карточках рассказываем о большом обновлении Алисы.",141,photo,0,False,[],9175,48,87,,,,2.0,,,,,2.0,,6.0,,2.0,,,6.0,11.0,,1.0,3.0,,,97.0
Education_Yandex,Яндекс Образование,36000,1474,2025-05-08,16:34:48,2025-05-08 16:34:48+00:00,2025-12-01 02:50:17.941844,False,False,True,"**Один студкемп вам или два другому? Спойлер: всем, кто хочет учиться NLP! ** 14 июля стартует бесплатный очный двухнедельный интенсив по NLP на базе НГУ. Для участия необходимо зарегистрироваться на сайте, пройти отборочный контест и собеседование. Если вы не из Новосибирска, без паники: Яндекс оплачивает дорогу и проживание 👌 **Что ждёт участников?** ✳️ Командные проекты и общение со специалистами из индустрии. ✳️ Работа с моделями Яндекса вроде YandexGPT и актуальными opensource-решениями, такими как Qwen. ✳️ Лекции и семинары от разработчиков NLP-систем и академических исследователей. ✳️ Этическая составляющая как анализ галлюцинаций, защита от jailbreak-атак и т.п. ✳️ Разбор трансформеров от базовой архитектуры до робастного обучения IRM и комбинации с внешними источниками знаний RAG. ✳️ Акцент на многоязычность и устойчивость NLP-моделей. А студенты третьего и выпускного курсов могут пройти собеседование и поступить на магистратуру ПМОиБД ММФ НГУ. Подать заявку на участие в студкемпе можно [здесь](https://education.yandex.ru/studcamp-ngu?utm_source=tg&utm_medium=internal&utm_campaign=studcampngu-2025&utm_content=08.05). 🔥 — если перешли по ссылке подавать заявку",1186,photo,1,True,['https://education.yandex.ru/studcamp-ngu?utm_source=tg&utm_medium=internal&utm_campaign=studcampngu-2025&utm_content=08.05'],13958,132,82,,,,,,,,,,,3.0,,2.0,,,32.0,,,,,11.0,2.0,32.0
Education_Yandex,Яндекс Образование,36000,1473,2025-05-07,15:48:12,2025-05-07 15:48:12+00:00,2025-12-01 02:50:17.941844,False,True,True,[ОПРОС] Опрос,13,other,0,False,[],11060,10,32,,8.0,,,,,,6.0,,,,,,,,,,,,,,18.0,0.0
Education_Yandex,Яндекс Образование,36000,1472,2025-05-07,15:47:55,2025-05-07 15:47:55+00:00,2025-12-01 02:50:17.942852,False,False,True,"Учебные дела — на стоп: решаем задачу с майскими праздниками. На больших выходных хочется успеть всё: встретиться с друзьями, провести время с семьёй, узнать что-то новое. А главное — не перегрузить себя. **Вот и уравнение на оптимизацию времени** 🧮 Представьте: у вас 7 дел на 3 дня. Как лучше распределить их, чтобы не утомиться, а почувствовать гармонию и продуктивность? Выбирайте свой вариант в опросе ⬇️",409,photo,0,False,[],10308,8,38,,5.0,,,,,,3.0,,,1.0,,,,,18.0,,,,,,1.0,18.0
Education_Yandex,Яндекс Образование,36000,1471,2025-05-06,16:44:49,2025-05-06 16:44:49+00:00,2025-12-01 02:50:17.942852,False,False,True,"На выходных появляется то редкое время, когда можно наконец зайти в папку «посмотреть позже». По секрету: у нас такая тоже есть. Хотите покажем? 👀 Собрали свежие подкасты о технологиях и образовательных трендах, чтобы не терять вдохновения на смелые идеи. Приятного прослушивания 🎧 1️⃣ [Что умеет YandexGPT 5?](https://vk.com/video-11283947_456241254) — в подкасте yet another podcast обсуждают, чем пятое поколение YandexGPT отличается от предыдущих версий и как оно поселилось в Алисе. А также новости индустрии: успех китайской DeepSeek и тренд на ИИ-агентов. 2️⃣ [В чём прикол стажировок в Яндексе?](https://vk.com/video-11283947_456241242) — в выпуске говорят о том, зачем Яндексу так много стажёров и какие задачи их ждут. В качестве приглашённого гостя — Катя Денисова, экс-стажёр Яндекса, которая сейчас работает инженером-электронщиком в команде умных устройств. 3️⃣ [Чем на самом деле занимается DevRel?](https://vk.com/video-69306530_456239965) — новый выпуск подкаста «Уютный ФКНчик». Ребята рассказывают, чем DevRel отличается от HR и маркетинга, как устроена DevRel-индустрия в России и за рубежом, а также делятся, какие навыки нужны для успешной карьеры. 4️⃣ [Креатива больше, когда денег нет?](https://music.yandex.ru/album/9502810?utm_medium=copy_link) — подкаст «ПИЛИМ, ТРЁМ» об историях из жизни разработчиков игр. В выпуске ребята поговорили про креатив в условиях ограниченных ресурсов, о том, как меняется индустрия и к чему должны быть готовы разработчики. 5️⃣ [Прогнозирование погоды](https://music.yandex.ru/album/7570122?utm_medium=copy_link) — Александр Ганьшин, руководитель Яндекс Погоды, рассказывает о развитии методов прогнозирования, современных пайплайнах сбора и обработки данных и о том, как на данных о погоде строить бизнес. Всё это в Podlodka — еженедельном аудио-шоу про IT. ❤️ — если теперь знаете, чем займётесь на выходных",1866,document,5,True,"['https://vk.com/video-11283947_456241254', 'https://vk.com/video-69306530_456239965', 'https://vk.com/video-11283947_456241242', 'https://music.yandex.ru/album/9502810?utm_medium=copy_link', 'https://music.yandex.ru/album/7570122?utm_medium=copy_link']",10183,49,52,,,,,,,,,,,4.0,,,,,14.0,3.0,,,,,10.0,21.0
Education_Yandex,Яндекс Образование,36000,1466,2025-05-02,17:13:23,2025-05-02 17:13:23+00:00,2025-12-01 02:50:17.942852,False,False,True,"Учёба ещё не началась, а уже хочется разрабатывать решения для будущих технологий? 🔻 Мы собрали [программы вузов для поступления](https://education.yandex.ru/university2025?utm_source=tg&utm_medium=internal&utm_campaign=universities2025&utm_content=02.05) в этом году, которые объединяют знания и практику, топовые университеты и сервисы Яндекса. Смотрите в карточках, куда поступать, и голосуйте за свой выбор. ❤️ — аспирантура 😍 — магистратура",445,photo,1,True,['https://education.yandex.ru/university2025?utm_source=tg&utm_medium=internal&utm_campaign=universities2025&utm_content=02.05'],10697,28,100,,,,,,,,,,,2.0,,,,,1.0,53.0,,,,,,56.0
Education_Yandex,Яндекс Образование,36000,1465,2025-05-01,16:15:50,2025-05-01 16:15:50+00:00,2025-12-01 02:50:17.943857,False,False,True,"Знаете, как устроены данные, но ещё не умеете ими управлять и превращать цифры в работающие сервисы? Если это про вас — рассказываем про **двухнедельный студкемп по теме «Управление данными» в ИТМО**. **С 30 июня по 12 июля в Санкт-Петербурге** узнаём детали архитектуры и даём рекомендации по использованию уникальных решений Яндекса для работы с большими данными из первых рук. Что входит в программу интенсива? 🚀 Неделя базовой подготовки: знания и навыки по системам распределённого хранения данных, разработке решений с микросервисной архитектурой, использованию инструментов анализа данных. 🚀 Неделя специализации: MLOps/DataOps, сбор данных и их визуализация, инструменты быстрой разработки web-приложений. 🚀 Лекции с упором на практику, альтернативные треки под ваш уровень базы, менторинг от преподавателей и практиков Яндекса. 🚀 Коворкинги, мероприятия и закрытие кемпа в формате ITMO Family Day. Для участников из других городов мы оплачиваем дорогу и проживание. Чтобы стать частью ITMO Family, вам нужно пройти 2 этапа отбора: контекст и собеседование. **Регистрация продлится до 4 мая. Подать заявку можно **[здесь](https://education.yandex.ru/studcamp-itmo2025?utm_source=tg&utm_medium=internal&utm_campaign=studcampitmo-2025&utm_content=01.05).",1260,document,1,True,['https://education.yandex.ru/studcamp-itmo2025?utm_source=tg&utm_medium=internal&utm_campaign=studcampitmo-2025&utm_content=01.05'],10370,43,49,,,,,,,,,9.0,,11.0,,,,,9.0,,,,,,,23.0
Education_Yandex,Яндекс Образование,36000,1464,2025-04-30,16:06:22,2025-04-30 16:06:22+00:00,2025-12-01 02:50:17.943857,False,False,True,"**От бакалавриата до аспирантуры: какие программы Яндекс Образования есть в вузах? ** Яндекс Образование сотрудничает с ведущими университетами страны: ИТМО, СПбГУ, ВШЭ, Университет Иннополис, МФТИ, Университет Лобачевского, Уральский федеральный университет, НГУ, МИФИ и ЕУСПб. Совместные программы предоставляют возможность работать над реальными проектами с экспертами крупных компаний, получать доступ к технологиям сервисов Яндекса и перенять опыт создания продуктов, которыми пользуются миллионы людей. Рассказываем о трёх доменных областях наших программ ⬇️ **Машинное обучение и ИИ** для тех, кто хочет разрабатывать инновационные проекты и сервисы, используя искусственный интеллект. Образовательный трек сфокусирован на: - изучении математического анализа, алгоритмов и структур данных - освоении MLOps - разработке решений в генеративных технологиях - работе с большими языковыми моделями - проектировании в области компьютерного зрения и автономных систем **Программная инженерия** для тех, кто стремится создавать мощные сервисы и приложения. Обучение основано на реальных задачах и опыте создания продуктов Яндекса. Программы включают: - изучение ML, обработку и хранение данных - проектирование алгоритмов и архитектуры программных систем - конструирование ПО - промышленное программирование на C++ - Unix и скриптовые языки - анализ данных в Python - разработку приложений для iOS и Android и веб-приложений на PHP **Прикладной анализ данных** для тех, кто хочет интегрировать современные технологии в исследования общественных и гуманитарных наук и маркетинг. Обучение включает: - изучение высшей математики и статистики - программирование на Python - программирование на R - обучение генеративных моделей ИИ для маркетинга и генерации текстов - рекламные технологии и автоматизацию маркетинга - Unit-экономику IT продукта - управление продуктом и РММ [Узнавайте подробнее](https://education.yandex.ru/university2025?utm_source=tg&utm_medium=internal&utm_campaign=universities2025&utm_content=30.04) о программах обучения и университетах — и увидимся на парах 👍",2078,photo,1,True,['https://education.yandex.ru/university2025?utm_source=tg&utm_medium=internal&utm_campaign=universities2025&utm_content=30.04'],9193,61,50,,18.0,,,,,,,10.0,,13.0,,,,,4.0,,,,,,1.0,4.0
Education_Yandex,Яндекс Образование,36000,1462,2025-04-29,16:27:53,2025-04-29 16:27:53+00:00,2025-12-01 02:50:17.943857,False,False,True,,0,document,0,False,[],8393,7,62,,3.0,,,,,,,,,14.0,,,,,16.0,,,,,,,58.0
Education_Yandex,Яндекс Образование,36000,1457,2025-04-29,16:27:19,2025-04-29 16:27:19+00:00,2025-12-01 02:50:17.943857,False,False,True,"ШАД — не только про крепкий фундамент в обучении. Это место, где учат мыслить нестандартно и масштабно. Вокруг собирается комьюнити таких же увлечённых людей, готовых бросать вызов данности. Задали пару вопросов Дмитрию Матюку, комьюнити-менеджеру ШАД, про внеучебную жизнь и сообщество шадовцев — делимся его мыслями в карточках ⬆️ Если вы тоже хотите стать частью сообщества ШАД, начните с лимитированной футболки, которую мы сделали вместе с Яндекс Музеем. Приобрести можно в [офлайн-магазине Яндекса](https://museum.yandex.ru/product/2024w) и на маркетплейсах. А присоединиться к легендарной программе обучения можно [по ссылке](https://shad.yandex.ru/enroll?utm_source=tg&utm_medium=internal&utm_campaign=shad2025&utm_content=29.04). Набор открыт до 4 мая. Будет сложно, но оно того стоит 💎",795,photo,2,True,"['https://shad.yandex.ru/enroll?utm_source=tg&utm_medium=internal&utm_campaign=shad2025&utm_content=29.04', 'https://museum.yandex.ru/product/2024w']",7120,36,46,,,,,,,,,,,8.0,,,,,6.0,,,,1.0,,15.0,16.0
Education_Yandex,Яндекс Образование,36000,1456,2025-04-28,14:18:03,2025-04-28 14:18:03+00:00,2025-12-01 02:50:17.944865,False,False,True,"**Вам когда-нибудь хотелось создать свою нейросеть? Теперь ещё больше возможностей изучать ИИ бесплатно: к AI360 присоединился СПбГУ** 🙏 Яндекс и Сбер объединили усилия с ведущими университетами страны, создав [AI360](https://360-ai.ru/?utm_source=tg&utm_medium=internal&utm_campaign=ai360_2025&utm_content=28.04) — программу для тех, кто хочет разрабатывать новые модели и решения в сфере ИИ-технологий. А в этом году к четырём ведущим вузам присоединился СПбГУ с программой [«AI360: Математика машинного обучения»](https://spbu.ru/postupayushchim/programms/bakalavriat/ai360-matematika-mashinnogo-obucheniya). **Что это значит?** 🔻 В 1,5 раза больше бюджетных мест 🔻 Возможность работать над реальными задачами Яндекса и Сбера 🔻 Изучение лучших мировых практик в сфере ИИ в 5 ведущих вузах страны 🔻 Участие в международных конференциях уровней А и А* Обучение на программах [AI360](https://360-ai.ru/?utm_source=tg&utm_medium=internal&utm_campaign=ai360_2025&utm_content=28.04#program) полностью бесплатное. **В каких университетах ещё есть AI360?** ➡️ Высшая школа экономики ➡️ ИТМО ➡️ МФТИ ➡️ Университет Иннополис **Какие сроки подачи?** Последний день приёма заявок — 25 июля. Смотрите полное описание программ на [сайте](https://360-ai.ru/?utm_source=tg&utm_medium=internal&utm_campaign=ai360_2025&utm_content=28.04#program) и делитесь этим постом с другом. Возможно именно вы создадите технологии, которые изменят всю индустрию 🙃",1437,photo,3,True,"['https://360-ai.ru/?utm_source=tg&utm_medium=internal&utm_campaign=ai360_2025&utm_content=28.04', 'https://360-ai.ru/?utm_source=tg&utm_medium=internal&utm_campaign=ai360_2025&utm_content=28.04#program', 'https://spbu.ru/postupayushchim/programms/bakalavriat/ai360-matematika-mashinnogo-obucheniya']",8555,96,67,,,,,,,,2.0,2.0,,3.0,,,,,4.0,10.0,,29.0,,,,17.0
Education_Yandex,Яндекс Образование,36000,1455,2025-04-25,16:10:05,2025-04-25 16:10:05+00:00,2025-12-01 02:50:17.944865,False,False,True,,0,document,0,False,[],8561,8,45,,7.0,,,,,,,,,,,,,,12.0,,,3.0,,,,23.0
Education_Yandex,Яндекс Образование,36000,1454,2025-04-25,16:10:04,2025-04-25 16:10:04+00:00,2025-12-01 02:50:17.944865,False,False,True,,0,document,0,False,[],8513,3,38,,,,,,,,,,,9.0,,,,,7.0,,,,1.0,,,21.0
Education_Yandex,Яндекс Образование,36000,1453,2025-04-25,16:10:04,2025-04-25 16:10:04+00:00,2025-12-01 02:50:17.944865,False,False,True,,0,document,0,False,[],8861,3,39,,,,,,,,,,,,,,,,9.0,,,,1.0,,,32.0
Education_Yandex,Яндекс Образование,36000,1452,2025-04-25,16:09:40,2025-04-25 16:09:40+00:00,2025-12-01 02:50:17.944865,False,False,True,"Не просто «куда поступить», а «кем стать» — вот что решают в ШАД.** **Преподаватели рассказали в кружках, с какими задачами вы столкнётесь на практике и как выбрать путь, в котором сможете раскрыть свои способности. Готовы сделать шаг к своей будущей профессии? Подавайте [заявку](https://shad.yandex.ru/special_graduates?utm_source=tg&utm_medium=internal&utm_campaign=shad2025&utm_content=25.04) до 4 мая.",406,photo,1,True,['https://shad.yandex.ru/special_graduates?utm_source=tg&utm_medium=internal&utm_campaign=shad2025&utm_content=25.04'],8570,18,34,,,,,,,,,,,,,,,,10.0,18.0,,,,,4.0,2.0
Education_Yandex,Яндекс Образование,36000,1451,2025-04-25,08:48:47,2025-04-25 08:48:47+00:00,2025-12-01 02:50:17.944865,False,False,True,"**YOUNG CON — фестиваль, где технологии обретают голос, а карьера — направление** 🚀 25 июня Яндекс собирает 8 000 участников в Live Арене: школьников, студентов, начинающих специалистов и тех, кто уже работает в IT. Один большой день, чтобы найти ответ на вопрос «А что дальше?» и наметить собственный маршрут в индустрии. **Что будет на фестивале?** 🙏 20+ экспертов Яндекса расскажут, как создаются технологии будущего: от нейросетей до автономного транспорта 🙏 100+ карьерных консультаций и 200+ пробных собеседований, чтобы потренироваться без стресса, и даже возможность получить заветный оффер 🙏 Воркшопы и нетворкинг с теми, кто создаёт технологичные продукты для миллионов 🙏 Финал «Баттла вузов» — победитель увезёт с собой 1 000 000 рублей 🙏 Образовательные зоны ведущих вузов — чтобы понять, как фундаментальные знания смогут помочь карьере А ещё квесты, мерч Яндекса, еда от Лавки и 12 часов фестивального ритма. Участие бесплатное, а регистрация уже [открыта.](https://yandex.ru/youngcon?utm_source=telegram&utm_medium=internal&utm_campaign=youngcon&utm_content=yy&utm_term=2404-mainpost-yaeducation) Подписывайтесь на [канал YOUNG CON,](https://t.me/YoungCon25) чтобы первыми узнавать о хедлайнерах и новых активностях.",1231,photo,2,True,"['https://yandex.ru/youngcon?utm_source=telegram&utm_medium=internal&utm_campaign=youngcon&utm_content=yy&utm_term=2404-mainpost-yaeducation', 'https://t.me/YoungCon25']",8931,99,57,,,,,,,,,,,7.0,,,,,26.0,10.0,,,,,9.0,5.0
Education_Yandex,Яндекс Образование,36000,1450,2025-04-24,08:52:28,2025-04-24 08:52:28+00:00,2025-12-01 02:50:17.944865,False,False,True,"**Лето, Питер и вы в мире, где управляете Big Data как специалист Яндекса** Нет, это не сон. Это студкемп в ИТМО 🙏 Бесплатный очный двухнедельный интенсив в Санкт-Петербурге для студентов старших курсов бакалавриата или специалитета российских вузов: ➡️ изучающих Сomputer Science ➡️ интересующихся ИИ и математикой ➡️ знающих Python, С++ или Java, базовый ML/DL, линейную алгебру и математическую статистику Это второй из шести кемпов 2025 года. В этот раз мы погружаемся в тему **«Управление данными»**. Что вы получите 👇 ✔️ Освоите базовые навыки в распределённом хранении информации, микросервисной архитектуре и инструментах анализа данных ✔️ Углубите знания в DataOps/MLOps ✔️ Познакомитесь с инструментами сбора и визуализации данных ✔️ Поработаете над реальными кейсами и получите рекомендации от разработчиков ✔️ Узнаете, как работают уникальные решения Яндекса для работы с big data ✔️ Станете частью ITMO Family и попадёте на ITMO Family Day **Как попасть на студкемп в ИТМО?** 1️⃣ Зарегистрироваться на [сайте](https://education.yandex.ru/studcamp-itmo2025?utm_source=tg&utm_medium=internal&utm_campaign=studcampitmo-2025&utm_content=24.04) до 4 мая 2️⃣ Пройти отборочный контест и собеседование 3️⃣ Поехать в Санкт-Петербург, а дорогу и проживание оплатит Яндекс Образование Готовы прокачать навыки с экспертами Яндекса? 🦄 — да, бегу заполнять анкету! ❤️ — конечно, ещё и друзей беру с собой",1404,photo,1,True,['https://education.yandex.ru/studcamp-itmo2025?utm_source=tg&utm_medium=internal&utm_campaign=studcampitmo-2025&utm_content=24.04'],8360,118,66,,,,,,,,,,,,,,,,10.0,,,,1.0,,19.0,36.0
Education_Yandex,Яндекс Образование,36000,1449,2025-04-23,07:28:12,2025-04-23 07:28:12+00:00,2025-12-01 02:50:17.946375,False,False,True,"**Реши задачи быстрее всех и получи 1 000 000 рублей на Баттле вузов** 🏆 Турнир по программированию для тех, у кого есть страсть к кодингу: студенты, выпускники вузов и абитуриенты. Неважно, сколько у вас опыта, участвовать можно и с базовыми знаниями в алгоритмах. Задачи будут несложные, но интересные. Вы получите летний буст скилов, впечатлений и призов. **Что на кону? ** ✳️ 1 000 000 рублей ✳️ Кубок Young&&Yandex ✳️ Набор умных устройств для топ-30 финалистов Баттл пройдёт на платформе [Codebattle.](https://codebattle.hexlet.io/?utm_source=tg&utm_medium=internal&utm_campaign=unibattle&utm_content=23.04) А 200 лучших участников попадут в финал на фестивале YOUNG CON в Москве. **Первый онлайн-этап стартует 14 мая**. Зарегистрироваться и побороться за звание легенды вуза можно по [ссылке.](https://yandex.ru/yaintern/universitybattle?utm_source=tg&utm_medium=internal&utm_campaign=unibattle&utm_content=23.04) 🏆 — форма регистрации уже заполнена! 🤓 — пойду читать условия и регистрироваться",1001,photo,2,True,"['https://yandex.ru/yaintern/universitybattle?utm_source=tg&utm_medium=internal&utm_campaign=unibattle&utm_content=23.04', 'https://codebattle.hexlet.io/?utm_source=tg&utm_medium=internal&utm_campaign=unibattle&utm_content=23.04']",8442,90,70,,,,1.0,,,,26.0,,,2.0,,2.0,,,17.0,,,7.0,,1.0,,14.0
Education_Yandex,Яндекс Образование,36000,1444,2025-04-22,16:11:35,2025-04-22 16:11:35+00:00,2025-12-01 02:50:17.946375,False,False,True,"День Земли — отличный повод поговорить о том, как технологии работают на благо природы 🌎 Артём Нургалиев, выпускник Школы анализа данных Яндекса, вместе с командой Yandex Cloud разработал нейросеть «Чистый берег», которая определяет объём, массу и виды мусора на побережьях водоёмов, чтобы помочь волонтёрам в очистке труднодоступных берегов. **Благодаря проекту уборку пяти тонн отходов удалось провести в четыре раза быстрее.** Как всё устроено изнутри — Артём рассказал в карточках. Если вы тоже хотите решать важные задачи с помощью технологий — сейчас идёт набор [в ШАД](https://shad.yandex.ru/bigdwhweek?utm_source=tg&utm_medium=internal&utm_campaign=bigdwhweek2025&utm_content=22.04). Здесь готовят специалистов, которые создают решения для будущего 🚀",758,photo,1,True,['https://shad.yandex.ru/bigdwhweek?utm_source=tg&utm_medium=internal&utm_campaign=bigdwhweek2025&utm_content=22.04'],7213,13,43,,,,,,,9.0,,,,9.0,,,,,2.0,,,,,,,46.0
Education_Yandex,Яндекс Образование,36000,1438,2025-04-21,15:47:45,2025-04-21 15:47:45+00:00,2025-12-01 02:50:17.946375,False,False,True,"**Яндекс и ведущие университеты страны запустили приёмные кампании** 🎓 Стартовали приёмные кампании на все уровни — от бакалавриата до аспирантуры — в ключевых направлениях: машинное обучение и искусственный интеллект, анализ данных, программная инженерия. Это не просто учебные программы — это шанс учиться у практиков и быть в центре технологических изменений. В этом году мы открыли два новых направления — для тех, кто хочет развиваться в самых актуальных и востребованных областях. 🧑‍🏫 **Магистратура «Искусственный интеллект в робототехнике» в Сколтехе.** Она рассчитана на выпускников технических направлений и разработчиков, которые хотят углубиться в робототехнику, ИИ и промышленную автоматизацию. Вы научитесь интегрировать AI- и ML-модели в железо, проектировать роботизированные платформы и решать нестандартные задачи на стыке искусственного интеллекта и робототехники. 🧑‍🏫 **Программа «Аппаратная разработка умных устройств» в НИУ ВШЭ и МФТИ.** Здесь вы будете разрабатывать электронику и её «начинку», создавать прототипы устройств, которые затем могут попасть в серийное производство, а также работать с технологиями Яндекса — умными колонками и ТВ-Станциями. Если хотите создавать новые технологии и учиться у экспертов индустрии — переходите [на сайт](https://education.yandex.ru/university2025?utm_source=tg&utm_medium=internal&utm_campaign=universities2025&utm_content=21.04) и выбирайте программу.",1419,photo,1,True,['https://education.yandex.ru/university2025?utm_source=tg&utm_medium=internal&utm_campaign=universities2025&utm_content=21.04'],8192,41,49,,,,,,,6.0,11.0,13.0,,8.0,,,,,3.0,1.0,,,,,7.0,0.0
Education_Yandex,Яндекс Образование,36000,1437,2025-04-21,14:47:22,2025-04-21 14:47:22+00:00,2025-12-01 02:50:17.947400,False,False,True,"**Как работать с Big Data?** **Рассказывают специалисты Яндекса на бесплатном интенсиве ШАД **[**Big DWH Week**](https://shad.yandex.ru/bigdwhweek?utm_source=tg&utm_medium=internal&utm_campaign=bigdwhweek2025&utm_content=21.04) 🔍 Когда все данные мира хочется разложить по полочкам, на помощь приходит YTsaurus — платформа Яндекса для распределённого хранения и обработки больших данных. Её применяют многие сервисы: от Такси до Маркета. **Знакомимся с ней на интенсиве, который стартует сегодня.** В течение 5 дней вас ждут: ➡️ 8 онлайн-занятий ➡️ Q&A сессия ➡️ итоговое задание ➡️ сертификат — для набравших проходной балл **Для кого? ** ✔️ Студентов технических направлений, которые стремятся решать реальные задачи ✔️ Бэкенд-разработчиков, которые хотят ускорить работу с big data ✔️ Инженеров, которые готовы перейти на новый уровень масштаба объёма данных ✔️ Аналитиков данных, которые хотят перейти от готовых отчётов к глубокому анализу сырых данных Интенсив стартовал уже сегодня, но **присоединиться к нему можно до 25 апреля**. Регистрируйтесь по [ссылке](https://shad.yandex.ru/bigdwhweek?utm_source=tg&utm_medium=internal&utm_campaign=bigdwhweek2025&utm_content=21.04), делитесь этим постом с друзьями — и начинайте прокачиваться в Big Data вместе с экспертами Яндекса и ШАД 🚀",1289,photo,1,True,['https://shad.yandex.ru/bigdwhweek?utm_source=tg&utm_medium=internal&utm_campaign=bigdwhweek2025&utm_content=21.04'],7202,71,30,,,,,,,,,,,7.0,,,,,1.0,,,,,13.0,,9.0
Education_Yandex,Яндекс Образование,36000,1431,2025-04-18,15:25:02,2025-04-18 15:25:02+00:00,2025-12-01 02:50:17.947400,False,False,True,"**Как стать Гуру данных и искусственного интеллекта? ** Можно идти этим путём в одиночку, а можно поступить в ШАД. Найти единомышленников, освоить машинное обучение и программирование и научиться мыслить масштабно 🚀 ШАД в Москве проводит **очные занятия**, где студенты встречаются с преподавателями и однокурсниками, посещают лекции и поддерживают друг друга. А если вы не из Москвы, Школа анализа данных растит комьюнити в 5 городах. Где найти единомышленников? 📍Санкт-Петербург — БЦ «Феррум» 📍Нижний Новгород — БЦ «Лобачевский Plaza» 📍Новосибирск — Академпарк 📍Екатеринбург — БЦ «Палладиум» 📍Минск — БЦ «Rubin Plaza» Подробнее о силе этих мест рассказал Дмитрий Матюк, комьюнити-менеджер ШАДа, а мы делимся в карточках. Набор в ШАД открыт – прямо сейчас можно бросить вызов данности, [заполнив анкету на поступление](https://lk.yandexdataschool.ru/admission2025?utm_source=tg&utm_medium=internal&utm_campaign=shad2025&utm_content=18.04) 🙏",941,photo,1,True,['https://lk.yandexdataschool.ru/admission2025?utm_source=tg&utm_medium=internal&utm_campaign=shad2025&utm_content=18.04'],8277,44,57,,6.0,,,,,,,,,2.0,,,,,14.0,,,,,,3.0,60.0
Education_Yandex,Яндекс Образование,36000,1424,2025-04-16,16:10:53,2025-04-16 16:10:53+00:00,2025-12-01 02:50:17.947400,False,False,True,"**«Обучение и ответственность в эпоху искусственного интеллекта»**: открытая дискуссия [Европейского Университета](http://t.me/euspb) с участием ученых, разработчиков и представителей бизнеса. Кто несёт ответственность за действия ИИ? Является ли это обязанностью разработчиков нейросетей, тех, кто их обучает и развивает, или пользователей? Допускаем ли мы наличие у машины свободы воли и умысла? Кто будет нести ответственность в случае, если ИИ обучит кого-то неверным, предвзятым, вредным или даже опасным знаниям? И это только часть вопросов, касающихся роли искусственного интеллекта в образовании, которые обсудим на дискуссии Европейского Университета уже в эту пятницу. В дискуссии примут участие наши коллеги: ✔️ Александр Крайнов, директор по развитию технологий ИИ в Яндексе; ✔️ Дарья Козлова, директор по образованию в Яндексе и директор по стратегическому развитию ИТМО. **Дискуссия пройдёт 18 апреля в 18:00** на площадке «Сообщество» в Новой Голландии в Санкт-Петербурге. Зарегистрироваться можно по [ссылке.](https://scss.eusp.org/#rec919986067)",1062,photo,2,True,"['http://t.me/euspb', 'https://scss.eusp.org/#rec919986067']",9036,18,41,,8.0,,,,,,,,,2.0,,,,,2.0,,,,,,,38.0
Education_Yandex,Яндекс Образование,36000,1423,2025-04-15,16:10:05,2025-04-15 16:10:05+00:00,2025-12-01 02:50:17.947400,False,False,True,"Не успели посмотреть 8БИТ в прямом эфире? Не страшно — мы всё сохранили 🎥 **Лекции и мастер-классы с фестиваля **[доступны](https://education.yandex.ru/8bit-fest#stream?utm_source=telegram&utm_medium=internal&utm_campaign=8bitfest_2025&utm_content=15.04)** в записи.** Можно пересматривать в своём темпе, учиться новому и делиться ссылкой с друзьями. С какой темы начнёте сегодня? ⚡️ — умные устройства 🦄 — роботы 🏆 — ИИ",420,document,1,True,['https://education.yandex.ru/8bit-fest#stream?utm_source=telegram&utm_medium=internal&utm_campaign=8bitfest_2025&utm_content=15.04'],7924,42,77,,10.0,,3.0,,,,39.0,,,6.0,,,,,2.0,,,,,,16.0,1.0
Education_Yandex,Яндекс Образование,36000,1422,2025-04-14,17:12:29,2025-04-14 17:12:29+00:00,2025-12-01 02:50:17.948406,False,False,True,"**Яндекс Лицей: новый карьерный шаг для преподавателей** Приглашаем на первый **онлайн**-день открытых дверей Яндекс Лицея, где наши будущие преподаватели смогут получить ответы на все вопросы о проекте. **Что вас ждёт?** ✳️ Истории преподавателей и выпускников Лицея. ✳️ Возможность задать вопросы команде проекта и узнать, как стать его частью. ✳️ Обсуждение, как преподавание в Лицее может помочь вам прокачать навыки, получить уникальный опыт и взглянуть на карьеру с новой стороны. **Когда? ** 19 апреля, с 12:00 до 13:00 по Москве. Зарегистрироваться можно [по ссылке](https://forms.yandex.ru/surveys/13736179.2aae36bf73f1803bbfd48c41e68696bd8bb2f676/) до 17 апреля[.](https://forms.yandex.ru/surveys/13736179.2aae36bf73f1803bbfd48c41e68696bd8bb2f676/) Яндекс Лицей — это образовательный проект для школьников и студентов от 13 до 20 лет, где они получают практические навыки в Python и Go, изучают ML, разрабатывают высоконагруженные приложения и обучают нейросети. Через наставничество преподаватели помогают студентам раскрыть свой потенциал и уверенно двигаться в мире технологий. Участвуйте в дне открытых дверей и [**подавайте заявку**](https://lyceum.yandex.ru/newteachers)** на отбор в преподаватели Лицея**[**.**](https://lyceum.yandex.ru/newteachers)** **До встречи 💛",1283,photo,2,True,"['https://lyceum.yandex.ru/newteachers', 'https://forms.yandex.ru/surveys/13736179.2aae36bf73f1803bbfd48c41e68696bd8bb2f676/']",8581,27,36,,6.0,,,,,,,,,6.0,5.0,,,,2.0,1.0,,,,,1.0,15.0
Education_Yandex,Яндекс Образование,36000,1421,2025-04-11,16:10:56,2025-04-11 16:10:56+00:00,2025-12-01 02:50:17.948406,False,False,True,"**Ищете, где почитать об опыте разработчиков, инсайтах о машинном обучении и нейросетях?** 🔄 Тогда делимся подборкой крутых каналов, где яндексоиды помогают оставаться на волне инноваций ⬇️ 1️⃣ @inforetriever — канал Кирилла Хрыльченко, ML-инженера и тимлида команды R&D рекомендаций в Яндексе. Тут вас ждут разборы рекомендательных систем, нейросетей для ранжирования, свежие дайджесты с Arxiv и примеры разработок. 2️⃣ @blog_toxa — Антон руководит командой OCR in VLM в Яндексе, любит говорить об оптимизации, коде, машинном обучении и делиться размышлениями про управление. А если вы питаете слабость к мемам, как и Антон, тогда вам точно сюда. 3️⃣ @asisakov_channel — канал Александра, аналитика Яндекс Лавки. Здесь разбор ML-моделей и их улучшений, много полезного про Python, SQL и подготовку к собеседованиям в Data Science. А иногда Александр устраивает прожарку резюме для всех желающих 🔥 4️⃣ @maltsevprosto — Саша Мальцев, маркетинг-директор Яндекс Браузера, делится реальными кейсами о росте в карьере ИИ-продуктивности. В канале честно про успехи и факапы развития команд, маркетинга и продукта. И, конечно, кейсы по применению нейросетей и фреймворков в работе. 5️⃣ @adarika — Дарья Калашникова рассказывает о жизни инженера-разработчика в Яндексе. От тестирования до бэкэнд роадмапов — польза для джунов, основанная на личном опыте. ⚡ — вау, сохраняю эти каналы себе 🔥 — спасибо, буду читать сегодня",1413,photo,0,False,[],9924,68,85,,37.0,,,,,,,,,15.0,,,,,23.0,,,4.0,,,,12.0
Education_Yandex,Яндекс Образование,36000,1416,2025-04-09,16:04:02,2025-04-09 16:04:02+00:00,2025-12-01 02:50:17.949409,False,False,True,"**10, 9, 8БИТ — фест стартует уже завтра** 🔥 Будем разбираться, как роботы-доставщики ориентируются в городе, разработчики придумывают умения для Алисы и из чего состоит умный дом. Полную программу феста смотрите в карточках ⬆️ Вдохновляйтесь, учитесь и погружайтесь в мир технологий. Подключиться онлайн можно из любого города — регистрируйтесь по [ссылке](https://forms.yandex.ru/surveys/8bit2025/?utm_source=tg&utm_medium=internal&utm_campaign=8bitfest_2025&utm_content=09.04). А еще [присоединяйтесь](https://education.yandex.ru/8bit-fest?utm_source=telegram&utm_medium=internal&utm_campaign=8bitfest_2025&utm_content=09.04) 17 апреля в Университете Иннополис к онлайн-трансляции. Будущее технологий уже рядом — и оно начинается на 8БИТ 🚀",742,photo,2,True,"['https://forms.yandex.ru/surveys/8bit2025/?utm_source=tg&utm_medium=internal&utm_campaign=8bitfest_2025&utm_content=09.04', 'https://education.yandex.ru/8bit-fest?utm_source=telegram&utm_medium=internal&utm_campaign=8bitfest_2025&utm_content=09.04']",8333,24,51,,13.0,,,,,,,,,,,1.0,,,1.0,19.0,,,,,5.0,12.0
Education_Yandex,Яндекс Образование,36000,1415,2025-04-08,16:04:38,2025-04-08 16:04:38+00:00,2025-12-01 02:50:17.949409,False,False,True,"🔻 **Хотите укротить хаос больших данных? Тогда вам на бесплатный онлайн-интенсив ШАДа.** **Big DWH Week** — это 5 дней, за которые вы узнаете о реальных инструментах и методах, применяемых в Big Data. Что вы успеете за 8 занятий? ✔️ Познакомиться с YTsaurus — платформой, которую активно используют в Яндексе — от Такси до Маркета. ✔️ Изучить архитектуру и настройку распределённых систем хранения данных. ✔️ Узнать, как адаптировать YTsaurus под свои задачи и начать применять его в проектах. Регистрация открыта до 25 апреля. Участвовать могут все, но особенно интересно будет студентам технических направлений, начинающим разработчикам и тем, кто уже работает с данными. По итогам интенсива есть возможность получить сертификат о прохождении. Переходите по [ссылке](https://shad.yandex.ru/bigdwhweek?utm_source=tg&utm_medium=internal&utm_campaign=bigdwhweek2025&utm_content=08.04) за подробностями и готовьтесь к погружению в Big Data.",938,photo,1,True,['https://shad.yandex.ru/bigdwhweek?utm_source=tg&utm_medium=internal&utm_campaign=bigdwhweek2025&utm_content=08.04'],11833,147,47,,6.0,,,,,,,,,2.0,,,,,23.0,13.0,,1.0,,,,2.0
Education_Yandex,Яндекс Образование,36000,1414,2025-04-08,12:17:36,2025-04-08 12:17:36+00:00,2025-12-01 02:50:17.949409,False,False,True,"**Лето возможностей вместе с Яндексом** ❤️ [Young&&Yandex](https://t.me/Young_and_Yandex) открыли набор сразу в семь Летних школ. Занятия начнутся в июне, но подать заявку и приступить к тестовому заданию можно уже сейчас. **Что такое Летние школы Яндекса?** Это бесплатные интенсивы под руководством экспертов из Яндекса: разработчиков, аналитиков, менеджеров. Больше половины выпускников Летних школ получают приглашение на стажировку или работу в компании. **Какие и для кого:** [Школа бэкенд-разработки](https://yandex.ru/yaintern/schools/backend?utm_source=telegram&utm_medium=internal&utm_campaign=sschool25&utm_content=yy&utm_term=obrazovanie) [Школа менеджеров Яндекса](https://yandex.ru/yaintern/schools/management?utm_source=telegram&utm_medium=internal&utm_campaign=sschool25&utm_content=yy&utm_term=obrazovanie) [Школа аналитиков-разработчиков](https://yandex.ru/yaintern/schools/analytics?utm_source=telegram&utm_medium=internal&utm_campaign=sschool25&utm_content=yy&utm_term=obrazovanie) [Школа мобильной разработки](https://yandex.ru/yaintern/schools/mobile?utm_source=telegram&utm_medium=internal&utm_campaign=sschool25&utm_content=yy&utm_term=obrazovanie) [Школа разработки интерфейсов](https://yandex.ru/yaintern/schools/frontend?utm_source=telegram&utm_medium=internal&utm_campaign=sschool25&utm_content=yy&utm_term=obrazovanie) — для фронтендеров [Школа обеспечения качества](https://yandex.ru/yaintern/schools/qa?utm_source=telegram&utm_medium=internal&utm_campaign=sschool25&utm_content=yy&utm_term=obrazovanie) — для инженеров по тестированию [Школа DevOps и SRE](https://yandex.ru/yaintern/schools/devops?utm_source=telegram&utm_medium=internal&utm_campaign=sschool25&utm_content=yy&utm_term=obrazovanie) — КИТ (полностью офлайн в Москве) **Два этапа обучения:** 1️⃣ Онлайн — лекции и домашние задания 2️⃣ Офлайн — проектная работа в командах Яндекса ➡️ Регистрация открыта до 27 апреля по [ссылке](https://yandex.ru/yaintern/schools/summer?utm_source=telegram&utm_medium=social&utm_campaign=sschool25&utm_content=yandex&utm_term=school_Obrazovanie)[.](https://yandex.ru/yaintern/schools/summer)",2119,photo,10,True,"['https://yandex.ru/yaintern/schools/mobile?utm_source=telegram&utm_medium=internal&utm_campaign=sschool25&utm_content=yy&utm_term=obrazovanie', 'https://yandex.ru/yaintern/schools/management?utm_source=telegram&utm_medium=internal&utm_campaign=sschool25&utm_content=yy&utm_term=obrazovanie', 'https://yandex.ru/yaintern/schools/devops?utm_source=telegram&utm_medium=internal&utm_campaign=sschool25&utm_content=yy&utm_term=obrazovanie', 'https://yandex.ru/yaintern/schools/analytics?utm_source=telegram&utm_medium=internal&utm_campaign=sschool25&utm_content=yy&utm_term=obrazovanie', 'https://yandex.ru/yaintern/schools/qa?utm_source=telegram&utm_medium=internal&utm_campaign=sschool25&utm_content=yy&utm_term=obrazovanie', 'https://yandex.ru/yaintern/schools/backend?utm_source=telegram&utm_medium=internal&utm_campaign=sschool25&utm_content=yy&utm_term=obrazovanie', 'https://t.me/Young_and_Yandex', 'https://yandex.ru/yaintern/schools/summer?utm_source=telegram&utm_medium=social&utm_campaign=sschool25&utm_content=yandex&utm_term=school_Obrazovanie', 'https://yandex.ru/yaintern/schools/summer', 'https://yandex.ru/yaintern/schools/frontend?utm_source=telegram&utm_medium=internal&utm_campaign=sschool25&utm_content=yy&utm_term=obrazovanie']",11769,300,74,,,,,,,,,2.0,,16.0,,3.0,,,17.0,,,,,,,36.0
Education_Yandex,Яндекс Образование,36000,1413,2025-04-07,18:12:04,2025-04-07 18:12:04+00:00,2025-12-01 02:50:17.950625,False,False,True,"В Яндекс Музее раскроем то, что осталось за страницами учебников 💥 **9 апреля** стартует лекторий Яндекс Образования и [ФКН](https://t.me/fcs_hse) для старшеклассников и всех, кто интересуется IT. Преподаватели факультета компьютерных наук ВШЭ и создатели технологий в Яндексе прочитают лекции по математике, информатике и физике. Тема первого урока — **«Как быстро искать слова в тексте: поиск подстроки в строке»**. Вместе с Андреем Петровым, преподавателем ФКН и ML-инженером Яндекса, мы разберём основы алгоритмов и методы их анализа. Записываем темы ✍️ ✳️ RAM-машина и асимптотическая сложность алгоритмов ✳️ Наивный алгоритм поиска ✳️ Поиск с помощью Z-функции ✳️ Префикс-функция и алгоритм Кнута-Морриса-Пратта Лекции будут проходить раз в месяц в Яндекс Музее на Павелецкой. Участие бесплатное, по предварительной регистрации. Количество мест ограничено. [Регистрация](https://museum.yandex.ru/event/petrov) на первую лекцию 9 апреля уже открыта. Увидимся на лекции 👋 🔥 – вау, иду регистрироваться 🦄 – приду с друзьями!",1027,photo,2,True,"['https://t.me/fcs_hse', 'https://museum.yandex.ru/event/petrov']",8654,42,58,,,,1.0,,,,,,,8.0,,,,,27.0,,,13.0,,,7.0,2.0
Education_Yandex,Яндекс Образование,36000,1412,2025-04-04,17:01:00,2025-04-04 17:01:00+00:00,2025-12-01 02:50:18.855242,False,False,True,"**8БИТ готов встречать вас офлайн** 🚀 Фестиваль начнётся 10 и 11 апреля [онлайн](https://forms.yandex.ru/surveys/8bit2025/?utm_source=tg&utm_medium=internal&utm_campaign=8bitfest_2025&utm_content=04.04), а 12 апреля ждём вас в Москве и Екатеринбурге [офлайн](https://education.yandex.ru/8bit-fest?utm_source=telegram&utm_medium=internal&utm_campaign=8bitfest_2025&utm_content=04.04). Приготовьтесь к трём дням тотального погружения в мир технологий, роботов и смелых идей. Научимся программировать умный дом своими руками, соберём электронную игру на микросхемах и транспорт для 8БИТ. А Яндексоиды раскроют секреты технологий виртуального ассистента и автономных доставщиков. Полная программа фестиваля уже есть на [сайте](https://education.yandex.ru/8bit-fest?utm_source=telegram&utm_medium=internal&utm_campaign=8bitfest_2025&utm_content=04.04), и регистрация на онлайн и офлайн уже открыта — обратите внимание, что на офлайн-события нужно [регистрироваться](https://forms.yandex.ru/surveys/8bit2025/?utm_source=tg&utm_medium=internal&utm_campaign=8bitfest_2025&utm_content=04.04) отдельно. Увидимся на фесте 💖",1112,photo,2,True,"['https://forms.yandex.ru/surveys/8bit2025/?utm_source=tg&utm_medium=internal&utm_campaign=8bitfest_2025&utm_content=04.04', 'https://education.yandex.ru/8bit-fest?utm_source=telegram&utm_medium=internal&utm_campaign=8bitfest_2025&utm_content=04.04']",9905,49,33,,5.0,,,,,,,,,,,,,,10.0,16.0,,,,,,2.0
Education_Yandex,Яндекс Образование,36000,1405,2025-04-03,08:54:06,2025-04-03 08:54:06+00:00,2025-12-01 02:50:18.856247,False,False,True,"🏆 Руководить группой экспериментальных технологий, разрабатывать софт для роботов-доставщиков или создавать материалы будущего с ИИ в Сингапуре — это не просто мечты, а реальность для **выпускников ШАДа**. В ШАДе учат не просто следовать инструкциям, а формировать новые подходы, мыслить глобально и выходить за рамки привычного. Так и рождаются проекты, которые полностью переворачивают индустрию. Сегодня стартует новый набор в Школу анализа данных, и в рамках спецпроекта «Бросаем вызов данности» мы рассказываем о 6 выпускниках, которые работают над крутыми сервисами и создают уникальные технологии по всему миру. Их короткие истории — в карточках, полные читайте на [сайте](https://shad.yandex.ru/special_graduates?utm_source=tg&utm_medium=internal&utm_campaign=shad2025&utm_content=03.04). А ваша вдохновляющая история может начаться прямо сейчас. Бросайте вызов данности и подавайте заявку на поступление в ШАД [по ссылке](https://shad.yandex.ru/special_graduates?utm_source=tg&utm_medium=internal&utm_campaign=shad2025&utm_content=03.04). Большие открытия уже ждут вас 🙏",1079,photo,1,True,['https://shad.yandex.ru/special_graduates?utm_source=tg&utm_medium=internal&utm_campaign=shad2025&utm_content=03.04'],8882,52,60,,,,,,,,,,,4.0,,,,,32.0,8.0,,,,,,16.0
Education_Yandex,Яндекс Образование,36000,1404,2025-04-02,13:13:28,2025-04-02 13:13:28+00:00,2025-12-01 02:50:18.856755,False,False,True,"Вы когда-нибудь мечтали стать лучшей версией себя? А журнал Яндекс Образования [стал.](https://t.me/journal_yandex_education) 🔻 Мы вдохновились тем, как технологии постоянно развиваются, и вот результат: новый дизайн и имя в честь любимого фестиваля. Уже 10 и 11 апреля онлайн, а 12 апреля офлайн говорим об умных устройствах, ИИ и роботах на **8БИТ**. Чтобы подключиться к нам, не забудьте про [регистрацию.](https://forms.yandex.ru/surveys/8bit2025/?utm_source=tg&utm_medium=internal&utm_campaign=8bitfest_2025&utm_content=02.04) А пока ждём встречи — загляните на [сайт](https://education.yandex.ru/journal?utm_source=tg&utm_medium=internal&utm_campaign=journal&utm_content=02.04) журнала и ставьте ❤️, если ему идёт обновление.",731,photo,3,True,"['https://forms.yandex.ru/surveys/8bit2025/?utm_source=tg&utm_medium=internal&utm_campaign=8bitfest_2025&utm_content=02.04', 'https://t.me/journal_yandex_education', 'https://education.yandex.ru/journal?utm_source=tg&utm_medium=internal&utm_campaign=journal&utm_content=02.04']",8659,18,51,,,,,,,,2.0,1.0,,,10.0,,,,7.0,,,,2.0,,,29.0
Education_Yandex,Яндекс Образование,36000,1402,2025-04-01,10:14:07,2025-04-01 10:14:07+00:00,2025-12-01 02:50:18.856755,False,False,True,"**Нейросети от выпускников ШАДа помогают планете **🌎 И нет, это не кликбейт. ML-разработчики Школы анализа данных Яндекса совместно с Yandex B2B Tech и ДВФУ создали нейросеть, которая по аэрофотоснимкам быстро и точно определяет объём, массу и типы мусора на берегах водоёмов. Модель отмечает загрязнения на карте и помогает рассчитать необходимое число людей и техники для уборки. Тестирование нейросети успешно прошло в Кроноцком заповеднике на Дальнем Востоке: благодаря нейросети 20 волонтёров со спецтехникой всего за несколько часов очистили побережье от пяти тонн отходов — это в 4 раза быстрее, чем при обычной уборке. Именно к таким важным и технологичным проектам готовит [ШАД Яндекса:](https://shad.yandex.ru/) во время обучения ML и data-специалисты получают навыки, с которыми можно решать сложные задачи и запускать полезные проекты в самых разных сферах жизни. ❗️ Хотите узнать больше о том, как нейросети помогают справляться с загрязнением берегов? **Приглашаем на вечер в Музее с проектом «Чистый берег»**, поговорим со спикерами из Yandex Cloud, ДВФУ и Кроноцкого заповедника. Встретимся 3 апреля в 19:30 в [Яндекс Музее](https://t.me/+Gb8hvAyZ4cU5MWIy) на Павелецкой, зарегистрироваться можно [здесь.](https://museum.yandex.ru/event/chistyi_bereg) А если не получается прийти, будем ждать вас на [онлайн-трансляции.](https://vkvideo.ru/video-202150478_456239406)",1382,photo,4,True,"['https://museum.yandex.ru/event/chistyi_bereg', 'https://vkvideo.ru/video-202150478_456239406', 'https://t.me/+Gb8hvAyZ4cU5MWIy', 'https://shad.yandex.ru/']",9408,68,132,,3.0,,,,,,2.0,,,25.0,,,,,80.0,16.0,,,,,,6.0
Education_Yandex,Яндекс Образование,36000,1397,2025-03-30,09:04:53,2025-03-30 09:04:53+00:00,2025-12-01 02:50:18.857760,False,False,True,"**Сначала олимпиады, а теперь…** 🏆 В России — финал всероссийской олимпиады по информатике. Яндекс знает, что участники этого соревнования будущие звезды проектных команд и направлений. Не верите? В карточках ответы людей, которые несколько лет назад решали задачи, стрессовали на финалах, а теперь делают всем известные продукты лучше 🚀 Да, это только часть историй. Написать свою вы можете на программах Яндекс Образования. [Здесь](https://bit.ly/440UAfG) школьникам, абитуриентам и студентам помогают найти лучший образовательный трек, чтобы строить успешную карьеру и развивать технологии.",593,photo,1,True,['https://bit.ly/440UAfG'],477904,429,81,,11.0,,,,,2.0,3.0,,,6.0,,,,,55.0,,,,2.0,,,2.0
Education_Yandex,Яндекс Образование,36000,1396,2025-03-29,11:28:17,2025-03-29 11:28:17+00:00,2025-12-01 02:50:18.857760,False,False,True,"🚀 **Готовимся к заключительному этапу ВсОШ по математике с** [Young&&Yandex](https://t.me/Young_and_Yandex) Приглашаем учеников 9–11 классов решать олимпиадные задачи онлайн. Если вы из Москвы, [присоединиться можно очно](https://forms.yandex.ru/surveys/13732996.63253f762a2da8c4f7b549d1fc60ad81046a18ac/) на площадке Школы анализа данных. Программа подготовки ⬇️ • Лекции от победителей Всероса • Сдача решений с устной проверкой преподавателями • В первый и последний день — письменная олимпиада, чтобы сравнить прогресс **Стартуем уже 1 апреля.** Подать заявку на участие онлайн можно [здесь](https://yandex.ru/yaintern/olympiads/vsosh-mat?utm_source=telegram&utm_medium=social&utm_campaign=vsosh25&utm_content=yy&utm_term=2903zadachaEducation)[.](https://forms.yandex.ru/surveys/13739619.b9ed7e70f7f5833e81550aaede1b86f5f726771e/)",834,photo,4,True,"['https://forms.yandex.ru/surveys/13739619.b9ed7e70f7f5833e81550aaede1b86f5f726771e/', 'https://forms.yandex.ru/surveys/13732996.63253f762a2da8c4f7b549d1fc60ad81046a18ac/', 'https://t.me/Young_and_Yandex', 'https://yandex.ru/yaintern/olympiads/vsosh-mat?utm_source=telegram&utm_medium=social&utm_campaign=vsosh25&utm_content=yy&utm_term=2903zadachaEducation']",9226,42,49,,20.0,,,,,,,,,2.0,5.0,,,,14.0,2.0,,,,3.0,,3.0
Education_Yandex,Яндекс Образование,36000,1395,2025-03-28,16:13:09,2025-03-28 16:13:09+00:00,2025-12-01 02:50:18.857760,False,False,True,"**👾**** Что для вас компьютерные науки?** Способ анализа данных? Инструмент создания масштабных сервисов? __Это про всё то, что нас окружает__ говорит Иван Аржанцев, декан ФКН **Сегодня **[**факультету компьютерных наук**](https://t.me/fcs_hse)** НИУ ВШЭ — 11 лет 🎉 ** В начале 2014 года Яндекс и НИУ ВШЭ приняли решение о создании факультета. И он стал местом, где цепкие умы решают амбициозные задачи и создают сильное комьюнити единомышленников, двигая границы возможного. Отмечаем этот день вместе и желаем факультету продолжать вдохновлять, верить в идеи студентов и строить надёжный фундамент, который позволит решать индустриальные задачи, которых ещё не было 💖 Предлагаем отпраздновать этот день просмотром [фильма,](https://www.kinopoisk.ru/film/7161086/) где преподаватели, студенты и эксперты из индустрии делятся воспоминаниями о том, как развивался ФКН вместе со сферой компьютерных наук, и рассказывают, как сегодня учат и учатся на передовом факультете в области ИТ.",981,photo,2,True,"['https://t.me/fcs_hse', 'https://www.kinopoisk.ru/film/7161086/']",8941,17,86,,,,2.0,,,20.0,,11.0,,2.0,,,,,41.0,,,1.0,,,2.0,7.0
Education_Yandex,Яндекс Образование,36000,1394,2025-03-27,16:05:47,2025-03-27 16:05:47+00:00,2025-12-01 02:50:18.857760,False,False,True,"**Надо-надо подкачаться** 👍 Лето на горизонте — время для Тренировок по алгоритмам и ML от [Young&&Yandex.](https://t.me/Young_and_Yandex) В новом сезоне особое внимание уделим Computer Vision. **Первая лекция пройдёт уже 8 апреля.** 4 недели интенсивных семинаров и решений задач — всё, чтобы систематизировать знания и подготовиться к техническому собеседованию. Тренируемся онлайн и бесплатно, а с самыми активными участниками ML Тренировок увидимся на очной лекции в офисе Яндекса. Для лучших учеников подготовили крутые бонусы: ✔️ пробное собеседование и фаст-трек ✔️ подарочный сертификат в Яндекс Маркет на 3000₽ ✔️ проходку на фест Young Con Зарегистрироваться на тренировки можно [здесь](https://yandex.ru/yaintern/training?utm_source=telegram&utm_medium=internal&utm_campaign=yaintern25&utm_content=yy&utm_term=2703trainingEducation)[.](https://yandex.ru/yaintern/training) Сделаем апрель продуктивным и насыщенным на смелые идеи 🙏",941,photo,3,True,"['https://yandex.ru/yaintern/training?utm_source=telegram&utm_medium=internal&utm_campaign=yaintern25&utm_content=yy&utm_term=2703trainingEducation', 'https://yandex.ru/yaintern/training', 'https://t.me/Young_and_Yandex']",7874,103,63,,,,,,,,34.0,,,1.0,,1.0,,,1.0,12.0,,,,,8.0,10.0
Education_Yandex,Яндекс Образование,36000,1389,2025-03-27,15:35:47,2025-03-27 15:35:47+00:00,2025-12-01 02:50:18.858763,False,False,True,"Строить карьерные треки и черпать вдохновение для смелых решений — всё это стало проще с нейросетями. А они в свою очередь стали неотъемлемой частью Яндекс Образования. У нас есть инструменты, которые будут полезны всем, кто учит и учится. Показываем в карточках 👆 Ссылки на все инструменты: 💎 [ИИ-помощник по математике](https://education.yandex.ru/tutor/go?utm_source=telegram&utm_medium=internal&utm_campaign=math_start&utm_content=27.03) 💎 [ИИ-помощник для подготовки к ЕГЭ](https://education.yandex.ru/ege/go?utm_source=telegram&utm_medium=internal&utm_campaign=ege&utm_content=27.03) 💎 [гайд по промтингу](https://education.yandex.ru/prompting?utm_source=telegram&utm_medium=internal&utm_campaign=prompting&utm_content=27.03) А если этого окажется мало, делимся [проверенными ИИ-решениями](https://education.yandex.ru/ai) в образовании.",842,photo,4,True,"['https://education.yandex.ru/prompting?utm_source=telegram&utm_medium=internal&utm_campaign=prompting&utm_content=27.03', 'https://education.yandex.ru/ai', 'https://education.yandex.ru/tutor/go?utm_source=telegram&utm_medium=internal&utm_campaign=math_start&utm_content=27.03', 'https://education.yandex.ru/ege/go?utm_source=telegram&utm_medium=internal&utm_campaign=ege&utm_content=27.03']",7090,84,28,,,,,,,,,,,8.0,,,,,7.0,,,,,,,13.0
Education_Yandex,Яндекс Образование,36000,1388,2025-03-26,16:42:48,2025-03-26 16:42:48+00:00,2025-12-01 02:50:18.858763,False,False,True,"Из чего же, из чего же, из чего же сделан Национальный исследовательский университет ИТМО? 🏆 4 мегафакультета и 15 факультетов 🏆 12 500+ студентов из 90 стран 🏆 4 000+ учёных, преподавателей и сотрудников 🏆 125 лет опыта Да-да, сегодня ИТМО отмечает свой 125-й день рождения! Мы отмечаем этот день с нашим партнёром и загадываем желание, чтобы совместных образовательных проектов становилось с каждым годом всё больше и больше. ❤️, чтобы сбылось",445,photo,0,False,[],7665,31,132,,,,,,,15.0,,,,2.0,1.0,,,,13.0,,,1.0,3.0,,2.0,95.0
Education_Yandex,Яндекс Образование,36000,1387,2025-03-26,14:54:52,2025-03-26 14:54:52+00:00,2025-12-01 02:50:18.858763,False,False,True,"Искусственный интеллект — настоящий катализатор изменений в образовании и медиа ⚡ Как трансформируются эти две сферы, открывая новые возможности преподавания и создания контента? Обсудим на [конференции от НИУ ВШЭ и Яндекс Образования](https://aiconf.hse.ru/). Вас ждут горячие дискуссии о применении генеративных технологий в обучении и о том, как ИИ меняет авторов и медиа. А также полезные мастер-классы по оценке GPT-дипломов и использованию нейросетей в редакции. Конференция пройдет 28 марта, начало в 11:00. Посмотреть подробную программу и зарегистрироваться можно [здесь](https://aiconf.hse.ru/registration). А мы уже с нетерпением ждём встречи 🚀",655,photo,2,True,"['https://aiconf.hse.ru/registration', 'https://aiconf.hse.ru/']",7737,40,45,,,,,,,,,,,4.0,1.0,,,,9.0,,,,,,9.0,22.0
Education_Yandex,Яндекс Образование,36000,1386,2025-03-26,13:14:24,2025-03-26 13:14:24+00:00,2025-12-01 02:50:18.858763,False,False,True,"Что, если ваш креативный соавтор — нейросеть? Представьте себе: музыка, концерты в метавселенных, искусство, которое продаётся за миллионы, — и всё это благодаря искусственному интеллекту. Он не просто меняет правила игры, а переворачивает наши представления об искусстве и творчестве. ➡️ Музыка Певица Холли Херндон записала [альбом Proto,](https://music.yandex.by/album/7372352) где бэк-вокал исполнила нейросеть. Так ИИ стал не просто помощником при обработке дорожки, а полноценным соавтором, который помогает создавать новые музыкальные формы. Он пишет песни, сочиняет мелодии, аранжирует композиции и даже синтезирует голоса. ➡️ Дизайн Генеративные технологии помогают находить вдохновение, подбирать референсы и создавать уникальные визуальные концепции. Канадская художница Сугвен Чанг обучила нейросеть своему стилю рисования, и теперь [её работы](https://sougwen.com/project/exquisite-corpus) — коллаборация человека и алгоритма. ➡️ Motion-графика Хореограф Уэйн Макгрегор использовал технологию Motion Capture, чтобы вернуть зрителям [концерт группы ABBA 1979 года.](https://waynemcgregor.com/productions/abba-voyage) Артисты снова «вышли» на сцену благодаря CGI-анимации, а их движения воссоздали с точностью до шага. А вот в киноиндустрии нейросети не только создают анимированных персонажей, но и подсказывают идеи для сюжетов. ИИ не заменяет творчество — он раскрывает его с новой стороны. Как это происходит? О тонкостях нейроискусства говорили в прошлом году на [фестивале 8БИТ.](https://vkvideo.ru/playlist/-84793390_7/video-84793390_456239728?ysclid=m8dbfpsus3267160486&pid=84793390) P.S. 8БИТ-2025 уже на подходе** — **[регистрируйтесь](https://forms.yandex.ru/surveys/8bit2025/) ⚡",1701,photo,5,True,"['https://waynemcgregor.com/productions/abba-voyage', 'https://vkvideo.ru/playlist/-84793390_7/video-84793390_456239728?ysclid=m8dbfpsus3267160486&pid=84793390', 'https://forms.yandex.ru/surveys/8bit2025/', 'https://sougwen.com/project/exquisite-corpus', 'https://music.yandex.by/album/7372352']",6627,12,33,,,,,,,,,,,4.0,,,,,1.0,6.0,,,1.0,6.0,,15.0
Education_Yandex,Яндекс Образование,36000,1385,2025-03-25,14:38:29,2025-03-25 14:38:29+00:00,2025-12-01 02:50:18.859766,False,False,True,"Технологии меняются с молниеносной скоростью, и для успеха важно быть готовым к переменам. Нейросети открывают новые горизонты для креативности и трансформируют подходы к работе. Но как извлечь из них максимальную пользу? ✔️ Используйте осознанно — технологии помогают, но финальное решение за вами. ✔️ Формулируйте точные запросы — чем конкретнее вопрос, тем качественнее ответ. ✔️ Освойте промтинг — [наш гайд](https://education.yandex.ru/handbook/prompting) поможет писать запросы эффективно. ✔️ Анализируйте и улучшайте — нейросеть с вашими правками становится умнее. Начать осваивать навык можно бесплатно [на курсе по нейросетям](https://start.practicum.yandex/yandexgpt-beginner) от Яндекс Практикума. А как ИИ может стать личным наставником и источником вдохновения, поговорим на этой неделе 🚀 👍 — уже изучаю нейросети, это класс 🔥 — теперь точно начну разбираться",872,photo,2,True,"['https://education.yandex.ru/handbook/prompting', 'https://start.practicum.yandex/yandexgpt-beginner']",8306,85,63,,2.0,,,,,,,,,24.0,,,,,28.0,,,,,,9.0,0.0
Education_Yandex,Яндекс Образование,36000,1384,2025-03-23,13:37:47,2025-03-23 13:37:47+00:00,2025-12-01 02:50:18.859766,False,False,True,"Этой весной будет много возможностей не только прокачать скиллы, но и стать частью комьюнити. Один из таких ивентов — онлайн-фест 8БИТ, о котором мы уже [рассказывали.](https://t.me/Education_Yandex/1375) Теперь делимся другими программами, где можно учиться, общаться и развиваться вместе. ✳️ [Командный турнир по программированию](https://cs.hse.ru/olymp-team-comp/#playground) ВШЭ — соревнования разделены на три дивизиона, каждый из которых соответствует разному уровню подготовки: от начинающих школьников до опытных участников с олимпиадными достижениями. И проекты Young&&Yandex: ✳️ [Young Con 2025](https://yandex.ru/youngcon) — большой карьерный фестиваль Яндекса. Здесь можно познакомиться с новыми технологиями, послушать лекции, получить советы для старта в профессии, а также пройти собеседование и попасть на стажировку. ✳️ [Летние школы 2025](https://yandex.ru/yaintern/schools/summer) — новые знания, опыт командной работы и практика под руководством лучших экспертов Яндекса. В этом году пройдут сразу семь Летних школ, включая два новых направления: Школу обеспечения качества для тестировщиков-автоматизаторов и Школу SRE и DevOps — КИТ. Ещё командой можно присоединиться к [математическому турниру](https://t.me/Education_Yandex/1341) для учеников 5-8 классов. Игры будут длиться до 31 мая, а стать участником можно на любом этапе! Если пойти не с кем — нестрашно. Вам помогут найти компанию. А для тех, кто хочет первым узнавать о наших студкемпах и интенсивах по актуальным IT-направлениям, есть специальный [чат-бот.](https://t.me/yastudcamps_bot)",1570,photo,6,True,"['https://yandex.ru/youngcon', 'https://cs.hse.ru/olymp-team-comp/#playground', 'https://t.me/Education_Yandex/1341', 'https://t.me/yastudcamps_bot', 'https://yandex.ru/yaintern/schools/summer', 'https://t.me/Education_Yandex/1375']",9481,81,41,,,,,,,,,,,,10.0,,,,1.0,,,,,11.0,,19.0
Education_Yandex,Яндекс Образование,36000,1378,2025-03-22,10:54:39,2025-03-22 10:54:39+00:00,2025-12-01 02:50:18.859766,False,False,True,"Ментор помогает новичкам освоиться как в профессии, так и в учёбе. Наставник даёт обратную связь по задачам, делится знаниями и подсказывает, как улучшить навыки. Разбираемся, как получить максимум пользы от работы с ним.",221,photo,0,False,[],8033,33,67,,,,,,,,,15.0,,2.0,,,,,15.0,,,,,,,36.0
Education_Yandex,Яндекс Образование,36000,1377,2025-03-21,13:44:35,2025-03-21 13:44:35+00:00,2025-12-01 02:50:18.859766,False,False,True,"В учёбе важно не только учиться самому, но и уметь работать в команде. А это бывает непросто: один тянет всё на себе, другой выпадает из процесса, а обсуждения затягиваются и перестают приводить к решениям.** Как сделать работу в команде эффективной и комфортной для всех?** Разбираемся ниже. ❌ Неясно, кто за что отвечает. В итоге задачи не выполняются в срок. ✔️ Перед стартом проекта распределите роли и зафиксируйте их в общем чате. Это поможет избежать недопонимания и сгоревших дедлайнов. ❌ Не хватает обратной связи. Команда не обсуждает работу, накапливаются ошибки, а прогресс стоит на месте. ✔️ Обменивайтесь статусами, комментируйте задачи, проводите короткие обсуждения с чёткой повесткой раз в неделю. Так все будут в курсе текущих дел. ❌ У всех разный темп работы. Один задерживает задачу, а другой ждёт второго. ✔️ Обсуждайте сроки заранее и учитывайте темп работы каждого. Если кто-то не успевает, лучше помочь разобраться, чем переделывать. ❌ Участник получает задание, которое ему не подходит. ✔️ Распределяйте задачи с учётом сильных сторон каждого. Когда в команде все дополняют друг друга, процесс идёт намного проще. От учёбы до будущей профессии — навыки командной работы пригодятся везде. На совместных проектах можно обмениваться идеями и учиться эффективному взаимодействию. А ещё их можно организовывать самостоятельно — это отличный способ расти и развиваться.",1388,photo,0,False,[],9268,40,64,,,,,,,,,,,12.0,1.0,,,,26.0,17.0,,,,,6.0,2.0
Education_Yandex,Яндекс Образование,36000,1376,2025-03-19,11:18:26,2025-03-19 11:18:26+00:00,2025-12-01 02:50:18.860944,False,False,True,"Изучить чужой код, поучаствовать в реальных проектах и прокачать навыки — всё это можно сделать с помощью опенсорс-проектов. Это открытый код, который можно изучать, изменять и дорабатывать. И вот почему на него стоит обратить внимание. ✳️ **Многообразие инструментов** Решения есть для самых разных задач: от текстовых редакторов до сложных ML-библиотек. Многие из них можно использовать даже в коммерческих проектах. ✳️ **Разбор кода профессионалов** В открытых репозиториях можно посмотреть, как пишут код опытные разработчики, какие технологии и архитектурные решения используют. Это отличный способ перенять что-то для себя. ✳️ **Работа над реальными задачами** В опенсорс-проектах можно применять знания на практике: находить баги, предлагать улучшения и получать обратную связь от опытных разработчиков. А ещё опенсорс — это про командную работу и сообщество, а иногда и путёвка в найм. Об этом и будем говорить на этой неделе. ⚡️ — уже работали с опенсорс-проектами 🔥 — теперь точно попробуете",1001,photo,0,False,[],8746,23,100,,26.0,,,,,,,,,10.0,1.0,,,,63.0,,,,,,,0.0
Education_Yandex,Яндекс Образование,36000,1375,2025-03-17,16:40:06,2025-03-17 16:40:06+00:00,2025-12-01 02:50:18.860944,False,False,True,"Хотите познакомиться с технологиями поближе? Для этого существует легендарный 8БИТ, фестиваль Яндекс Образования. В этом году **8БИТ пройдет 10-12 апреля.** Онлайн и офлайн расскажем и покажем, как устроены умные устройства, искусственный интеллект и роботы. Полную программу фестиваля анонсируем чуть позже, но точно будет вот про что: ✳️ Как сделать умное устройство своим ассистентом? ✳️ На что, кроме голосовых команд, способны умные помощники? ✳️ Какие знания нужны, чтобы научить робота думать? ✳️ Как проходит день разработчика? ✳️ Что ждёт технологии дальше: взгляд инженеров и программистов? [Регистрируйтесь](https://education.yandex.ru/8bit-fest?utm_source=telegram&utm_medium=internal&utm_campaign=8bitfest_2025&utm_content=17.03) — и увидимся на фесте 🚀 Кстати, среди всех зарегистрированных разыграем Яндекс Станцию и радиоуправляемого робота-доставщика!",868,document,1,True,['https://education.yandex.ru/8bit-fest?utm_source=telegram&utm_medium=internal&utm_campaign=8bitfest_2025&utm_content=17.03'],10012,93,70,,,,,,,,,,,3.0,,,,,19.0,34.0,,,,,12.0,2.0
Education_Yandex,Яндекс Образование,36000,1374,2025-03-16,14:18:51,2025-03-16 14:18:51+00:00,2025-12-01 02:50:18.860944,False,False,True,"Уже изучили чек-лист по эффективной прокачке навыков? Тогда самое время определить свои сильные стороны и использовать их по максимуму 🏆 Почему так важно развивать умения? Раньше преподаватели оценивали по теории, а сейчас обращают внимание на практику и адаптивность. Психометрика помогает выбрать направление: анализирует способности и интересы, подсказывает перспективные сферы. Делимся способами, как найти сильные стороны и построить карьерный путь. ✳️ [Бесплатный курс](https://start.practicum.yandex/start-in-it/) от Яндекс Практикума. Он длится всего 2 часа и поможет понять, какие IT-профессии существуют, как выбрать специальность и сделать первые шаги. ✳️ [Тест на профориентацию](https://practicum.yandex.ru/promo/test/?from=catalog) от Яндекс Практикума и МГУ займёт 30 минут. В результате вы получите чёткий анализ того, какие виды деятельности вам более близки. ✳️ [Онлайн-воркшоп](https://www.youtube.com/watch?v=XoS2SH5HzPc) «ИИ для профориентации» с фестиваля 8БИТ можно посмотреть за 35 минут. Он откроет секреты, как нейросети помогают исследовать профессиональные интересы и находить подходящие карьерные пути. Изучайте, чтобы обучение приносило максимум пользы и удовольствия 🙏",1199,photo,3,True,"['https://practicum.yandex.ru/promo/test/?from=catalog', 'https://start.practicum.yandex/start-in-it/', 'https://www.youtube.com/watch?v=XoS2SH5HzPc']",10673,199,52,,,,,,,,,,,,,,,,10.0,,,6.0,,,,36.0
Education_Yandex,Яндекс Образование,36000,1373,2025-03-15,12:06:21,2025-03-15 12:06:21+00:00,2025-12-01 02:50:18.860944,False,False,True,"Завершение не всегда значит освоение, а сертификат автоматически не сделает вас специалистом. Как изменилось отношение к навыкам? **Сейчас получение профессии — это не только движение по программе.** Преподаватели обращают внимание на вовлечённость в обучение и глубину знаний: • Как студент использует теорию и применяет её на практике; • Как взаимодействует с GPT-технологиями; • Как исправляет ошибки и переосмысливает сложные темы. Собрали мнения экспертов Яндекс Образования и сделали чек-лист «Как эффективно развивать и презентовать навыки». 1️⃣ Обучаться регулярно. Студенты с таким подходом показывают лучшие результаты. 2️⃣ Разделять информацию. Интервальное повторение и небольшие порции материала способствуют лучшему запоминанию. 3️⃣ Больше практиковаться. Дополнительные задачи, помимо основных заданий курса, углубляют навыки и ускоряют процесс обучения. 4️⃣ Собирать портфолио. Реальные проекты, стажировки и задачи ценнее, чем просто список пройденных курсов. 5️⃣ Показывать кейсы. Вместо «я знаю Python» уточните: «В рамках курса в команде из трёх человек создал мобильное приложение на Python». 6️⃣ Объяснять решения. На интервью или аттестации после обучения важно аргументировать свой подход и разбирать ошибки. 7️⃣ Быть активным в сообществе. Участие в хакатонах, open-source и помощь другим демонстрируют вашу компетентность.",1348,photo,0,False,[],9860,84,61,,,,10.0,,,,,,,40.0,1.0,,,,10.0,,,,,,,0.0
Education_Yandex,Яндекс Образование,36000,1367,2025-03-14,09:53:36,2025-03-14 09:53:36+00:00,2025-12-01 02:50:18.860944,False,False,True,"Учиться тоже нужно уметь. Вчера говорили о книге для тех, кто учит. А сегодня её автор Дмитрий Аббакумов расскажет, на какие факторы стоит обратить внимание в онлайн-обучении и как данные помогают повышать его результаты. Все подробности — в карточках ⬆️",254,photo,0,False,[],7718,59,41,,,,,,,,,,,7.0,,,,,6.0,,,,,,1.0,27.0
Education_Yandex,Яндекс Образование,36000,1366,2025-03-13,14:23:46,2025-03-13 14:23:46+00:00,2025-12-01 02:50:18.861951,False,False,True,"Технологии позволяют обучению стать более доступным и эффективным, а ученикам — быстрее осваивать новые навыки и раскрывать свой потенциал. Но как измерить результат? Оценивать знания, выявлять пробелы и улучшать процесс обучения помогает психометрика. Разобраться в теме поможет[ книга](https://edumakers.yandex.ru/psychometrics/) Дмитрия Аббакумова «Психометрика в EdTech: первые шаги», которую мы совсем недавно издали. В ней собрали 1️⃣ Ключевые метрики и методы для оценки образовательных результатов 2️⃣ Фреймворки для внедрения психометрики в курсы 3️⃣ Примеры кода в R для анализа успеваемости и прогресса 4️⃣ Инструкции по улучшению качества обучения и оптимизации продуктов **Кому будет полезно?** • Методистам и продакт-менеджерам EdTech • Специалистам HR Tech • Проектным руководителям • Аналитикам И это только начало! На этой неделе будем разбираться, как измерять и повышать эффективность онлайн-обучения 🚀",921,photo,1,True,['https://edumakers.yandex.ru/psychometrics/'],9427,65,61,,,,,,,,4.0,,,1.0,1.0,,,,30.0,12.0,,,,,8.0,5.0
Education_Yandex,Яндекс Образование,36000,1365,2025-03-11,14:53:39,2025-03-11 14:53:39+00:00,2025-12-01 02:50:18.861951,False,False,True,"**Открыли бета-версии самостоятельных курсов Яндекс Лицея ****🤓** Обучение проходит онлайн по трём направлениям: Python, Go и С++. Можно выбрать один язык или изучать все сразу. **Для кого?** Ограничений нет, но материал адаптирован для школьников и студентов колледжей — достаточно знать информатику и математику 7–8 класса. Отбора на курсы нет, достаточно пройти регистрацию. **В чём особенность? **Каждый курс начинается с азов – можно проходить последовательно урок за уроком, постепенно наращивая знания, а можно пропускать уроки, если какие-то темы уже хорошо знакомы. А ещё в курсе нет дедлайнов, то есть осваивать программу можно в комфортном темпе. Учебные материалы будут дополняться, но стартовать можно уже сейчас: в бета-версии доступны первые три темы каждого курса. [Регистрируйтесь](https://lyceum.yandex.ru/index?utm_source=tg&utm_medium=internal&utm_campaign=selfpaced2025&utm_content=11.03#selfpaced_courses) и начинайте погружение в языки программирования.",976,document,1,True,['https://lyceum.yandex.ru/index?utm_source=tg&utm_medium=internal&utm_campaign=selfpaced2025&utm_content=11.03#selfpaced_courses'],13544,491,121,,8.0,,,,,,,,,22.0,,,,,6.0,55.0,,,2.0,,,28.0
Education_Yandex,Яндекс Образование,36000,1364,2025-03-10,16:04:23,2025-03-10 16:04:23+00:00,2025-12-01 02:50:18.861951,False,False,True,"**🚪**** Готовьтесь к Всеросу с чемпионами IOI** На связи Гимран Абдуллин — золотой медалист IOI 2023, 2024. Зовёт вас готовиться к финалу Всероса по информатике. Гимран будет одним из ваших преподавателей на онлайн-сборах 10-19 марта перед заключительным этапом ВсОШ. Будет много нетипичных и красивых задач. Присоединяйтесь, начинаем в понедельник: [yandex.ru/yaintern/olympiads](https://yandex.ru/yaintern/olympiads/vsosh-inf?utm_source=telegram&utm_medium=internal&utm_campaign=vsosh25&utm_content=yy&utm_term=0703Gimran)",524,document,1,True,['https://yandex.ru/yaintern/olympiads/vsosh-inf?utm_source=telegram&utm_medium=internal&utm_campaign=vsosh25&utm_content=yy&utm_term=0703Gimran'],9409,50,69,,,,,,,,,,,15.0,,,,,34.0,4.0,,,,,4.0,12.0
Education_Yandex,Яндекс Образование,36000,1363,2025-03-10,16:04:06,2025-03-10 16:04:06+00:00,2025-12-01 02:50:18.862955,False,False,False,Подготовиться к финалу Всероса по информатике с чемпионом? Всё возможно с Y&&Y 🏆 Передаём слово коллегам:,105,,0,False,[],8459,3,13,,,,,,,,,,,4.0,,,,,9.0,,,,,,,0.0
Education_Yandex,Яндекс Образование,36000,1362,2025-03-08,12:08:21,2025-03-08 12:08:21+00:00,2025-12-01 02:50:18.862955,False,False,True,"Учёба — это не только увлекательные моменты и вдохновляющие открытия. Порой она бывает сложной, а мотивации не всегда хватает. И это нормально 👋 Важно найти свой подход, чтобы обучение воодушевляло на новые идеи. Для этого мы разработали [специальный тест](https://education.yandex.ru/learningcheckup). После прохождения вы получите персональные рекомендации о том, как вернуть любовь к учёбе и извлечь из неё максимум пользы. 👍 — если сталкивались с потерей мотивации в учёбе",476,photo,1,True,['https://education.yandex.ru/learningcheckup'],10547,78,78,,,,,,,7.0,,,,63.0,,,,,3.0,,,,,,,5.0
Education_Yandex,Яндекс Образование,36000,1358,2025-03-07,17:43:06,2025-03-07 17:43:06+00:00,2025-12-01 02:50:18.862955,False,False,True,"Как работать на стыке двух дисциплин? Ваня Бибилов, руководит проектами по интердисциплинарным программам в Яндекс Образовании ⬆️",129,document,0,False,[],8800,16,57,,,,,,,,,,,,1.0,,,,13.0,,,,,13.0,,30.0
Education_Yandex,Яндекс Образование,36000,1352,2025-03-05,15:19:20,2025-03-05 15:19:20+00:00,2025-12-01 02:50:18.862955,False,False,True,"Когда привычные методы не работают, время включать систему. Метод ТРИЗ — это не про вдохновение, а про логику, которая ведёт к нестандартным решениям. Как его использовать? Смотрите в карточках ⬆️",196,photo,0,False,[],8829,122,86,,,,,,,,,,,3.0,4.0,,,,45.0,10.0,,,3.0,,5.0,16.0
Education_Yandex,Яндекс Образование,36000,1344,2025-03-04,16:30:06,2025-03-04 16:30:06+00:00,2025-12-01 02:50:18.862955,False,False,True,"Код-ревью, самостоятельные задачи и командная поддержка: как эти методы помогают расцветать новым идеям и поддерживать связь спустя годы? Спросили об этом у Андрея Аколелова, преподавателя основ программирования и промышленной разработки на Python Яндекс Лицея. А вам показываем в карточках 🔍",292,photo,0,False,[],8059,20,60,,6.0,,,,,,,,,5.0,,,,,3.0,11.0,,,1.0,,29.0,5.0
Education_Yandex,Яндекс Образование,36000,1343,2025-03-03,15:54:15,2025-03-03 15:54:15+00:00,2025-12-01 02:50:18.862955,False,False,True,"Если хочется, чтобы вам быстро и понятно рассказали о квантовых компьютерах, нейросетях, роботах, виртуальной реальности и других инновациях, — загляните в [«ТЕХНО: Яндекс про технологии»](https://t.me/techno_yandex) 👌 Вот наш личный топ-5 постов, которые найдутся в канале. 1️⃣ Квантовые компьютеры — они уже меняют мир, так [почему](https://t.me/techno_yandex/3665) их ещё не найти на рабочем столе каждого специалиста? 2️⃣ Роботы-доставщики — [как](https://t.me/techno_yandex/3646) они избегают столкновений и реагируют на селфи с прохожими? 3️⃣ Рассуждающие нейросети — [чем](https://t.me/techno_yandex/3625) они круче обычных и как им удаются сложные задачи? 4️⃣ Игра в го и победа ИИ — [как](https://t.me/techno_yandex/3599) один матч перевернул представление о возможностях технологий? 5️⃣ Виртуальная реальность и запахи — [почему](https://t.me/techno_yandex/3579) пока нельзя полноценно «понюхать» цифровой мир? 🔥 — если темы зацепили, и мы будем чаще делиться классными каналами.",989,document,6,True,"['https://t.me/techno_yandex/3579', 'https://t.me/techno_yandex/3665', 'https://t.me/techno_yandex/3646', 'https://t.me/techno_yandex/3599', 'https://t.me/techno_yandex', 'https://t.me/techno_yandex/3625']",8515,33,52,,,,,,,,,,,5.0,,,,,35.0,,,,,,,12.0
Education_Yandex,Яндекс Образование,36000,1342,2025-03-01,11:48:40,2025-03-01 11:48:40+00:00,2025-12-01 02:50:18.863959,False,False,True,"Хорошо составленное резюме — это не формальность, а первый шаг к работе мечты. Как сделать его заметнее? Рассказывает рекрутер [Y&&Y](https://t.me/Young_and_Yandex) 🟡 **В чём плюсы CV?** Это ваша визитная карточка. Недавно мы выпустили [пост с шаблонами резюме](https://t.me/Young_and_Yandex/1960) для начинающих специалистов и тех, кто хочет попасть на стажировку. Было здорово видеть, как ребята обновили свои CV по этим рекомендациям. **Какие навыки стоит указать?** Добавьте pet-проекты. Они показывают, как вы применяете знания на практике. Это может быть автоматизация процессов, анализ данных или разработка машинных моделей. Главное — продемонстрировать владение инструментами и умение решать реальные задачи. Если вы впервые слышите про pet-проекты, советую почитать [этот пост.](https://t.me/Young_and_Yandex/1813) **Как грамотно представить достижения?** Оцифруйте результаты. Если что-то стало работать лучше, укажите, на сколько именно. Так вы покажете не просто выполнение задач, а реальное влияние на процесс. 👍 — если вдохновились обновить CV",1058,document,3,True,"['https://t.me/Young_and_Yandex/1813', 'https://t.me/Young_and_Yandex/1960', 'https://t.me/Young_and_Yandex']",9868,211,67,,7.0,,,,,,,,,38.0,,3.0,,,2.0,,,,,,2.0,26.0
Education_Yandex,Яндекс Образование,36000,1341,2025-03-01,10:34:04,2025-03-01 10:34:04+00:00,2025-12-01 02:50:18.863959,False,False,True,"Пока студенты готовятся к стажировкам, ребята помладше — к математическим играм от Яндекса 🏆 **Что будет?** 7 онлайн-этапов с задачками на логику и математику. А ещё — призы лучшим командам каждой игры и сертификаты за участие. «Турнир — это не только решение задач. Это ещё и шанс продемонстрировать свои математические способности, логическое и даже стратегическое мышление. Но главное — это возможность весело провести время с друзьями! Прикольный мерч — приятный бонус для участников» __Соня Иванова, организатор__ __игр__ **Как попасть на турнир?** Собрать команду из 4 человек 5–6 или 7–8 классов и зарегистрироваться на [сайте.](https://yandex.ru/yaintern/olympiads/math-games) Если вы один, все равно оставляйте заявку — организаторы помогут найти единомышленников. Вспоминайте всё, чему учили на уроках, и го участвовать! Старт уже 1 марта ⚡",850,photo,1,True,['https://yandex.ru/yaintern/olympiads/math-games'],8796,66,57,,,,,,,,13.0,,,4.0,,3.0,,,1.0,12.0,,,,,,24.0
Education_Yandex,Яндекс Образование,36000,1337,2025-02-27,15:10:06,2025-02-27 15:10:06+00:00,2025-12-01 02:50:18.863959,False,False,True,"Шаг в новую профессию — это всегда увлекательно, хотя порой возникает страх провала. Как с ним справиться? Обсудили это с рекрутером [Y&&Y](https://t.me/Young_and_Yandex) и стажёрами Яндекса. Листайте карточки и смотрите, как стажировка может стать отличным стартом карьеры 🚀 Все подробности — [здесь.](https://t.me/Education_Yandex/1336)",338,photo,2,True,"['https://t.me/Young_and_Yandex', 'https://t.me/Education_Yandex/1336']",9327,27,69,,25.0,,,,,,,,,7.0,,,,,3.0,15.0,,1.0,1.0,,12.0,5.0
Education_Yandex,Яндекс Образование,36000,1336,2025-02-26,15:14:00,2025-02-26 15:14:00+00:00,2025-12-01 02:50:18.863959,False,False,True,"Новый сезон стажировок [Young&&Yandex](https://t.me/Young_and_Yandex) 🚀 **Для кого?** Ждут тех, кто хочет начать карьеру вместе с Яндексом и готов развивать новые умения. **Чем предстоит заниматься?** ✔️ Работать над реальными задачами: прокачивать скиллы и кайфовать от процесса. ✔️ Презентовать свои проекты опытным экспертам и менторам. ✔️ Получать зарплату, запись в трудовой и рабочий ноутбук — всё, как у настоящих яндексоидов. Случится мэтч, и лучшие студенты получат оффер стать частью команды Яндекса. В прошлому году 54% стажёров продолжили карьеру в компании. Набор идёт круглый год, но зачем ждать? Оставить заявку на новый сезон можно [здесь](https://yandex.ru/yaintern?utm_source=telegram&utm_medium=social&utm_campaign=yaintern25&utm_content=education&utm_term=post1).",783,photo,2,True,"['https://yandex.ru/yaintern?utm_source=telegram&utm_medium=social&utm_campaign=yaintern25&utm_content=education&utm_term=post1', 'https://t.me/Young_and_Yandex']",10822,142,80,,,,,,,,,,,22.0,,,,,17.0,,,,,,,41.0
Education_Yandex,Яндекс Образование,36000,1335,2025-02-21,15:44:09,2025-02-21 15:44:09+00:00,2025-12-01 02:50:18.864961,False,False,True,"**Продолжаем говорить про математику в геймдеве**. Сегодня — с нашими друзьями [из Практикума](https://t.me/yndx_practicum) о квадратном корне, который ускорил одну легендарную игру в 100 раз и сделал её королевой трёхмерных шутеров. **Какую именно и как это удалось? **Узнать можно в [статье КОДа,](https://thecode.media/quake-root/) журнала Яндекс Практикума, где подробно описана математическая магия. Но сначала — предыстория событий от главреда КОДа Миши Полянина. ✨ **Геймдев — область, в которой много математики и вычислений.** Смотрите сами: если упростить, то вся 3D-графика построена на синусах и косинусах, освещение и отражение — на векторах, а физика взаимодействия с игровым миром — на простых формулах из школьного курса. Сейчас игровая индустрия базируется на библиотеках, которые всё сами вычисляют. Разработчику уже не нужно особо задумываться о формулах: этим занимается игровой движок. ** ****⚡**** Знание математики, её трюков и приёмов всегда востребовано и в сфере оптимизации игр. ** Не слишком сложно написать игру, которая пойдёт на топовом «железе» с большой вычислительной мощностью. Но сделать так, чтобы в неё было комфортно играть на старом компьютере или консоли, — задача для профи. Разработчики идут на разные хитрости и применяют все свои знания из математики, чтобы ускорить ресурсоёмкие вычисления. ** ****🙃**** Самый интересный пример такого нестандартного подхода — оптимизация игры Quake III Arena.** Для своего времени это был прорыв: трёхмерный шутер с динамическим освещением, который не тормозил фактически ни на одном компьютере. Всё благодаря математической магии: разработчики придумали альтернативу вычисления квадратного корня, которая ускорила игру в сто раз. Даже сам Джон Кармак, основатель ID Software, до конца не разобрался в её принципе работы. А у вас была игра, в которую вы могли играть ночи напролёт? Ставьте ⚡️, если знакомо.",1887,photo,2,True,"['https://thecode.media/quake-root/', 'https://t.me/yndx_practicum']",12561,78,99,,51.0,,,,,,,,,17.0,,,,,4.0,,,3.0,,,,31.0
Education_Yandex,Яндекс Образование,36000,1334,2025-02-20,16:07:56,2025-02-20 16:07:56+00:00,2025-12-01 02:50:18.864961,False,False,True,"А вы знали, что калькулятор — это «геймпад» прошлого? На нём не только считали, но даже программировали и играли. Например, в «Дуэль пчелы и овода», где прибор сам просил пощады при поражении. Игра была доступна на микрокалькуляторах вроде Электроники МК-61. Советские дети вручную вводили код — каждый шаг программы соответствовал определённой комбинации клавиш, от 98 до 105. Хотели бы попробовать сами? Приходите на [мастер-класс](https://t.me/yandexmuseum/1676) в [Яндекс Музее](https://t.me/yandexmuseum) 23 февраля ✔️ Хранитель Музея советских калькуляторов Сергей Булаев расскажет, как на казалось бы примитивных устройствах можно легко и занятно программировать. А если интересно, как технологии применяют в современном геймплее, загляните на выставку про видеоигры. О ней рассказывали [здесь.](https://t.me/Education_Yandex/1297)",838,photo,3,True,"['https://t.me/Education_Yandex/1297', 'https://t.me/yandexmuseum/1676', 'https://t.me/yandexmuseum']",10460,28,65,,,,,,,,,,,6.0,1.0,,,,29.0,8.0,,,,,,37.0
Education_Yandex,Яндекс Образование,36000,1329,2025-02-19,15:34:38,2025-02-19 15:34:38+00:00,2025-12-01 02:50:18.864961,False,False,True,"Если хотите понять, как устроен геймдев изнутри, без математики никуда. Именно она отвечает за генерацию миров, движение персонажей и баланс игровых механик. Как всё это работает — рассказываем в карточках 🔍",207,document,0,False,[],9784,86,79,,,,,,,,,7.0,,5.0,,,,,2.0,,,,,,,116.0
Education_Yandex,Яндекс Образование,36000,1328,2025-02-18,15:47:59,2025-02-18 15:47:59+00:00,2025-12-01 02:50:18.864961,False,True,True,[ОПРОС] 🙏 Катка в учёбе — это когда...,38,other,0,False,[],10097,19,73,,,,,,,,13.0,,,,,1.0,,,,,,10.0,42.0,2.0,,5.0
Education_Yandex,Яндекс Образование,36000,1327,2025-02-18,15:41:32,2025-02-18 15:41:32+00:00,2025-12-01 02:50:18.864961,False,True,True,[ОПРОС] 🔻 Вы когда-нибудь страфили на экзаменах?,48,other,0,False,[],9736,17,82,,,,,,,,,,,,,3.0,,,5.0,,,,67.0,,,7.0
Education_Yandex,Яндекс Образование,36000,1326,2025-02-18,15:38:32,2025-02-18 15:38:32+00:00,2025-12-01 02:50:18.864961,False,True,True,"[ОПРОС] 🔄 Если ваш друг словит тильт, вы...",43,other,0,False,[],9274,23,38,,7.0,,,,,,,,,,5.0,,,,,,,1.0,2.0,23.0,,0.0
Education_Yandex,Яндекс Образование,36000,1325,2025-02-18,15:34:53,2025-02-18 15:34:53+00:00,2025-12-01 02:50:18.864961,False,True,True,[ОПРОС] 🔍 Как вы фармите знания перед экзаменами?,49,other,0,False,[],9755,17,37,,,,,,,,,2.0,,2.0,,,,,,,,6.0,8.0,19.0,,0.0
Education_Yandex,Яндекс Образование,36000,1324,2025-02-18,15:30:57,2025-02-18 15:30:57+00:00,2025-12-01 02:50:18.864961,False,False,True,"Повышать скиллы и проходить квесты — это реалии не только игрового мира, но и учёбы. Фарм знаний и тильт перед дедлайнами такая же часть студенческой жизни, как и любого RPG. Осталось разобраться, что это значит 👾 Пофантазировали, как игровой сленг звучал бы в учебной среде. Попробуете угадать? ⬇️",298,document,0,False,[],10215,35,63,,,,,,,,,,,,1.0,,,,36.0,,,3.0,9.0,7.0,,7.0
Education_Yandex,Яндекс Образование,36000,1323,2025-02-14,11:30:19,2025-02-14 11:30:19+00:00,2025-12-01 02:50:18.866469,False,False,False,"🩷🩷 🩷🩷 В День Святого Валентина говорим о любви к образованию с Валентиной Бронер, руководителем академических программ ШАДа 🩷 💛💛💛 💛💛💛 💛💛💛 __**Если любовь бывает с первого взгляда** __**__💖__**__**,** **то для студентов ШАДа** **любовь**__ — с первой домашки. А лично для меня любовь к ШАДу началась с классного комьюнити. **🩷****🩷** 🩷🩷 **__Как и когда ты поняла, что преподавание — это призвание и любовь всей твоей жизни?__ **Я впервые увидела связь между разными разделами математики. Это был восторг, что я могу передавать такие знания своим студентам 🩷** ** 💙💙💙💙💙 💙💙💙💙💙 💙💙💙💙💙 __**Лобачевский говорит, что «математика — это язык, на котором** **говорят все точные науки»** __**__💖__**__ **Как**,** на твой взгляд**,** выглядело бы признание в любви на этом языке?**__ Когда студент так любит мой предмет, что не просто его заучивает 🩷, а старается разобраться и найти новые подходы. 💖💖 💖💖 **__В любви говорят, что «противоположности притягиваются». А что говорят преподаватели ШАДа? __****__💖__** Что противоположности делают крутые проекты! Конечно, важно быть единомышленниками, но вот посмотреть на один и тот же объект с разных сторон — это суперкрутой навык 🩷И обычно из таких ребят получаются сильные команды. 🩷🩷🩷🩷🩷🩷 🩷🩷🩷🩷🩷🩷 🩷🩷🩷🩷🩷🩷 🩷🩷🩷🩷🩷🩷 **__На День всех влюблённых __****__🩷__****__дарят шоколад и валентинки. А что подарить преподавателю, чтобы выразить любовь к его предмету?__** Просто сказать спасибо 🩷Хочется, чтобы была обратная связь преподавателям. Потому что одна из причин вообще преподавать — это видеть, что ты меняешь мир, что можешь передать свой уникальный опыт. **__Как влюбить __****__💖__****__ студента в свой предмет?__** Мне кажется, самое важное — любить то, что ты делаешь. Потому что если ты не любишь🩷предмет, который читаешь, если тебе не нравится формат, в котором работаешь, студенты всё это почувствуют. 💞 💞",1845,,0,False,[],12341,33,107,,1.0,,,,,,,,,9.0,,,,,18.0,14.0,,,,,,65.0
Education_Yandex,Яндекс Образование,36000,1322,2025-02-12,18:24:55,2025-02-12 18:24:55+00:00,2025-12-01 02:50:18.867900,False,False,True,"В студкемпах не просто учат теорию — тут получают практические знания, которые пригодятся в реальных задачах на стажировках. Этот опыт может стать отличным стартом, чтобы попасть в Яндекс и занять позицию мечты. Вот история Сергея Щербакова, который прошёл три студкемпа из четырёх. «На студкемпе я узнал о проекте Яндекса CodeRun и сразу решил принять участие. Полученные знания помогли мне успешно выступить во втором сезоне, попасть в топ-лидеры проекта и получить фаст-трек на стажировку. Сейчас я в Яндексе — и нашёл не только коллег, но и настоящих друзей». Но не только участники студкемпов попадают на стажировки в Яндекс.** **[**Young&&Yandex**](https://t.me/Young_and_Yandex)** открыли 2800 мест для стажёров**: на 20% больше, чем в прошлом году. Бэкенд, фронтенд, ML, аналитика, мобилка и DevOps остались, но добавились и новые неайтишные направления: финансы, маркетинг, HR, юриспруденция. И это оплачиваемая стажировка, которую можно совмещать с учёбой. Кстати, контесты на стажировки недавно обновили. Теперь даже если вы уже оставляли заявку 2 недели назад, можно попробовать снова. ❗️ Интересный факт: каждый шестой старший разработчик Яндекс начинал со стажировки. Уже готовы к старту в Яндексе? Оставляйте [заявку](https://yandex.ru/yaintern?utm_source=telegram&utm_medium=internal&utm_campaign=yaintern25&utm_content=45700&utm_term=anons_education) на стажировку.",1382,photo,2,True,"['https://t.me/Young_and_Yandex', 'https://yandex.ru/yaintern?utm_source=telegram&utm_medium=internal&utm_campaign=yaintern25&utm_content=45700&utm_term=anons_education']",11890,90,76,,,,,,,,4.0,,,12.0,1.0,,,,41.0,,,,,,,31.0
Education_Yandex,Яндекс Образование,36000,1315,2025-02-11,17:18:49,2025-02-11 17:18:49+00:00,2025-12-01 02:50:18.867900,False,False,True,"Академическая мобильность — один из главных трендов в образовании. Можно получать знания на парах в вузе, спецкурсах и программах по обмену. А если вас интересуют ИИ и математика, ещё и на студкемпах Яндекса. **Студкемпы** — это бесплатные сверхинтенсивы для студентов IT-специальностей. За две недели участники осваивают материал, который обычно изучается несколько месяцев. В 2025 году пройдёт **шесть интенсивов**. Первый начнётся 14 апреля в ФПМИ МФТИ и будет посвящён генеративному ИИ и роботам. Набор на него стартовал уже сегодня. 🔻 **Как попасть?** Зарегистрироваться на [сайте](https://education.yandex.ru/studcamp-mipt?utm_source=telegram&utm_medium=internal&utm_campaign=studcampmipt-2025&utm_content=11.02), пройти отборочный контест и собеседование. 🔻 **Что вас ждёт?** Поделились самыми интересными фактами в карточках.",833,photo,1,True,['https://education.yandex.ru/studcamp-mipt?utm_source=telegram&utm_medium=internal&utm_campaign=studcampmipt-2025&utm_content=11.02'],10754,130,69,,,,,,,,,,,5.0,1.0,,,,36.0,,,,,,,39.0
Education_Yandex,Яндекс Образование,36000,1314,2025-02-08,10:02:47,2025-02-08 10:02:47+00:00,2025-12-01 02:50:18.867900,False,False,True,,0,document,0,False,[],11747,18,33,,18.0,,,,,,,,,8.0,,,,,,,,,,,,7.0
Education_Yandex,Яндекс Образование,36000,1313,2025-02-08,10:02:47,2025-02-08 10:02:47+00:00,2025-12-01 02:50:18.869289,False,False,False,"Немного отвлечёмся от выходных на короткое включение из Проектной школы. Здесь на вопросы про ИИ и робототехнику ответил эксперт — **Максим Спорышев**, который руководит службой предсказания и планирования движения в автономном транспорте Яндекса ❤️",249,,0,False,[],11258,6,27,,,,,,,,,,,9.0,,,,,3.0,,,,,,,15.0
Education_Yandex,Яндекс Образование,36000,1312,2025-02-07,12:22:59,2025-02-07 12:22:59+00:00,2025-12-01 02:50:18.869289,False,False,True,,0,document,0,False,[],12518,18,36,,,,,,,,,,,2.0,,,,,,9.0,,,,3.0,,22.0
Education_Yandex,Яндекс Образование,36000,1311,2025-02-07,12:20:06,2025-02-07 12:20:06+00:00,2025-12-01 02:50:20.215062,False,False,False,"Как применять ИИ в обучении и зачем компаниям нужны бизнес-аналитики? Спросили эксперта Проектной школы **Сашу Мамаева**, который руководит службой машинного обучения в Яндекс Такси ❤️",184,,0,False,[],11875,13,23,,,,,,,,,4.0,,,,,,,3.0,,,,,,,16.0
Education_Yandex,Яндекс Образование,36000,1305,2025-02-06,17:08:20,2025-02-06 17:08:20+00:00,2025-12-01 02:50:20.216066,False,False,True,"Сегодня четвёртый день проектной школы AI360. Разбираемся, что это и как устроено. ✳️ **Что такое проектная школа? ** Яндекс, Сбер и ведущие вузы — ИТМО, НИУ ВШЭ, МФТИ и Университет Иннополис — создали первый в России **бакалавриат AI360** для будущих архитекторов и исследователей ИИ. Проектная школа — обязательная часть учебной программы. Студенты решают реальные кейсы, нетворкаются и прокачивают софт скилы. ✳️ **Какие есть программы?** ML Native, инженерия искусственного интеллекта — про все рассказали на [сайте.](https://360-ai.ru/) ✳️ **Как стать студентом бакалавриата? **В этом году набор уже закрыт, но можно подать [заявку](https://360-ai.ru/) на участие в следующем. 🔥 — если хотите узнать от преподавателей, как применять ИИ в обучении",751,photo,1,True,['https://360-ai.ru/'],9847,55,88,,,,,,,,,,,10.0,,,,,58.0,,,,2.0,,4.0,14.0
Education_Yandex,Яндекс Образование,36000,1304,2025-02-04,07:35:15,2025-02-04 07:35:15+00:00,2025-12-01 02:50:20.216066,False,False,True,"**Новый дайджест возможностей уже на горизонте** ✳️ **Открыт набор на интенсив по мобильной разработке.** За две недели участники пройдут все этапы создания приложений на iOS или Flutter под руководством опытных разработчиков Яндекса. Перелёт в Сочи, проживание, питание и обучение — бесплатно, а лучшие студенты попадут на стажировку и работу в Яндекс. Подать [заявку](https://yandex.ru/yaintern/siriusmobile?utm_source=telegram&utm_medium=social&utm_campaign=sirius25&utm_content=yy&utm_term=education_03.02)[ ](https://yandex.ru/yaintern/analytics?utm_source=telegram&utm_medium=social&utm_campaign=sirius25&utm_content=yy&utm_term=education_03.02)и решить тестовое можно до 17 февраля. ✳️ **Сохраняйте **[**подборку**](https://vk.com/clip-84793390_456239820)** ресурсов по ML.** Руководитель академических программ ШАДа Валя Бронер рекомендует наглядные видео и примеры для знакомства с темой машинного обучения. А ещё рассказывает, какие ресурсы помогут разобраться в ML с юмором и без сложных формул. ✳️ **Вышел **[подкаст](https://t.me/historyofyou/1565)** об ИИ для поиска предков.** Герой выпуска — Ваня Бибилов, который отвечает за программу прикладного анализа данных (ПАНДАН), созданную Яндекс Образованием и Европейским университетом. За 40 минут услышите об использовании ИИ в генеалогии, узнаете, какие проекты уже существуют (например, распознавание гербов), и смогут ли нейросети заменить исследователей. ✳️ **Попробуйте игру **[**«Соедини фразы»**](https://t.me/yandex_educated_bot?start=smm_digest)**.** С одной стороны экрана — большая цель, с другой — простые шаги, чтобы к ней приблизиться. Определите, что именно надо сделать, чтобы осуществить замысел.",1676,document,5,True,"['https://vk.com/clip-84793390_456239820', 'https://t.me/yandex_educated_bot?start=smm_digest', 'https://yandex.ru/yaintern/analytics?utm_source=telegram&utm_medium=social&utm_campaign=sirius25&utm_content=yy&utm_term=education_03.02', 'https://t.me/historyofyou/1565', 'https://yandex.ru/yaintern/siriusmobile?utm_source=telegram&utm_medium=social&utm_campaign=sirius25&utm_content=yy&utm_term=education_03.02']",11057,102,49,,,,,,,,,6.0,,12.0,,,,,20.0,,,,,,,11.0
Education_Yandex,Яндекс Образование,36000,1299,2025-02-01,11:37:01,2025-02-01 11:37:01+00:00,2025-12-01 02:50:20.217528,False,False,True,"**Пасхалки — это не только про игры** В Яндексе разработчики тоже любят оставлять скрытые сюрпризы для самых внимательных пользователей (и коллег). Это способ передать привет, спрятать отсылки или просто добавить немного веселья в сервисы. Какие фишки есть в [Поиске Яндекса](https://t.me/yandex_search)? Нашли их за вас 🔍",322,photo,1,True,['https://t.me/yandex_search'],11522,135,139,,,,,,,,,,,23.0,4.0,,,,81.0,1.0,,,,,1.0,29.0
Education_Yandex,Яндекс Образование,36000,1298,2025-01-31,07:13:05,2025-01-31 07:13:05+00:00,2025-12-01 02:50:20.217528,False,False,True,"Первые видеоигры появились ещё в 1950-х — и с тех пор индустрия изменилась до неузнаваемости. Как именно? Разобраться в этом приглашаем на [выставке](https://t.me/Education_Yandex/1297) Яндекс Музея **«Игра в технологии»**. А дополнить впечатления поможет подкаст! В нём рассказывают, как развивались игровые интерфейсы — от советских механических симуляторов и первых видеоигр до современных арт-проектов и игровых механик Яндекса. Все выпуски уже на [Яндекс Музыке](https://music.yandex.ru/album/34502408?dir=asc&activeTab=track-list) 🙊",538,photo,2,True,"['https://music.yandex.ru/album/34502408?dir=asc&activeTab=track-list', 'https://t.me/Education_Yandex/1297']",11980,14,35,,,,,,,,,,,1.0,,,,,16.0,,,,,,,18.0
Education_Yandex,Яндекс Образование,36000,1297,2025-01-29,16:45:07,2025-01-29 16:45:07+00:00,2025-12-01 02:50:20.217528,False,False,True,"**Как выглядело прошлое технологий? А каким будет будущее?** Заглянуть в оба измерения можно в [Яндекс Музее.](https://t.me/+WauID5vz8-c4MGQy) Здесь собраны изменившие мир устройства — от первой PlayStation до советских компьютеров. Все они работают, на них установлены программы и игры. В Музее постоянно проходят мастер-классы, лекции и другие мероприятия. 🙊 Сейчас это — выставка [«Игра в технологии».](https://yandex.ru/museum/game_in_technology?utm_source=tg&utm_medium=yandex_education&utm_campaign=igra_techno&utm_content=post) Здесь можно увидеть, как развивались технологии от первых пиксельных миров до современных веб-игр, а ещё — что их ждёт в будущем. Выставка открыта до 27 февраля. Если будете в городе в это время, заглядывайте по адресу: г. Москва, ул. Садовническая, 82с2, 5 подъезд.",801,photo,2,True,"['https://t.me/+WauID5vz8-c4MGQy', 'https://yandex.ru/museum/game_in_technology?utm_source=tg&utm_medium=yandex_education&utm_campaign=igra_techno&utm_content=post']",10860,47,47,,9.0,,,,,,,,,5.0,,,,,13.0,,,,,,,20.0
Education_Yandex,Яндекс Образование,36000,1296,2025-01-27,16:35:08,2025-01-27 16:35:08+00:00,2025-12-01 02:50:20.218531,False,False,True,"Бережно напоминаем: осталось 2 дня, чтобы **подать заявку** и **пройти отборочное тестирование** на онлайн-специализации Яндекс Лицея 🤓 Бесплатные онлайн-программы рассчитаны на школьников и студентов колледжей 13–20 лет. Можно выбрать одно из пяти направлений: 🔻 [**Веб-разработка на Django**](https://lyceum.yandex.ru/django?utm_source=telegram&utm_medium=internal&utm_campaign=specializations2025&utm_content=education) — познакомитесь с принципами проектирования серверных приложений, научитесь тестировать код и совместно работать в Git. 🔻 [**Веб-разработка на Go**](https://lyceum.yandex.ru/web-go?utm_source=telegram&utm_medium=internal&utm_campaign=specializations2025&utm_content=education) — начнёте создавать веб-приложения с нуля: от кода до инфраструктуры. 🔻 [**Машинное обучение**](https://lyceum.yandex.ru/ml?utm_source=telegram&utm_medium=internal&utm_campaign=specializations2025&utm_content=education) — научитесь строить простые нейронные сети и применять ML‑алгоритмы в компьютерном зрении. 🔻 [**Большие данные**](https://lyceum.yandex.ru/bigdata?utm_source=telegram&utm_medium=internal&utm_campaign=specializations2025&utm_content=education) — узнаете, как обрабатывать, анализировать и визуализировать большие массивы данных, чтобы решать прикладные задачи. 🔻 [**Анализ данных**](https://lyceum.yandex.ru/data-analysis?utm_source=telegram&utm_medium=internal&utm_campaign=specializations2025&utm_content=education)** **— получите основные навыки джуниор-аналитика. Обучение длится три месяца и построено так, чтобы занятия было удобно совмещать со школой или колледжем. Каждую неделю — лекция, практический урок и домашние задания. В последний месяц ребята работают над командным проектом. Преподаватели — эксперты Яндекса и других компаний. Подать [**заявку**](https://lyceum.yandex.ru/?utm_source=telegram&utm_medium=internal&utm_campaign=specializations2025&utm_content=education) и пройти отборочное тестирование можно до 29 января.",1958,document,6,True,"['https://lyceum.yandex.ru/django?utm_source=telegram&utm_medium=internal&utm_campaign=specializations2025&utm_content=education', 'https://lyceum.yandex.ru/data-analysis?utm_source=telegram&utm_medium=internal&utm_campaign=specializations2025&utm_content=education', 'https://lyceum.yandex.ru/bigdata?utm_source=telegram&utm_medium=internal&utm_campaign=specializations2025&utm_content=education', 'https://lyceum.yandex.ru/ml?utm_source=telegram&utm_medium=internal&utm_campaign=specializations2025&utm_content=education', 'https://lyceum.yandex.ru/web-go?utm_source=telegram&utm_medium=internal&utm_campaign=specializations2025&utm_content=education', 'https://lyceum.yandex.ru/?utm_source=telegram&utm_medium=internal&utm_campaign=specializations2025&utm_content=education']",17544,234,42,,4.0,,,,,,,,,8.0,2.0,,,,7.0,,,,,,,21.0
Education_Yandex,Яндекс Образование,36000,1295,2025-01-25,11:02:36,2025-01-25 11:02:36+00:00,2025-12-01 02:50:20.219534,False,False,True,"Вам тоже бывает сложно подступиться к большим делам и проектам? Мы слушаем и не осуждаем! И даже напротив, понимаем, как трудно бывает вдохновить себя на старт. Особенно, если задача кажется недостижимой. Поэтому мы создали игру, которая поможет вам начать легко и уверенно. **Как это работает** [Игра «Соедини фразы»](https://t.me/yandex_educated_bot?start=smm_digest) делит большие цели на маленькие этапы. С одной стороны экрана — глобальная задача. С другой — простые действия для её достижения. Теперь можно пройтись по шагам и посмотреть, как они приведут к высоким результатам. Двигайтесь вперёд в своём темпе, а мы будем рядом для поддержки 💘",650,photo,1,True,['https://t.me/yandex_educated_bot?start=smm_digest'],11414,38,55,,,,,,,,,,,3.0,,,,,33.0,,,,,,,19.0
Education_Yandex,Яндекс Образование,36000,1291,2025-01-25,07:31:37,2025-01-25 07:31:37+00:00,2025-12-01 02:50:20.219534,False,False,True,"Преподаватели Яндекс Образования — настоящие эксперты, которые тоже проходили путь от новичков до профессионалов. Они тоже когда-то учили математику и другие не всегда простые предметы, но преодолели все трудности и теперь сами преподают. Всё потому, что сталкиваться с трудностями в процессе обучения — это нормально. Главное — желание разобраться, признать, если что-то не получается, и продолжать двигаться вперёд. С днём студента 🙏",435,photo,0,False,[],10932,50,63,,,,,,,,,,,4.0,1.0,,,,17.0,2.0,,,,3.0,,36.0
Education_Yandex,Яндекс Образование,36000,1290,2025-01-24,11:35:44,2025-01-24 11:35:44+00:00,2025-12-01 02:50:20.219534,False,False,True,"Научиться работать с большими данными ещё в школе или колледже можно на онлайн-специализации Яндекс Лицея по направлению «Большие данные» 🤓 Первые два месяца эксперты из Яндекса проводят лекции и практические занятия. Третий месяц обучения — практический: учащиеся делятся на команды и вместе решают прикладную задачу. За это время вы научитесь: 👾 работать с большими массивами данных 👾 проектировать распределённые вычислительные алгоритмы 👾 анализировать данные 👀 визуализировать датасеты и строить интерактивные дашборды 👾 делать обоснованные выводы на основании данных Перед поступлением нужно знать синтаксис Python, базовые алгоритмы обработки списочных данных, группировку по ключу, а также иметь опыт работы с итераторами. Тестирование и всё обучение — онлайн. Подавайте заявки и проходите тестирование до 29 января [на сайте.](https://lyceum.yandex.ru/bigdata?utm_source=telegram&utm_medium=internal&utm_campaign=specializations2025&utm_content=education)",964,document,1,True,['https://lyceum.yandex.ru/bigdata?utm_source=telegram&utm_medium=internal&utm_campaign=specializations2025&utm_content=education'],11279,63,44,,10.0,,,,,1.0,,,,5.0,,,,,5.0,,,,,,,23.0
Education_Yandex,Яндекс Образование,36000,1289,2025-01-23,16:33:12,2025-01-23 16:33:12+00:00,2025-12-01 02:50:20.220537,False,False,True,"Получите навыки аналитика уровня джуна на онлайн-специализации Яндекс Лицея по направлению «Анализ данных» 🤓 За три месяца вы научитесь: 🌞 переводить практическую проблему в математический алгоритм, а результат алгоритма — в практический результат; 🌞 работать с инструментами Python, при этом умение работать с пакетами и модулями должно быть у вас уже на старте; 🌞 применять аналитические алгоритмы для поиска причин проблем и для определения путей их решения в любой отрасли; 👀 визуализировать результат через графики и дашборды. Практика — важный элемент обучения. Ученики погружаются в реальные задачи, которые ежедневно решают специалисты Яндекса: некоторые команды в прошлом наборе анализировали спрос на шеринг самокатов и разрабатывали рекомендации по увеличению выручки. Звучит сложно? Да! Но если у вас есть серьёзный настрой, мы поможем дойти до цели. Осталось [подать заявку](https://lyceum.yandex.ru/data-analysis?utm_source=telegram&utm_medium=internal&utm_campaign=specializations2025&utm_content=education) и пройти тестирование.",1045,document,1,True,['https://lyceum.yandex.ru/data-analysis?utm_source=telegram&utm_medium=internal&utm_campaign=specializations2025&utm_content=education'],10858,80,67,,,,,,,,,,,13.0,,,,,32.0,,,,3.0,,,19.0
Education_Yandex,Яндекс Образование,36000,1288,2025-01-22,16:05:36,2025-01-22 16:05:36+00:00,2025-12-01 02:50:20.220537,False,False,True,"**Задача**: научиться веб-разработке на Go **Решение**: онлайн-специализация в Яндекс Лицее 🤓 Язык программирования Go прекрасно подходит для создания высоконагруженных веб-приложений и масштабируемых систем — на этом будет сделан акцент в обучении. За три месяца вы: ✔️ научитесь писать чистый и понятный код — так, чтобы вас понимали другие разработчики; ✔️ узнаете об инструментах, которые помогут ускорить разработку и легко запускать приложения; ✔️ сможете развёртывать инфраструктуру и поднимать на ней веб-приложения. Занятия ведут практикующие разработчики, а учиться могут школьники и студенты колледжей от 13 до 20 лет. С вас — серьёзный подход, с нас — программа «без воды». Заявки принимаются [здесь](https://lyceum.yandex.ru/web-go?utm_source=telegram&utm_medium=internal&utm_campaign=specializations2025&utm_content=education) до 29 января.",854,document,1,True,['https://lyceum.yandex.ru/web-go?utm_source=telegram&utm_medium=internal&utm_campaign=specializations2025&utm_content=education'],11098,76,73,,11.0,,,,,,,,,4.0,4.0,,,,5.0,26.0,,,,,1.0,22.0
Education_Yandex,Яндекс Образование,36000,1283,2025-01-21,17:06:03,2025-01-21 17:06:03+00:00,2025-12-01 02:50:20.220537,False,False,True,"Новые знакомства, навыки и работа в команде — спросили у выпускников [Яндекс Лицея](https://lyceum.yandex.ru/index?utm_source=telegram&utm_medium=internal&utm_campaign=specializations2025&utm_content=education#specialization), как им учёба на онлайн-специализациях. Ответы — в карточках 🙏",288,photo,1,True,['https://lyceum.yandex.ru/index?utm_source=telegram&utm_medium=internal&utm_campaign=specializations2025&utm_content=education#specialization'],9474,17,80,,17.0,,,,,,,,,,,,,,6.0,16.0,,,,,,41.0
Education_Yandex,Яндекс Образование,36000,1282,2025-01-20,11:05:45,2025-01-20 11:05:45+00:00,2025-12-01 02:50:20.220537,False,False,True,"Для разработки современных сайтов и веб-приложений нужно многое освоить. На онлайн-специализации Яндекс Лицея **«Веб-разработка на Django»** получится системно пройти по всем этапам и научиться: 👾 проектировать серверные приложения 👾 воспроизводить сборки и развёртывания приложений 👾 работать в Git на продвинутом уровне, в команде ✳️ тестировать код Кроме теории обязательно будет практика: ученики совместно работают над проектами как настоящие продуктовые команды. Одна из команд прошлого сезона даже разработала игру — пример того, что подходить к проектам можно с креативом. Если вы учитесь в школе или колледже, вам от 13 до 20 лет и у вас есть базовые знания Python, подавайте заявку до 29 января [на сайте Яндекс Лицея](https://lyceum.yandex.ru/django?utm_source=telegram&utm_medium=internal&utm_campaign=specializations2025&utm_content=education) 🤓",858,document,1,True,['https://lyceum.yandex.ru/django?utm_source=telegram&utm_medium=internal&utm_campaign=specializations2025&utm_content=education'],11548,79,74,,,,,,,6.0,,,,11.0,,,,,20.0,3.0,,,,,,34.0
Education_Yandex,Яндекс Образование,36000,1281,2025-01-17,07:04:48,2025-01-17 07:04:48+00:00,2025-12-01 02:50:20.221885,False,False,True,"**Если машинное обучение кажется магией, то в Яндекс Лицее можно стать волшебником ** В ближайшие три месяца ученики онлайн-специализации по этому направлению будут: ✳️ изучать линейную алгебру в объёме, необходимом для погружения в машинное обучение ✳️ применять базовые ML‑алгоритмы в компьютерном зрении 👾 строить и обучать свёрточные нейронные сети ✳️ работать с популярными фреймворками и библиотеками. Всё это — под руководством эксперта из индустрии. Ещё участникам предстоит поработать над проектами в команде и принять участие в соревнованиях на Kaggle, анализируя реальные датасеты изображений. [Ждём заявки](https://lyceum.yandex.ru/ml?utm_source=telegram&utm_medium=internal&utm_campaign=specializations2025&utm_content=education) на специализацию по ~~цифровой магии~~ машинному обучению от школьников и студентов колледжей от 13 до 20 лет, которые любят математику и знакомы с основами Python ⚡️",909,document,1,True,['https://lyceum.yandex.ru/ml?utm_source=telegram&utm_medium=internal&utm_campaign=specializations2025&utm_content=education'],13136,148,86,,,,,,,,7.0,,,4.0,,,,,16.0,13.0,,,,,,46.0
Education_Yandex,Яндекс Образование,36000,1280,2025-01-15,16:18:33,2025-01-15 16:18:33+00:00,2025-12-01 02:50:20.221885,False,False,False,"**🤓** **Набор** **на специализации Яндекс** **Лицея открыт ** В этом году обучение будет проходить по пяти направлениям: 1️⃣ веб-разработка на Django 2️⃣ веб-разработка на Go 3️⃣ машинное обучение 4️⃣ большие данные 5️⃣ анализ данных **Для кого? **Для школьников и студентов колледжей 13–20 лет, которые интересуются программированием. Но подход у нас серьёзный: домашние задания и контрольные работы. Зато после трёх месяцев сможете пополнить своё портфолио проектами, основанными на реальных датасетах компании. **Почему это здорово?** Преподаватели, которые действительно работают в индустрии, поделятся кейсами из практики. Бонусом — ламповое комьюнити единомышленников, состоящее из 2200 выпускников Лицея. Подайте[ заявку ](https://lyceum.yandex.ru/index?utm_source=telegram&utm_medium=internal&utm_campaign=specializations2025&utm_content=education#specialization)до 29 января. Уже ждём встречи!",902,,1,True,['https://lyceum.yandex.ru/index?utm_source=telegram&utm_medium=internal&utm_campaign=specializations2025&utm_content=education#specialization'],20530,573,104,,21.0,,,,,,,,,17.0,,,,,11.0,,,,,,2.0,53.0
Education_Yandex,Яндекс Образование,36000,1279,2025-01-14,14:42:08,2025-01-14 14:42:08+00:00,2025-12-01 02:50:20.222894,False,False,True,"Если вы давно хотите научиться анализу данных, найти общий язык с нейросетями или узнать историю игр, то первый месяц года — самое время, чтобы начать. Рассказываем, как это сделать. ▫️**Подготовка к ВсОШ **[по информатике](https://yandex.ru/yaintern/olympiads/vsosh-inf?utm\_source=telegram&utm\_medium=social&utm\_campaign=vsosh24&utm\_content=jan25-inf&utm\_term=yandex) идёт прямо сейчас и продлится до 16 января, а 20 января стартуют онлайн-сборы к [математике.](https://yandex.ru/yaintern/olympiads/vsosh-mat?utm_source=telegram&utm_medium=social&utm_campaign=vsosh24&utm_content=yandexobrazovanie&utm_term=anons) Каждый день новые задачи с видеоразборами, а в конце — пробная олимпиада с подарками самым сильным участникам. Сборы открыты для учеников 9–11-х классов, для участия достаточно зарегистрироваться. ▫️Если хотите прокачаться в анализе данных и научиться применять машинное обучение в задачах бизнеса, вам [сюда.](https://cs.hse.ru/dpo/datascienceschool/winter2025/#register) **На Зимней школе НИУ ВШЭ по аналитике и Data Science** выступит руководитель команды аналитики YandexArt в Яндексе Артур Самигуллин и другие крутые спикеры. ▫️**Школа CRM-маркетологов** для старшекурсников и недавних выпускников: здесь узнаете, как построить эффективные коммуникации с пользователями и увеличить прибыльность бизнеса. Бонусом — возможность получить офер от Яндекса. [Регистрируйтесь](https://yandex.ru/yaintern/schools/crm?utmsource=telegram&utmmedium=social&utmcampaign=crm-school24&utmcontent=yandexobrazovanie&utm_term=anons) и решайте тестовое задание до 19 января. ▫️В Яндекс Музее на Павелецкой проходит **выставка «Игра в технологии»**. Это путешествие в мир игрушек, видеоигр и их интерфейсов. Выставка бесплатная, продлится до 27 февраля. Достаточно [зарегистрироваться.](https://yandex.ru/museum/game_in_technology?m-message-key-id=9024981050706624516&m-message-click-id=a8c21c9f-0f20-4b75-b56a-a59cf1ad9771&utm_source=tg&utm_medium=yaeducation&utm_campaign=igra_techno&utm_content=post) ▫️**Пройдите **[**тест**](https://mel.fm/testy/prover/6724158-test-opredelite-naskolko-khorosho-vy-umeyete-obshchatsya-s-neyrosetyami)** на «Меле**» и проверьте, умеете ли вы писать промты и насколько эффективно используете искусственный интеллект в работе и учёбе. Чтобы получать новости по интересам, подпишитесь на нашего [чат-бота.](https://t.me/yaeducation_bot?start=n_113083__c_7805)",2398,document,7,True,"['https://yandex.ru/yaintern/schools/crm?utmsource=telegram&utmmedium=social&utmcampaign=crm-school24&utmcontent=yandexobrazovanie&utm_term=anons', 'https://t.me/yaeducation_bot?start=n_113083__c_7805', 'https://yandex.ru/yaintern/olympiads/vsosh-inf?utm\\_source=telegram&utm\\_medium=social&utm\\_campaign=vsosh24&utm\\_content=jan25-inf&utm\\_term=yandex', 'https://yandex.ru/yaintern/olympiads/vsosh-mat?utm_source=telegram&utm_medium=social&utm_campaign=vsosh24&utm_content=yandexobrazovanie&utm_term=anons', 'https://mel.fm/testy/prover/6724158-test-opredelite-naskolko-khorosho-vy-umeyete-obshchatsya-s-neyrosetyami', 'https://yandex.ru/museum/game_in_technology?m-message-key-id=9024981050706624516&m-message-click-id=a8c21c9f-0f20-4b75-b56a-a59cf1ad9771&utm_source=tg&utm_medium=yaeducation&utm_campaign=igra_techno&utm_content=post', 'https://cs.hse.ru/dpo/datascienceschool/winter2025/#register']",12961,104,55,,2.0,,,3.0,,,,,,14.0,,,,,16.0,,,,,,,20.0
Education_Yandex,Яндекс Образование,36000,1278,2025-01-10,16:59:15,2025-01-10 16:59:15+00:00,2025-12-01 02:50:20.222894,False,False,False,"Возможно, кто-то из вас уже познакомился с этим методом, когда получил его в рекомендациях после [онлайн-теста.](https://education.yandex.ru/learningcheckup?utm_source=telegram&utm_medium=internal&utm_campaign=checkup2024&utm_content=10.01) Если вы его ещё не проходили, то рекомендуем это сделать: все советы будут подобраны под ваши особенности. В любом случае, этот метод поможет всем, кто ставит цели на Новый год. А мы знаем, что ставят их многие 🤞🏻 **В чём суть метода? ** **Шаг 1** Возьмите бумагу, цветные карандаши, фломастеры или краски. Лучше использовать лист побольше, чтобы было удобно рисовать, — например, формата A3. **Шаг 2** Начните рисовать дерево. Сперва нарисуйте корни, а на них запишите ваши опоры: то, что даёт силы и наполняет. Это могут быть люди, места, ваши достижения, личные качества — всё что угодно. Главное — выбирать честно и искренне. **Шаг 3** Перейдите в верхнюю часть листа. Этап со стволом и листьями мы пока пропустим — вместо них нарисуйте крупные плоды. Это ваши мечты, «хотелки» и цели. Прислушайтесь к себе и зафиксируйте то, чего по-настоящему хотите. Плодов может быть сколько угодно. **Шаг 4** Выберите из выписанных на плодах целей ту, которой хотите достичь в первую очередь. Подумайте, какая из опор в корнях поможет вам её достичь. Например, цель «Найти работу мечты» можно связать с опорой «Упорство» Теперь начните «проращивать» ствол от корней к цели: соедините цель с нужной опорой. Нарисуйте ствол, ветки и листья. На стволе, который ведёт к плоду, напишите, какие практики и привычки помогут вам исполнить мечту. Проявите фантазию: на ветках напишите, какие события должны произойти, чтобы всё получилось, на листьях — что поможет создать подходящую среду Эта часть упражнения может занять много времени, поэтому не обязательно связывать все плоды дерева с корнями за один раз. Лучше сделать несколько подходов, но обдуманно. Если в процессе поймёте, что забыли о какой-то цели или опоре, — смело дорисовывайте их. Вы можете менять дерево как угодно. В итоге у вас получится наглядная модель ваших ценностей и опор, упражнение даст понять, какие действия помогут на пути. И надеемся, в реализации образовательных целей в этом году мы будем двигаться вместе 🫶",2216,,1,True,['https://education.yandex.ru/learningcheckup?utm_source=telegram&utm_medium=internal&utm_campaign=checkup2024&utm_content=10.01'],13816,142,121,,,,,,,,11.0,,,19.0,,,,,29.0,,,,,,,62.0
Education_Yandex,Яндекс Образование,36000,1277,2025-01-10,16:59:13,2025-01-10 16:59:13+00:00,2025-12-01 02:50:20.222894,False,False,True,,0,document,0,False,[],11315,6,0,,,,,,,,,,,,,,,,,,,,,,,0.0
Education_Yandex,Яндекс Образование,36000,1275,2025-01-09,10:03:03,2025-01-09 10:03:03+00:00,2025-12-01 02:50:20.222894,False,False,True,,0,document,0,False,[],12678,9,56,,,,,9.0,1.0,,,,,3.0,,,,,34.0,,,,,,,9.0
Education_Yandex,Яндекс Образование,36000,1274,2025-01-09,10:02:57,2025-01-09 10:02:57+00:00,2025-12-01 02:50:20.222894,False,False,False,"Сделали стикерпак, в котором себя найдёт каждый, кто учился и продолжает это делать. Все совпадения с реальностью неслучайны: мы опирались на знания и практический опыт экспертов, которые знают, с какими состояниями могут столкнуться ученики и студенты. Если чувствуете, что даже на больших выходных вам сложно отдохнуть, сделайте три шага. ▪️ Позвольте себе полностью восстановиться физически: выспаться, отключив будильники. И обязательно запланируйте лёгкую и расслабляющую активность: прогулку или тренировку. ▪️ Найдите хобби, которое отвлечёт вас от учёбы: играйте в настолки или видеоигры, творите, пишите рассказы о новогодних приключениях или слушайте музыку. ▪️ После отдыха спросите себя: как сделать учёбу более интересной? Что нового попробовать? Какую бы эмоцию вы ни испытывали — радость, сомнение или усталость — помните, что всегда можно сделать паузу.",869,,0,False,[],12152,21,47,,1.0,,,,,,7.0,,,6.0,,,,,4.0,,,,,,,29.0
Education_Yandex,Яндекс Образование,36000,1268,2025-01-08,14:42:32,2025-01-08 14:42:32+00:00,2025-12-01 02:50:20.223898,False,False,True,"У каждого из нас есть целый поток заметок, закладок и сохранённой информации. Как всё это упорядочить? Есть отличное решение — система «Цеттелькастен», о которой рассказали в карточках. Система позволяет структурировать информацию в формате картотеки. Это похоже на записи в блокнот, только не в хронологическом порядке, а по системе связей и взаимозависимостей. А чтобы вернуть мотивацию к учёбе, пройдите [небольшой тест —](https://education.yandex.ru/learningcheckup?utm_source=telegram&utm_medium=internal&utm_campaign=checkup2024&utm_content=08.01) в конце получите персональные рекомендации.",597,photo,1,True,['https://education.yandex.ru/learningcheckup?utm_source=telegram&utm_medium=internal&utm_campaign=checkup2024&utm_content=08.01'],9247,145,67,,,,,1.0,,,9.0,,,1.0,,,,,17.0,,,,,,,39.0
Education_Yandex,Яндекс Образование,36000,1267,2025-01-07,08:12:51,2025-01-07 08:12:51+00:00,2025-12-01 02:50:20.223898,False,False,True,"Учёба — важная часть нашего роста, но мотивации и желания учиться хватает не всегда. С чем это связано? Вместе с экспертами в области психологии, педагогики и нейронаук из команды Яндекс Образования разобрались в этом вопросе. Результатом этого стал тест, который поможет прислушаться к исследователю внутри себя и дать ему нужные инструменты. После прохождения вас ждёт самое интересное! Расскажем, как вы учитесь сейчас, какие методы работают, а где есть точки роста. И поделимся базой знаний: рекомендациями и техниками, чтобы получение знаний было в удовольствие. Готовы влюбиться в процесс обучения? Вам [сюда.](https://education.yandex.ru/learningcheckup?utm_source=telegram&utm_medium=internal&utm_campaign=checkup2024&utm_content=07.01)",744,photo,1,True,['https://education.yandex.ru/learningcheckup?utm_source=telegram&utm_medium=internal&utm_campaign=checkup2024&utm_content=07.01'],11808,123,55,,,,,9.0,,,,,,6.0,,,,,2.0,,,,,,,38.0
Education_Yandex,Яндекс Образование,36000,1266,2025-01-06,08:17:25,2025-01-06 08:17:25+00:00,2025-12-01 02:50:20.223898,False,False,True,"Новогодние полезности, которые не отвлекут от отдыха. Собрали подкасты о технологиях, образовании и IT. **🎙 **[**yet another podcast**](https://music.yandex.by/album/24046885?dir=desc&activeTab=about) Каждый выпуск — о новом продукте Яндекса: большом обновлении, важной разработке, а также всех внутренних процессах, стоявшими за ними. **🎙 **[**YaTalks**](https://music.yandex.by/album/18906737?dir=desc&activeTab=about) Подкаст Яндекса о профессиональном и личном росте разработчиков. **🎙**[** Войти в айти**](https://music.yandex.by/album/9545891?dir=desc&activeTab=about) Подкаст, где ведущие опровергают миф о том, что айти не для всех. **🎙 **[**Непрошенный просвет**](https://music.yandex.by/album/33605060?dir=desc&activeTab=about) Рассказываем о том, как ИТ меняет образование, науку и нашу повседневность. **🎙 **[**Дело практики**](https://music.yandex.by/album/27074126?dir=desc&activeTab=about) Подкаст выпускников Яндекс Практикума про смену профессии, решиться на которую никогда не поздно.",1002,document,5,True,"['https://music.yandex.by/album/33605060?dir=desc&activeTab=about', 'https://music.yandex.by/album/18906737?dir=desc&activeTab=about', 'https://music.yandex.by/album/9545891?dir=desc&activeTab=about', 'https://music.yandex.by/album/24046885?dir=desc&activeTab=about', 'https://music.yandex.by/album/27074126?dir=desc&activeTab=about']",13128,94,34,9.0,,,,,,,,,,8.0,,,,,2.0,,,,,,,15.0
Education_Yandex,Яндекс Образование,36000,1265,2025-01-02,08:12:52,2025-01-02 08:12:52+00:00,2025-12-01 02:50:20.223898,False,False,True,"Мандарины и новогодние фильмы — классика каникул. Мы же предлагаем попробовать классику геймдева: [«Змейку»,](https://new2025.yndx.education/?utm_source=tg&utm_medium=internal&utm_campaign=snake2025&utm_content=02.01) которую команда Яндекс Образования запустила в новом формате 🐍 Что нужно делать? • Управлять змейкой и собирать виртуальные скилы — их значения можно увидеть в подсказке. • Когда наберёте 25 баллов, получить промокод на скидку в [Магазин Яндекса.](https://t.me/magazin_yandex) • Перейти на [Маркет](https://market.yandex.ru/business--yandex/891400?utm_source=tg&utm_medium=yaeducation_start&utm_campaign=snake&utm_content=post) и подобрать себе и близким классные подарки. План ссссупер!",705,photo,3,True,"['https://t.me/magazin_yandex', 'https://new2025.yndx.education/?utm_source=tg&utm_medium=internal&utm_campaign=snake2025&utm_content=02.01', 'https://market.yandex.ru/business--yandex/891400?utm_source=tg&utm_medium=yaeducation_start&utm_campaign=snake&utm_content=post']",12269,17,37,,,,,6.0,,,,,,5.0,,,,,20.0,,,,,,,6.0
Education_Yandex,Яндекс Образование,36000,1264,2024-12-31,12:56:40,2024-12-31 12:56:40+00:00,2025-12-01 02:50:20.223898,False,False,True,"Будущее наступает, и мы создаём его вместе с вами. До встречи в 2025-ом🎄",72,photo,0,False,[],16571,18,164,1.0,,,,34.0,15.0,,4.0,,,6.0,,,,,,,,,,,,104.0
Education_Yandex,Яндекс Образование,36000,1259,2024-12-27,14:13:16,2024-12-27 14:13:16+00:00,2025-12-01 02:50:20.223898,False,False,True,"Цифровые помощники стали значительно быстрее находить информацию и выполнять запросы, даже если мы формулируем их не очень точно. Но теперь перед нами стоит новая задача — уметь разбираться в потоке данных, выделять самое важное и принимать решения на основе фактов, а не интуиции или субъективных факторов. Вместе с Ваней Бибиловым, руководителем проектов по интердисциплинарным программам в Яндекс Образовании, разобрались, зачем анализировать данные в повседневной жизни, как научиться принимать решения и какие шаги помогут прокачать этот навык. Вот, что мы узнали. Умение быстро анализировать десятки переменных и принимать решения отлично развивается через игры. «Змейка» может показаться простой, но она тоже помогает тренировать этот навык. [Попробуйте](https://new2025.yndx.education/?utm_source=tg&utm_medium=internal&utm_campaign=snake2025&utm_content=27.12)",869,photo,1,True,['https://new2025.yndx.education/?utm_source=tg&utm_medium=internal&utm_campaign=snake2025&utm_content=27.12'],11053,29,59,,,,,,9.0,,4.0,,,4.0,,,,,26.0,,,,,,,16.0
Education_Yandex,Яндекс Образование,36000,1258,2024-12-26,16:02:36,2024-12-26 16:02:36+00:00,2025-12-01 02:50:20.224901,False,False,True,"Междисциплинарность — это умение сочетать навыки своей профессии с инструментами из других сфер. Например, умение писать скрипты, пусть и простые, для автоматизации рутинных задач, даже если работаете в медицине или строительстве. **Почему междисциплинарность важна?** • Даёт полное видение. Знания из других областей помогают взглянуть на свою сферу под другим углом и увидеть новые взаимосвязи. • Улучшает результаты. Смешение различных методов и идей приводит к креативным решениям, нестандартным подходам и инновациям. • Ускоряет процессы. Технологичные инструменты позволяют повысить качество работы и эффективность. **Как освоить?** • Решайте задачи за пределами своей области. Так, историки используют лазерное сканирование для создания 3D-реконструкций древних зданий. • Общайтесь с экспертами из других сфер. Для обучения языковой модели YandexGPT эксперты Яндекса привлекали лингвистов, журналистов и переводчиков. • Автоматизируйте рутину. Например, врачи внедряют автозаполнение историй болезни с применением нейронок, чтобы больше времени уделять живому общению с пациентами. Такие навыки следует развивать в реальной жизни, но пока можно поймать их в [игровом формате ](https://new2025.yndx.education/?utm_source=tg&utm_medium=internal&utm_campaign=snake2025&utm_content=26.12) ❤️ — __если тоже никогда не прекращаете учиться__",1341,photo,1,True,['https://new2025.yndx.education/?utm_source=tg&utm_medium=internal&utm_campaign=snake2025&utm_content=26.12'],11195,40,96,,1.0,,,,,,,,,24.0,,,,,8.0,,,,,,,63.0
Education_Yandex,Яндекс Образование,36000,1257,2024-12-25,12:34:50,2024-12-25 12:34:50+00:00,2025-12-01 02:50:20.224901,False,False,True,"С развитием искусственного интеллекта мы всё чаще берём на себя роль менеджеров, которые ставят задачи. Но чтобы добиваться результата от команды умных помощников, нужно уметь корректно формулировать запрос и разбивать задачи на понятные этапы. Представьте на бытовом примере: друг попросил придумать совместные планы. Получив такой размытый запрос, вы просто предложили бы первое, что пришло в голову. Было бы легче подобрать подходящий вариант, если бы друг уточнил детали: просит он спланировать совместные выходные или ближайший вечер, хочет активного отдыха или неспешной прогулки, еды из доставки или приготовленной самостоятельно. Если сильно упростить, то искусственный интеллект работает похожим образом, и чем конкретнее вы сформулируете запрос (он называется «промт»), тем точнее будет полученный результат. Чтобы вы быстрее научились эффективно общаться с ИИ-помощниками, мы разработали [гайд по промтингу.](https://clck.ru/3Dg3Qu) Уже умеете составлять промты? 👌🏻 — я в этом профи 🔥 — пойду изучать",1011,photo,1,True,['https://clck.ru/3Dg3Qu'],10471,121,102,9.0,,,,,,,,,31.0,3.0,,,,,54.0,,,,,,,5.0
Education_Yandex,Яндекс Образование,36000,1256,2024-12-24,14:40:27,2024-12-24 14:40:27+00:00,2025-12-01 02:50:20.224901,False,False,True,"К году ззззмеи приготовиться 🐍 Мы выпустили [современную версию легендарной «Змейки»](https://new2025.yndx.education/?utm_source=tg&utm_medium=internal&utm_campaign=snake2025&utm_content=24.12) — пиксельной классики игр, которая была у истоков головокружительного развития технологий. За каждым таким прорывом стоят люди, которые учатся, экспериментируют и строят будущее. Если читаете это — значит, вы уже на старте. Начните свой путь к созданию завтрашнего дня! Сначала с игры, где нужно набрать баллы, поймав как можно больше виртуальных скилов. А дальше — развивая их в реальной жизни. Но не будем спойлерить 🤫 О ключевых навыках мы расскажем подробнее в течение недели.",674,photo,1,True,['https://new2025.yndx.education/?utm_source=tg&utm_medium=internal&utm_campaign=snake2025&utm_content=24.12'],10573,30,88,2.0,1.0,,,12.0,38.0,,,,,3.0,,,4.0,,23.0,,,,,,,5.0
Education_Yandex,Яндекс Образование,36000,1255,2024-12-23,17:20:01,2024-12-23 17:20:01+00:00,2025-12-01 02:50:20.224901,False,False,True,"Все подводят итоги и размышляют о достигнутом за этот год. Вспомнили проекты, которые убеждают: узнавать новое можно с интересом и в удовольствие. ** ** 📌**Провели фестиваль про нейросети** Обсуждали на лекциях и подкастах искусственный интеллект, а ещё учились реализовывать смелые идеи с помощью промтинга. Если вы пропустили, на странице [фестиваля 8БИТ](https://education.yandex.ru/8bit-fest?utm_source=telegram&utm_medium=internal&utm_campaign=8bitfest_2024&utm_content=23.12) доступны записи.** ** 📌**Собрали истории тех, кто создаёт образование **Если в конце года хочется подзарядиться энергией и мотивацией для учёбы, можно вспомнить [спецпроект,](https://education.yandex.ru/why-we-teach/) который вдохновит и придаст сил. ** ****📌****Показали красоту математики **В начале декабря спросили у пяти специалистов Яндекса, как они применяют математику для решения рабочих и личных задач. Получились вдохновляющие [истории](https://education.yandex.ru/howtomath?utm_source=vk&utm_medium=internal&utm_campaign=howtomath&utm_content=23.12) — в них эксперты делятся полезными книгами и советами. 📌**Рассказали просто о сложных вещах** В [«Вопросе со звёздочкой»](https://vkvideo.ru/playlist/-11283947_7) яндексоиды простым языком объясняют, как устроены современные технологии, которые они сами создают.",1306,document,4,True,"['https://education.yandex.ru/howtomath?utm_source=vk&utm_medium=internal&utm_campaign=howtomath&utm_content=23.12', 'https://education.yandex.ru/why-we-teach/', 'https://education.yandex.ru/8bit-fest?utm_source=telegram&utm_medium=internal&utm_campaign=8bitfest_2024&utm_content=23.12', 'https://vkvideo.ru/playlist/-11283947_7']",10837,27,46,,,,,3.0,13.0,,,,,17.0,,,,,2.0,,,,,,,11.0
Education_Yandex,Яндекс Образование,36000,1251,2024-12-21,18:12:16,2024-12-21 18:12:16+00:00,2025-12-01 02:50:20.224901,False,False,True,"Могут ли сервисы сделать образование доступным и персонализированным? Да, и в карточках мы рассказываем об этом на примере нашего [ИИ-помощника](https://education.yandex.ru/tutor/go?utm_source=smm&utm_medium=post&utm_campaign=math_start&utm_content=lp&utm_term=yo) по математике. Кстати, ИИ-помощник стал одной из тем [YaC 2024](https://yandex.ru/yac) — ищите его в серии «Люди».",379,photo,2,True,"['https://yandex.ru/yac', 'https://education.yandex.ru/tutor/go?utm_source=smm&utm_medium=post&utm_campaign=math_start&utm_content=lp&utm_term=yo']",10577,97,67,,,,,2.0,,2.0,,,,,8.0,,1.0,,39.0,,,,,,3.0,12.0
Education_Yandex,Яндекс Образование,36000,1250,2024-12-20,07:56:30,2024-12-20 07:56:30+00:00,2025-12-01 02:50:20.226410,False,False,True,"В этом году в Яндексе запустили генеративную модель, которая умеет решать задачи по математике. Об этом эксперты рассказали в сериях YaC 2024, а мы принесли краткий пересказ вам 🤝 Сначала в Нейро просто загрузили примеры с уже известными ответами — этого объёма данных оказалось недостаточно. И тогда инженеры использовали трюк, который в машинном обучении называется «синтетика». Его особенность в том, что обучающие данные для модели собирает другая нейронка. Например, есть задачка: «У Пети пять яблок, у Коли шесть, сколько яблок у обоих мальчиков?» Разработчики передали её YandexGPT и попросили придумать десять похожих для тренировки. Таким трюком команде удалось увеличить количество примеров в 10 раз. Затем к работе подключились математики. Они разработали датасет, который научил Нейро исправлять собственные ошибки. Эти хаки помогли сделать модель с очень хорошим качеством. Попробовать можно в Яндекс Браузере, попросив помощи у [Нейро](https://ya.ru/neuro-search).",978,photo,1,True,['https://ya.ru/neuro-search'],12158,66,72,,,,,,,,,,,14.0,,,,,45.0,,,,,,,13.0
Education_Yandex,Яндекс Образование,36000,1249,2024-12-18,13:24:05,2024-12-18 13:24:05+00:00,2025-12-01 02:50:20.226410,False,False,True,"Декабрь — время подводить итоги и смотреть вперёд 💫 Каждый год Яндекс выпускает большой рассказ о людях и технологиях и делится главными открытиями года. Шесть серий [YaC 2024](https://yandex.ru/yac) уже в сети — о нейросетях, технологиях для дома и, конечно, людях. • Люди и идеи: как яндексоиды находят решения для задач, которые кажутся нерешаемыми. • Нейросети в действии: от управления беспилотником до создания ИИ-ассистента по математике. • Умные решения: как технологии помогают избежать пробок, писать код и делать телевизоры умнее. Если в ваших планах на ближайшие вечера были только новогодние фильмы, то сегодня предлагаем разбавить их просмотром серий YaC 2024 🍿 Обещаем, вдохновения получите не меньше.",716,photo,1,True,['https://yandex.ru/yac'],11209,28,56,,,,,,,,,,,8.0,3.0,,,,14.0,,,,,,,31.0
Education_Yandex,Яндекс Образование,36000,1248,2024-12-16,17:57:04,2024-12-16 17:57:04+00:00,2025-12-01 02:50:20.227436,False,False,True,"Искусственный интеллект в высшем образовании, девушки в IT и карьерные пути выпускников НИУ ВШЭ — собрали в одном посте наши недавние исследования и спецпроекты. **▪️ Доклад об интеграции искусственного интеллекта в высшее образование** Здесь собраны кейсы о том, как ведущие университеты мира используют ИИ. Цель [доклада](https://education.yandex.ru/aihighreport) – помочь российским вузам взять лучшее для себя. **▪️ Как на карьеру влияют семья, стереотипы и профильное образование?** Яндекс и Институт образования ВШЭ задали эти вопросы девушкам, которые строят карьеру в IT. [Исследование](https://education.yandex.ru/research/girlsintech?utm_source=telegram&utm_medium=internal&utm_campaign=girlsintech&utm_content=16.12) показало, что повлияло на их выбор профессии и кто чаще занимает руководящие должности, а также с какими трудностями они сталкивались. **▪️ Проект о карьерном пути выпускников Факультета компьютерных наук ВШЭ** Как повлияла на них учёба на факультете, какие знания стали ключевыми в работе и как университет подготовил их к реальной жизни — всё это в [интервью](https://www.forbes.ru/special/yandex-education-fkn/?erid=F7NfYUJCUneLt1u3ZrPr) с выпускниками. Хотите получать полезные ссылки первыми — подпишитесь на [новостной чат-бот.](https://t.me/yaeducation_bot?start=n_113083__c_7527)",1315,document,4,True,"['https://education.yandex.ru/aihighreport', 'https://www.forbes.ru/special/yandex-education-fkn/?erid=F7NfYUJCUneLt1u3ZrPr', 'https://education.yandex.ru/research/girlsintech?utm_source=telegram&utm_medium=internal&utm_campaign=girlsintech&utm_content=16.12', 'https://t.me/yaeducation_bot?start=n_113083__c_7527']",11461,47,57,12.0,,,,,,,,,,2.0,6.0,,,,1.0,,,,20.0,,,16.0
Education_Yandex,Яндекс Образование,36000,1247,2024-12-15,16:58:36,2024-12-15 16:58:36+00:00,2025-12-01 02:50:20.227436,False,False,True,"Как учиться с искусственным интеллектом, немного разобрались. Теперь поговорим о том, как прокачать знания в ML. **⚙️ В чём нужно разбираться, чтобы освоить ML?** В азах программирования. Нужны навыки проектирования и завершения проектов на языке Python: в большинстве случаев код и скрипты пишут на нём. Отдельно стоит изучить SQL. Придётся постоянно работать с базами и хранилищами данных, а значит, умение использовать язык запросов сэкономит время и силы. Математика на уровне физмата — тоже мастхев. Её используют везде. Статистику — для оптимизации обработки данных. Теорию вероятностей — для количественной оценки многих алгоритмов машинного обучения. Углубить знания в математике поможет наш [хендбук](https://education.yandex.ru/handbook/math?utm_source=telegram&utm_medium=internal&utm_campaign=handbookmath&utm_content=15.12). **⚙️ С чего начать изучение ML?** Например, с материалов, о которых рассказали в [статье](https://education.yandex.ru/journal/how-to-ml?utm_source=telegram&utm_medium=internal&utm_campaign=journal&utm_content=15.12).",1054,photo,2,True,"['https://education.yandex.ru/journal/how-to-ml?utm_source=telegram&utm_medium=internal&utm_campaign=journal&utm_content=15.12', 'https://education.yandex.ru/handbook/math?utm_source=telegram&utm_medium=internal&utm_campaign=handbookmath&utm_content=15.12']",11859,173,67,,,11.0,,,,,,,,17.0,,,,,32.0,,,,,,,7.0
Education_Yandex,Яндекс Образование,36000,1241,2024-12-13,12:52:08,2024-12-13 12:52:08+00:00,2025-12-01 02:50:20.228601,False,False,True,"10 очков в пользу роботов 👾 Точнее, в пользу материала о том, как ИИ поможет прокачать учёбу. Эту тему вы выбрали [в прошлом посте.](https://t.me/Education_Yandex/1236) Дисклеймер: нейросеть, конечно, не сдаст экзамены за вас, но поможет, если правильно использовать её в своих целях. Как именно — рассказали в карточках.",321,photo,1,True,['https://t.me/Education_Yandex/1236'],9384,55,62,,,,,,,,,,,28.0,,,7.0,,12.0,,,,,,,15.0
Education_Yandex,Яндекс Образование,36000,1236,2024-12-11,16:45:21,2024-12-11 16:45:21+00:00,2025-12-01 02:50:20.228601,False,False,True,"Как это было: Сириус в гостях у Яндекса 🌟 У Яндекс Образования и ШАДа много друзей, и среди них — талантливые ребята из Сириуса. Мы с [Young&&Yandex](https://t.me/Young_and_Yandex) пригласили участников конкурса «Большие вызовы 2024», чтобы они погрузились в мир Яндекса и узнали об учёбе и карьере в ML. Вышла насыщенная трёхдневная офлайн-программа: • лекции от экспертов Яндекса, Сириуса и НИУ ВШЭ; • воркшоп с лауреатом международной премии для учёных и преподавателей Yandex ML Prize; • экскурсия в роболабораторию. А ещё общались и обменивались идеями на кофе-брейках, прогулялись по офису Яндекса и подсмотрели, как работает компания. Хотим поделиться материалами по темам лекций, чтобы и вы об этом узнали. О чём рассказать в первую очередь? 👾 — как использовать ИИ в образовании ⚡️ — способы качать знания в ML",819,photo,1,True,['https://t.me/Young_and_Yandex'],9947,27,145,,44.0,,,,,,,,,2.0,,,70.0,,15.0,,,,,,1.0,13.0
Education_Yandex,Яндекс Образование,36000,1235,2024-12-09,16:19:47,2024-12-09 16:19:47+00:00,2025-12-01 02:50:20.229604,False,False,True,"Ретроигры, математика и немного магии — так выглядит наше начало декабря. Пока кто-то прокачивает навыки в виртуальной Академии, другие готовятся к открытию выставки. Давайте посмотрим, что интересного будет на этой неделе. **👾 Добро пожаловать в Академию Техномагии Яндекса ** Новый волшебный мир в Роблоксе откроет для вас [мир IT](https://www.roblox.com/games/140495779507958/Yandex-Technomagic). Мини-игры, квизы, общение с мудрыми наставниками, антивирусные заклинания и телефон вместо волшебной палочки — такое обучение станет увлекательной игрой. **👾 Разработали **[**хендбук**](https://education.yandex.ru/handbook/math)** по математике совместно с ФКН ВШЭ** И поделились новым взглядом на эту науку. Идеально подойдёт для изучения или обновления знаний в высшей математике с нуля. **👾 Создали **[**ИИ-помощника**](https://education.yandex.ru/tutor/go?utm_source=smm&utm_medium=post&utm_campaign=math_start&utm_content=lp&utm_term=yo)** по математике, используя опыт лучших педагогов** Он покажет логику решения, поможет понять школьную программу и научит думать самостоятельно. А вот готовый ответ сразу не даст. **👾 Зовём на **[**выставку**](https://yandex.ru/museum/game_in_technology?utm_source=tg&utm_medium=yaeducation&utm_campaign=igra_techno&utm_content=post)** в Яндекс Музей** Открытие начнётся 10 декабря в 19:30 с дискуссии о влиянии дизайна интерфейсов на игры и игрушки. Обсудим влияние технического прогресса, ретроигр и геймификации на культуру и технологии. Если хотите больше, с нашим чат-ботом новости будут приходить к вам прямо в личные сообщения. Попробовать можно [здесь](https://t.me/yaeducation_bot?start=n_113083__c_7525).",1656,document,5,True,"['https://yandex.ru/museum/game_in_technology?utm_source=tg&utm_medium=yaeducation&utm_campaign=igra_techno&utm_content=post', 'https://education.yandex.ru/tutor/go?utm_source=smm&utm_medium=post&utm_campaign=math_start&utm_content=lp&utm_term=yo', 'https://www.roblox.com/games/140495779507958/Yandex-Technomagic', 'https://education.yandex.ru/handbook/math', 'https://t.me/yaeducation_bot?start=n_113083__c_7525']",12158,107,66,,,,,9.0,1.0,,,,,31.0,,,2.0,,5.0,,,,,,,18.0
Education_Yandex,Яндекс Образование,36000,1234,2024-12-09,09:53:57,2024-12-09 09:53:57+00:00,2025-12-01 02:50:20.229604,False,False,True,"Зачем учить математику? Чтобы стать такими же крутыми, как эти ребята, и поступить на [программу AI360 ](https://t.me/Education_Yandex/1083)— бакалавриат, где Яндекс, Сбер и ведущие вузы России — ИТМО, НИУ ВШЭ, МФТИ и Университет Иннополис — объединились, чтобы подготовить специалистов, которые смогут создавать принципиально новые фундаментальные модели и решения в области искусственного интеллекта.",402,document,1,True,['https://t.me/Education_Yandex/1083'],11633,138,122,,,,,,,,,,,3.0,,6.0,,,26.0,,,16.0,4.0,,,67.0
Education_Yandex,Яндекс Образование,36000,1233,2024-12-07,10:52:43,2024-12-07 10:52:43+00:00,2025-12-01 02:50:20.229604,False,False,True,,0,document,0,False,[],10310,11,51,,,,,,2.0,,,,,4.0,,,,,1.0,,,32.0,,,,12.0
Education_Yandex,Яндекс Образование,36000,1229,2024-12-07,09:01:01,2024-12-07 09:01:01+00:00,2025-12-01 02:50:20.229604,False,False,True,"В следующий раз, когда вам срочно понадобится найти рецепт шарлотки или посмотреть расписание игр любимой команды, вспомните о Яндекс Поиске! А точнее о тех, кто делает его таким быстрым и надёжным. Например, Кирилл Шапрунов, выпускник факультета компьютерных наук и эксперт [проекта](https://t.me/Education_Yandex/1221). Для него любая ситуация — это задача, которую можно решить. Даже если речь про выход дата-центра из строя! В таком случае важно, чтобы пользователи не заметили изменений и получали ответы так же быстро. Как у Кирилла это получается? Неожиданно, но с помощью математики! Читайте реальный кейс в карточках, а о причинах любви к точной науке слушайте в голосовом от эксперта.",694,photo,1,True,['https://t.me/Education_Yandex/1221'],8583,15,48,,,,,,,,,,,11.0,,,2.0,,22.0,,,4.0,,,,9.0
Education_Yandex,Яндекс Образование,36000,1228,2024-12-06,16:01:23,2024-12-06 16:01:23+00:00,2025-12-01 02:50:20.229604,False,False,True,"Математика — это ключ к технологиям. Нужно только научиться открывать им нужные двери. А для начала можно открыть [полку](https://books.yandex.ru/bookshelves/SRUkiJ9l) в [Яндекс Книгах ](https://t.me/booksyandex)— и посмотреть, что советуют эксперты по математике. Кстати, вот тизер списка. 📙 «Математика с дурацкими рисунками» — забавный подход сделает изучение математики лёгким и увлекательным. «Внутри автор и его кривые человечки рассказывают интересные истории о математике в мире вокруг» __Александра Доброхотова-Майкова, методист в Яндекс Учебнике__ 📙 «Голая статистика» — понятное введение в мир науки, которая помогает нам лучше понимать мир вокруг. «В ней нет большого количества сложных формул, но зато есть много примеров жизненных ситуаций, в которых нам могут помочь математика и теория вероятности» __Анна Антропова, руководитель группы аналитики продуктов для пользователей Яндекс Путешествий__ 📙 «Думай как математик» — книга, которая научит вас мыслить логично и принимать решения с математической точностью. «Книга рассказывает, как можно учиться эффективней и приятней. Кстати, математикам её читать тоже можно — найдёте много полезного» __Кирилл Шапрунов, разработчик в Яндекс Поиск__е",1207,photo,2,True,"['https://books.yandex.ru/bookshelves/SRUkiJ9l', 'https://t.me/booksyandex']",10815,177,55,,,10.0,,,,,,,,2.0,,,,,2.0,,,,1.0,,,40.0
Education_Yandex,Яндекс Образование,36000,1226,2024-12-06,12:18:58,2024-12-06 12:18:58+00:00,2025-12-01 02:50:20.230604,False,False,True,"Близится конец недели, задачки прирастают — и мысли о них не дают уснуть? Вот и у Вали так же 👇 В три часа ночи она поняла, что успокаивающий плейлист — последняя надежда. Онлайн-сервис музыки предложил ей популярную подборку недели. ▫️ 100 человек лайкнули «Звуки воды»; ▫️ 85 человек — «Треск камина»; ▫️ 90 человек — «Шум леса». При этом часть пользователей лайкнули больше одного плейлиста: ▫️ 48 человек и за «Звуки воды», и за «Треск камина»; ▫️ 15 человек и за «Треск камина», и за «Шум леса»; ▫️ 39 человек и за «Звуки воды», и за «Шум леса»; ▫️ 10 человек за все три плейлиста. Те, кто лайкнул все три, обязательно лайкнули и какие-то два, то есть входят в каждую из перечисленных выше групп. И вместо того, чтобы выбрать плейлист и заснуть, Валя задумалась: а сколько всего пользователей попали в эту статистику? Подумайте над ответом, а потом проверяйте догадки — ребята из «Практически математически» уже [всё решили](https://t.me/practicum_math/488)!",963,document,1,True,['https://t.me/practicum_math/488'],8616,25,60,,,,,,,,,,,3.0,,,,,24.0,,,18.0,,,2.0,13.0
Education_Yandex,Яндекс Образование,36000,1225,2024-12-05,15:00:16,2024-12-05 15:00:16+00:00,2025-12-01 02:50:20.230604,False,False,True,,0,document,0,False,[],8574,24,72,,,,,,,,1.0,,,3.0,,,31.0,,3.0,,3.0,,22.0,,2.0,7.0
Education_Yandex,Яндекс Образование,36000,1224,2024-12-05,13:57:06,2024-12-05 13:57:06+00:00,2025-12-01 02:50:20.230604,False,False,True,"Математика — это путеводитель по тайнам мироздания, позволяющий увидеть незримые закономерности. О её применении в работе, жизни и всём таком разговариваем с экспертом из [проекта](https://t.me/Education_Yandex/1221). Алексей Алексеев — финалист всероссийской олимпиады по математике. Сейчас он работает над тем, чтобы вам нравилось делать заказы в Яндекс Лавке. Как-то раз Алексею нужно было выяснить, почему на фестивале напитков упали продажи лимонада. Пришлось искать виноватых среди продукта, интерфейса и персонала, проводить расчёты. Пока в голову не пришел вопрос: а какая погода была за окном? Сначала это показалось банальным и смешным, но Алексей всё-таки проанализировал динамику температуры и продаж. Сильная корреляция между ними не смогла развеять тучи, но прояснила ситуацию 🌞 «И это забавно: когда привыкаешь к сложным аналитическим вещам, легко упустить самое простое решение». А ещё, Алексей в своём голосовом опроверг один из главных стереотипов о математике.",979,photo,1,True,['https://t.me/Education_Yandex/1221'],9312,30,65,,,,,,,24.0,,,,12.0,,,,8.0,1.0,,,,1.0,,,19.0
Education_Yandex,Яндекс Образование,36000,1223,2024-12-04,13:35:01,2024-12-04 13:35:01+00:00,2025-12-01 02:50:20.230604,False,False,True,"Что заканчивается в декабре кроме календарного года и учебной сессии? Правильно, первый сезон нашего подкаста «Непрошенный совет». В [первом](https://t.me/Education_Yandex/1162) выпуске мы нашли потерянного в горах Алтая ирбиса, во [втором](https://t.me/Education_Yandex/1173) — разгадали загадку чужого дневника. А сегодня будем разбираться, безопасно ли встраивать нейросети в медкарты, чему учат на цифровых кафедрах и причём здесь Яндекс Практикум. Нашими гидами по коллаборации ИИ и медицины стали Константин Кошечкин, профессор и руководитель проекта Цифровая кафедра Сеченовского университета, и Александр Родионов, руководитель Интерактивного учебника Яндекс Практикума. [Получилось](https://vk.com/video-84793390_456239793) увлекательно.",746,document,3,True,"['https://vk.com/video-84793390_456239793', 'https://t.me/Education_Yandex/1173', 'https://t.me/Education_Yandex/1162']",8853,21,48,,,,,,,,5.0,,,18.0,,,,,10.0,,,,,,,15.0
Education_Yandex,Яндекс Образование,36000,1222,2024-12-02,11:02:30,2024-12-02 11:02:30+00:00,2025-12-01 02:50:20.230604,False,False,True,"Декабрь только начался, а в воздухе уже предновогодняя суета. Но прежде чем погрузиться в атмосферу праздников, давайте посмотрим, что можно успеть сделать до конца года. **🔹 Присоединиться к новому «Уроку цифры» ** До 22 декабря школьники смогут узнать, как алгоритмы и машинное обучение помогают нам перемещаться по городу: строить короткие маршруты для такси и находить самый короткий путь. Всё это — в игровом формате, где можно самим попробовать сбалансировать спрос и предложение. Пройти урок можно по [ссылке](https://xn--h1adlhdnlo2c.xn--p1ai/lessons/kod-goroda?utm_source=telegram&utm_medium=internal&utm_campaign=uc2024&utm_content=02.12.24). **🔹 Посмотреть на борьбу за приз в 16 млн рублей в прямом эфире** 3 и 4 декабря лучшие разработчики встретятся на Yandex Cup 2024 в Ташкенте. А мы будем вести прямую трансляцию с места событий. Подключайтесь, чтобы вместе с экспертами-комментаторами наблюдать за долгожданными победами и ярким шоу. Начало — в 8:30 по Москве. • [Секция](https://youtube.com/live/fyTPohoAl6s?feature=share) «Алгоритм» • [Секция](https://www.youtube.com/live/gYUvY6OV7nM?feature=share) «Аналитика, бэкенд, фронтенд, мобильная разработка» • [Секция](https://www.youtube.com/live/lXpCTEhn1To) Machine Learning **🔹 Получать персонализированную рассылку** Переходите в [новостной чат-бот](https://t.me/yaeducation_bot?start=n_113083__c_7523), знакомьтесь с ним поближе — и после этого получайте подобранные для вас анонсы курсов и мероприятий. Уверены, это будет полезное общение.",1510,document,5,True,"['https://www.youtube.com/live/gYUvY6OV7nM?feature=share', 'https://www.youtube.com/live/lXpCTEhn1To', 'https://t.me/yaeducation_bot?start=n_113083__c_7523', 'https://youtube.com/live/fyTPohoAl6s?feature=share', 'https://xn--h1adlhdnlo2c.xn--p1ai/lessons/kod-goroda?utm_source=telegram&utm_medium=internal&utm_campaign=uc2024&utm_content=02.12.24']",11395,26,34,,,,,,,,,,,3.0,,,,,19.0,,,,,,,12.0
Education_Yandex,Яндекс Образование,36000,1221,2024-12-01,09:00:20,2024-12-01 09:00:20+00:00,2025-12-01 02:50:20.231606,False,False,True,"Мы в Яндекс Образовании учим создавать и использовать новые технологии. В основе каждой такой технологии лежит математика. Иногда это даже незаметно, но она там есть. Вычисления, формулы, матрицы, задачи — всё это создаёт мир. Как это происходит? И как поддержать мотивацию при изучении нового? Чтобы найти ответы, мы [поговорили](https://clck.ru/3EukJx) со специалистами из разных сервисов Яндекса: в своих историях они рассказали о вдохновении, лайфхаках для учёбы, полезных книгах и о том, как математика помогает им в работе и жизни. Читайте заметки, слушайте голосовые и открывайте для себя математику заново — кто знает, чем она ещё сможет вас удивить.",658,document,1,True,['https://clck.ru/3EukJx'],11598,51,68,,4.0,,,,,3.0,,,,2.0,,,,,12.0,,,,,,,47.0
